// SPDX-License-Identifier: GPL-2.0+
/*
 * Synopsys DesignWare DDR PHY training firmware for Allwinner A733
 * Automatically generated at build time from clean C source:
 *   arch/arm/mach-sunxi/pmu/pmu_*.c
 */

#ifndef _DRAM_SUN60I_A733_FW_H
#define _DRAM_SUN60I_A733_FW_H

#include <linux/types.h>

#define SUN60I_A733_LPDDR5_FW_SIZE 59226
static const u16 sun60i_a733_lpddr5_fw[] = {
    0x00b8, 0x0000, 0x0064, 0x0000, 0x0064, 0x0000, 0x0064, 0x0000,
    0x0064, 0x0000, 0x0064, 0x0000, 0x0064, 0x0000, 0x0064, 0x0000,
    0x0064, 0x0000, 0x0064, 0x0000, 0x0064, 0x0000, 0x0064, 0x0000,
    0x0064, 0x0000, 0x0064, 0x0000, 0x0064, 0x0000, 0x0064, 0x0000,
    0x0050, 0x0000, 0x0050, 0x0000, 0x0050, 0x0000, 0x0050, 0x0000,
    0x264a, 0x7000, 0x264a, 0x7000, 0x264a, 0x7000, 0x264a, 0x7000,
    0x2069, 0x0040, 0x220a, 0x0f80, 0x8000, 0x0000, 0x230a, 0x0f80,
    0x1234, 0xdead, 0x1a00, 0x00c0, 0x7444, 0x23aa, 0x0010, 0x1a00,
    0x00c0, 0x7444, 0x23aa, 0x00d0, 0x1a00, 0x00c0, 0x7444, 0x1a00,
    0x0000, 0x7444, 0x1a00, 0x0040, 0x7444, 0x1a00, 0x0700, 0x7444,
    0x1a00, 0x06c0, 0x7444, 0x230a, 0x0f80, 0xabcd, 0xdead, 0x1a00,
    0x00c0, 0x2069, 0x0040, 0x78e0, 0x700c, 0x702c, 0x704c, 0x706c,
    0x704d, 0x706d, 0x708d, 0x70ad, 0x70cd, 0x70ed, 0x704f, 0x706f,
    0x708f, 0x254a, 0x3000, 0x264a, 0x3000, 0x70ef, 0x44db, 0x8001,
    0x0000, 0x42db, 0x8000, 0x0400, 0x706f, 0x2022, 0x0f80, 0x0000,
    0x8194, 0x2069, 0x0040, 0x78e0, 0xf1fd, 0x78e0, 0x1600, 0x7081,
    0x8000, 0x0008, 0x792f, 0x6937, 0x0811, 0x0052, 0x2142, 0x0042,
    0x621a, 0x2a05, 0x0040, 0x7ee0, 0x7813, 0x2804, 0x0040, 0x7813,
    0x7ee0, 0x78e0, 0x2044, 0x0fc2, 0xa941, 0x2841, 0x01c2, 0xb826,
    0xbac2, 0xb8c0, 0x621a, 0xa940, 0x7ee0, 0x78e0, 0x8840, 0xe98c,
    0x7a4b, 0x7ce0, 0xbae0, 0x7de0, 0x8821, 0x7744, 0xe140, 0xa840,
    0xa821, 0x7ee0, 0xbae0, 0xf5fa, 0x7ee0, 0x78e0, 0x714c, 0xba1f,
    0x9283, 0x70d3, 0x0003, 0x0d40, 0x28c1, 0x016d, 0x20dc, 0x0f8d,
    0x0a7c, 0x5ac5, 0x28c1, 0x01ed, 0x7c90, 0x20df, 0x030d, 0x28c5,
    0x052d, 0x8a68, 0x20da, 0x030e, 0x7b6f, 0x20dc, 0x0f8e, 0x431b,
    0xde83, 0x6b81, 0x28c1, 0x04ee, 0x6098, 0x2805, 0x00c0, 0x2200,
    0x0f83, 0x0000, 0x0a00, 0x137c, 0x0083, 0x6981, 0x262f, 0xf0c7,
    0xf211, 0x8a61, 0xbbe3, 0xf40f, 0x2296, 0x0006, 0x1264, 0x8083,
    0x232f, 0x80c7, 0xf207, 0x1265, 0x8082, 0x7a4f, 0x7b4a, 0x231f,
    0x004c, 0x7410, 0x20ca, 0x0306, 0x7ee0, 0x78e0, 0x208c, 0x82c5,
    0xf7d5, 0x208c, 0x84c8, 0xf7d8, 0x208c, 0x87cc, 0xf7d6, 0x208c,
    0x81dc, 0x732c, 0x20ca, 0x016e, 0xf7cb, 0x70d3, 0x0000, 0x0897,
    0x20ca, 0x01ae, 0x20ca, 0x01ed, 0xf003, 0x702c, 0x6902, 0x6814,
    0x7825, 0x7ee0, 0x712c, 0xf1fc, 0x722c, 0xf1fa, 0x627a, 0x7b5d,
    0xa860, 0xbaa0, 0x623a, 0x8a21, 0x8a40, 0x6159, 0x793d, 0xa821,
    0x7ee0, 0x78e0, 0x1cfc, 0xb6c8, 0xc7e1, 0xc6e1, 0xc5e1, 0xc1a7,
    0xc043, 0xc144, 0xc245, 0xc346, 0x1600, 0x7080, 0x8000, 0x0015,
    0x47cb, 0x8000, 0x6318, 0xb8e0, 0x1600, 0x7080, 0x8000, 0x09b8,
    0x76df, 0xffff, 0xffd4, 0x780f, 0xc040, 0x1600, 0x7080, 0x8000,
    0x0b68, 0x1600, 0x7081, 0x8000, 0x0b69, 0x26ca, 0x1f81, 0xffff,
    0xff80, 0x792f, 0xc142, 0x2604, 0x1f81, 0x0000, 0x00d4, 0xc141,
    0x780f, 0x4197, 0x0913, 0x0005, 0xc0a7, 0xc5c1, 0xc6c1, 0xc7c1,
    0x1404, 0x341b, 0x7ee0, 0x4187, 0x0993, 0x0006, 0x429f, 0x7910,
    0x22f4, 0x005b, 0x205f, 0x0143, 0x201f, 0x0f8b, 0x0000, 0x2120,
    0x6b71, 0x704d, 0x2700, 0x12cc, 0x2400, 0x1f81, 0x0000, 0x0200,
    0x117c, 0x0082, 0x222f, 0x8087, 0x22ca, 0x0021, 0x21ca, 0x0021,
    0xf215, 0x8c20, 0x792f, 0x0a25, 0x0050, 0x0a1d, 0x00d1, 0x8c41,
    0xc501, 0x8c82, 0x7a4f, 0x7c8f, 0x7a22, 0x7d82, 0x72b1, 0x21ca,
    0x030b, 0xf684, 0x704c, 0xf003, 0x42c1, 0xc504, 0x7145, 0x2514,
    0x10de, 0x615d, 0x2d44, 0x108d, 0x7163, 0x7263, 0x7563, 0x1e00,
    0x3344, 0xc505, 0x2396, 0x1a81, 0x7d74, 0xb520, 0x4597, 0x2114,
    0x00cc, 0xb440, 0x7164, 0x0a91, 0x9291, 0x7104, 0xf1ab, 0x78e0,
    0xc7e1, 0xc6e1, 0xc5e1, 0x1082, 0x008e, 0x1083, 0x008d, 0x44c9,
    0x78d4, 0x6ee1, 0x4208, 0x1200, 0x108b, 0x0b19, 0x1345, 0x1201,
    0x108b, 0x0d11, 0x12c5, 0x2257, 0x104a, 0x2780, 0x9fff, 0xf5f5,
    0x2742, 0x104a, 0xe6bf, 0xf70f, 0x4708, 0x1700, 0x108b, 0x0b17,
    0x1345, 0x1701, 0x108b, 0x0d0f, 0x12c5, 0x7185, 0x72e5, 0xe4c0,
    0xf5f5, 0x7a4b, 0x22ca, 0x0f81, 0x8000, 0x0037, 0x72df, 0x8000,
    0x0052, 0x7174, 0x22c0, 0x0121, 0x7134, 0x8821, 0x8800, 0x79a2,
    0x22c0, 0x00a1, 0x7d02, 0x8a60, 0x2109, 0x0340, 0x8a21, 0x7ecd,
    0x7b6f, 0x7c8d, 0x272f, 0x1285, 0x7cc2, 0x792f, 0x7ee2, 0x2409,
    0x138c, 0x7c8f, 0x0c07, 0x10c5, 0xaa80, 0x780f, 0x0807, 0x0045,
    0xaa01, 0xc5c1, 0xc6c1, 0xc7c1, 0x7ee0, 0x78e0, 0x1cfc, 0xb6c8,
    0xc7e1, 0xc6e1, 0xc5e1, 0xc1a1, 0x7b14, 0x8be0, 0x8b61, 0xc340,
    0x7770, 0x01ca, 0x0006, 0x7730, 0x01c2, 0x000d, 0x7330, 0x01be,
    0x000e, 0x2940, 0x020a, 0x706d, 0x2205, 0x100a, 0x776c, 0xdeff,
    0x1200, 0x015e, 0x1202, 0x015b, 0x0b67, 0x3782, 0x262f, 0x3785,
    0x2a41, 0x120c, 0x252f, 0x1285, 0x260c, 0xb300, 0x2502, 0x12cd,
    0x24c2, 0x178d, 0x0176, 0x000d, 0x232f, 0x36c5, 0x230c, 0xb300,
    0x0166, 0x0005, 0x232f, 0x3349, 0x708d, 0x2353, 0x31db, 0x1600,
    0x711e, 0x8000, 0x0422, 0x7dac, 0x251a, 0x178d, 0x1600, 0x711e,
    0x8000, 0x0420, 0x7c8c, 0x241a, 0x178c, 0x659d, 0x44c9, 0x73b1,
    0x25ca, 0x10ce, 0x7673, 0x43a1, 0x24ca, 0x16cd, 0x7e8f, 0x1204,
    0x015e, 0x1206, 0x015b, 0x0b69, 0x3782, 0x262f, 0x3785, 0x2a41,
    0x120c, 0x252f, 0x1285, 0x260c, 0xb300, 0x2502, 0x12cd, 0x24c2,
    0x178d, 0x0114, 0x000d, 0x232f, 0x36c5, 0x230c, 0xb300, 0x0104,
    0x0005, 0x232f, 0x3349, 0x708d, 0x2353, 0x31db, 0x1600, 0x711e,
    0x8000, 0x0422, 0x7dac, 0x251a, 0x178d, 0x1600, 0x711e, 0x8000,
    0x0420, 0x7c8c, 0x241a, 0x178c, 0x659d, 0x44c9, 0x73b1, 0x25ca,
    0x10ce, 0x7673, 0x43a1, 0x24ca, 0x16cd, 0x7e8f, 0x7165, 0xe208,
    0x2352, 0x91be, 0xf58e, 0x7730, 0x24ca, 0x1f86, 0x0000, 0x00ff,
    0xf747, 0xc400, 0x49f7, 0x7c22, 0x7791, 0x24ca, 0x13ce, 0x1600,
    0x710b, 0x8000, 0x0422, 0x2040, 0x004a, 0x1600, 0x710d, 0x8000,
    0x0420, 0x221f, 0x128a, 0x7f13, 0xe740, 0x7fec, 0x2353, 0x13cb,
    0xda80, 0x221a, 0x12ca, 0x271f, 0x12cf, 0x7a22, 0x7a4c, 0x7aaa,
    0x220c, 0x93c0, 0x27ca, 0x128e, 0x7750, 0x22ca, 0x03ce, 0x7270,
    0x23ca, 0x008e, 0x1600, 0x7082, 0x8000, 0x000e, 0xbae0, 0xf409,
    0x7124, 0x792a, 0x79aa, 0x7330, 0x21ca, 0x00ce, 0x4320, 0x7610,
    0x41c1, 0x21ca, 0x000d, 0x204e, 0x0fc0, 0x792f, 0x7110, 0x20ca,
    0x004e, 0x73d3, 0x00ff, 0xffff, 0x6098, 0x772c, 0xb8c7, 0xb9d7,
    0x21ca, 0x00ce, 0xb908, 0x7825, 0x7487, 0xc5c1, 0xc6c1, 0xc7c1,
    0x1404, 0x341b, 0x7ee0, 0x2402, 0x16cc, 0x234a, 0x3fc0, 0xf151,
    0x2402, 0x16cc, 0x234a, 0x3fc0, 0xf182, 0x700c, 0xf1ee, 0x78e0,
    0xc7e1, 0xc6e1, 0xc5e1, 0x706c, 0x7a70, 0xdc7f, 0x2016, 0x0082,
    0xb280, 0x1a02, 0x0005, 0xb282, 0x1a06, 0x0005, 0x7164, 0xe3c0,
    0xf5f4, 0x718d, 0x2114, 0x0302, 0x8ae0, 0x8ac1, 0x0edf, 0x13c4,
    0x2742, 0x1043, 0x7d90, 0x2016, 0x034d, 0xb561, 0x12fe, 0x8083,
    0x1202, 0x008a, 0x7164, 0x7145, 0x2309, 0x0283, 0x73f1, 0x23ca,
    0x03c9, 0x7764, 0xb560, 0x6e61, 0xb562, 0x1203, 0x0083, 0x12ff,
    0x808f, 0x7764, 0x77e5, 0x7a6e, 0x7bee, 0x2208, 0x00c2, 0x72d1,
    0x22ca, 0x038b, 0x7144, 0xb543, 0x7185, 0x0cad, 0x9fd1, 0x8980,
    0x8961, 0x0bbd, 0x0304, 0x2442, 0x1042, 0xb041, 0x89a2, 0x6dc1,
    0x74d1, 0x22ca, 0x0346, 0xb040, 0x6b41, 0xb042, 0x8983, 0x2442,
    0x104d, 0x7570, 0x22ca, 0x030a, 0xb043, 0x117e, 0x008c, 0x117f,
    0x0083, 0x0b9f, 0x0304, 0x2442, 0x1042, 0x18fd, 0x009c, 0x117c,
    0x008d, 0x6dc1, 0x74d1, 0x22ca, 0x0346, 0x18fc, 0x009c, 0x6b41,
    0x18fe, 0x009c, 0x117d, 0x0081, 0x2142, 0x004c, 0x7470, 0x22ca,
    0x004a, 0x18ff, 0x009c, 0x714c, 0x7950, 0x2016, 0x0041, 0x9960,
    0x7774, 0xf406, 0xdb7f, 0x1902, 0x0005, 0xb160, 0x7144, 0x0aed,
    0x8fd1, 0xc5c1, 0xc6c1, 0xc7c1, 0x7ee0, 0x8aa2, 0x8a63, 0x0b15,
    0x0344, 0x7b90, 0x2016, 0x00c3, 0xb3a0, 0x1203, 0x008d, 0xb3a1,
    0x12fe, 0x808d, 0x12ff, 0x8083, 0x0b51, 0x8344, 0x7b90, 0x2016,
    0x00c3, 0xb3a0, 0x12ff, 0x8082, 0xb341, 0xf1a0, 0x8942, 0x8963,
    0x0b6b, 0x8084, 0xb040, 0x1103, 0x0082, 0xb041, 0xf1af, 0x117c,
    0x0082, 0x117d, 0x0083, 0x0b93, 0x8084, 0x18fc, 0x009c, 0x117d,
    0x0081, 0x18fd, 0x005c, 0xf1c1, 0xc6e1, 0xc5e1, 0x215f, 0x0241,
    0x6931, 0x2172, 0x0f82, 0x8000, 0x0a7e, 0x706c, 0x89a1, 0x7a04,
    0x7224, 0x0b0f, 0x0344, 0x4040, 0xc5c1, 0xc6c1, 0x7ee0, 0x7c70,
    0x2114, 0x030c, 0x8cc0, 0x7e0b, 0xf205, 0x8c81, 0x220f, 0x0302,
    0x7a4f, 0x7164, 0xf1ef, 0x78e0, 0x1800, 0x0001, 0x1804, 0x0001,
    0x1808, 0x0001, 0x180c, 0x0001, 0x7ee0, 0x78e0, 0xc0f1, 0xc6e1,
    0xc5e1, 0xc1a3, 0x1c08, 0x3001, 0x1c04, 0x3001, 0x1c00, 0x3001,
    0x4508, 0x46cb, 0x8000, 0x045c, 0x706c, 0x744c, 0xd907, 0xd841,
    0xb813, 0x0c6a, 0x0540, 0x1e00, 0x1043, 0x1c08, 0x3001, 0x1c04,
    0x3001, 0x1c00, 0x3001, 0x706c, 0x744c, 0xd907, 0x40a1, 0x0c4e,
    0x0540, 0x1e00, 0x1003, 0x1c08, 0x3001, 0x1c04, 0x3001, 0x1c00,
    0x3001, 0x706c, 0x744c, 0xd907, 0x40a1, 0x0c32, 0x0540, 0x1c08,
    0x3001, 0x1c04, 0x3001, 0x1c00, 0x3001, 0x706c, 0x744c, 0xd907,
    0x40c3, 0x0008, 0x0080, 0x0c16, 0x0540, 0xc0a3, 0xc5c1, 0xc6c1,
    0xc0d1, 0x7ee0, 0xc0f1, 0xc1a3, 0x1c08, 0x3001, 0x1c04, 0x3001,
    0x1c00, 0x3001, 0x706c, 0x704c, 0xd907, 0x700c, 0x0bee, 0x0540,
    0xc0a3, 0xc0d1, 0x7ee0, 0x78e0, 0xc0f1, 0xc1a3, 0x1c08, 0x3281,
    0x1c04, 0x3001, 0x1c00, 0x3001, 0x706c, 0x744c, 0xd907, 0x700c,
    0x0bca, 0x0540, 0x1c08, 0x3001, 0x1c04, 0x3001, 0x1c00, 0x3001,
    0x706c, 0x744c, 0xd907, 0x710c, 0xb80f, 0x0bb2, 0x0540, 0x1c08,
    0x3001, 0x1c04, 0x3001, 0x1c00, 0x3001, 0x706c, 0xda08, 0xd907,
    0x700c, 0x0b9a, 0x0540, 0x1e00, 0x7003, 0x8000, 0x045c, 0x1c08,
    0x3001, 0x1c04, 0x3001, 0x1c00, 0x3001, 0x706c, 0x744c, 0xd907,
    0x700c, 0x0b7a, 0x0540, 0xc0a3, 0xc0d1, 0x7ee0, 0xc0f1, 0x1cfc,
    0xb6c8, 0xc7e1, 0xc6e1, 0xc5e1, 0xc1a2, 0xc041, 0x4728, 0x4358,
    0x70cd, 0x70ad, 0x1600, 0x7102, 0x8000, 0x00f2, 0x1600, 0x7100,
    0x8000, 0x00e8, 0x1600, 0x7101, 0x8000, 0x00ea, 0x7845, 0x7825,
    0x262f, 0xf008, 0xf219, 0x418f, 0x2514, 0x1380, 0x2115, 0x0000,
    0x1300, 0x3103, 0x9041, 0x9020, 0x9700, 0x1c00, 0x30c1, 0x2514,
    0x10c3, 0x6812, 0x73c3, 0x0002, 0x0800, 0xb8cf, 0x08ca, 0x0540,
    0x9700, 0x7104, 0xb700, 0x6d01, 0x71ad, 0x08ad, 0x8091, 0x1300,
    0x3100, 0x7104, 0x1b00, 0x3004, 0x6e01, 0x71cd, 0x0897, 0x8091,
    0xc0a2, 0xc5c1, 0xc6c1, 0xc7c1, 0x1404, 0x341b, 0xc0d1, 0x7ee0,
    0x4300, 0x7a4b, 0x7ce0, 0x1b01, 0x0052, 0x7744, 0xf1fb, 0x78e0,
    0x4300, 0x7a4b, 0x7ce0, 0x1101, 0x048c, 0x7744, 0x1b01, 0x0312,
    0xf1f9, 0x78e0, 0x40c3, 0x9004, 0x00f2, 0x1800, 0x0045, 0x1800,
    0x0005, 0x7ee0, 0x6831, 0xd8e4, 0x783a, 0xb8c1, 0x7ee0, 0x78e0,
    0x6038, 0x702c, 0x8860, 0x7124, 0x7b44, 0x1836, 0x00d2, 0x09f9,
    0x8111, 0x7ee0, 0x6038, 0x702c, 0x8860, 0x7124, 0x7b45, 0x1836,
    0x00d2, 0x09f9, 0x8111, 0x7ee0, 0x702c, 0x2000, 0x0f83, 0x8000,
    0x09a4, 0x2096, 0x0f02, 0x7810, 0x6811, 0x1336, 0x0482, 0x204f,
    0x07cc, 0x7a4f, 0xb440, 0x7124, 0xe06c, 0x09f3, 0x8111, 0x7ee0,
    0xe807, 0x1600, 0x7081, 0x8000, 0x0404, 0x7104, 0x7839, 0x21aa,
    0x00c4, 0xb9e0, 0xf409, 0x26ab, 0x70c4, 0x0000, 0x0002, 0x26ab,
    0x70c4, 0x0000, 0x0001, 0x0811, 0x0415, 0x1600, 0x7100, 0x9004,
    0x0048, 0x7ee0, 0x21aa, 0x0104, 0x7b32, 0x0b2d, 0x0005, 0x22aa,
    0x0144, 0x22aa, 0x0104, 0x0aff, 0x8045, 0x22aa, 0x0144, 0x7862,
    0x21aa, 0x0104, 0x7110, 0x20e0, 0x07c6, 0x21aa, 0x0144, 0x09f5,
    0x8080, 0x7ee0, 0x22aa, 0x0144, 0x6038, 0xf1f4, 0x1600, 0x7080,
    0x8000, 0x0001, 0xb8e0, 0x7ce0, 0xc0f1, 0xd80a, 0x0f86, 0xffcf,
    0x1e00, 0x7045, 0x9005, 0xe0a4, 0x1e00, 0x7005, 0x9005, 0xe0a4,
    0xc0d1, 0x7ee0, 0xc0f1, 0x0efa, 0xff8f, 0xc0d1, 0x0765, 0xffcf,
    0xc0f1, 0xd810, 0x0f36, 0xffcf, 0xda41, 0xd910, 0x40c3, 0x8000,
    0x09a4, 0x0f16, 0xffcf, 0xdaf3, 0xd910, 0x40c3, 0x8000, 0x09a4,
    0x0ef2, 0xffcf, 0xd829, 0x0f16, 0xffcf, 0xda1f, 0xd929, 0x40c3,
    0x8000, 0x09a4, 0x0ede, 0xffcf, 0x238a, 0x0ff7, 0x42c3, 0xfffe,
    0xffff, 0x702c, 0x40c3, 0x8000, 0x09a4, 0x0bf6, 0x0580, 0x702c,
    0x40c3, 0x0000, 0x4e20, 0x0fa2, 0xffcf, 0xd829, 0xc0d1, 0x0481,
    0x0500, 0x78e0, 0xc0f1, 0xc5e1, 0x45cb, 0x9004, 0x0144, 0x9500,
    0x206c, 0x0040, 0xb880, 0x1e00, 0x7004, 0x9004, 0x01f0, 0x740c,
    0x0ee2, 0xffcf, 0xd81f, 0x0ede, 0xffcf, 0x1d00, 0x1045, 0xc5c1,
    0xc0d1, 0x7ee0, 0x1e00, 0x7005, 0x9004, 0x0062, 0x1600, 0x7100,
    0x9004, 0x0042, 0x262f, 0xf008, 0xf3fa, 0x1e00, 0x7005, 0x9004,
    0x0040, 0x702c, 0x40c3, 0x0000, 0x1388, 0x073d, 0xffcf, 0x78e0,
    0x1600, 0x7102, 0x8000, 0x0006, 0x1600, 0x7081, 0x8000, 0x0008,
    0x784a, 0x212f, 0x8047, 0x21ca, 0x00a1, 0x219f, 0x041f, 0x2805,
    0x0040, 0x7104, 0x7ee0, 0x78e0, 0x1cfc, 0xb6c8, 0xc7e1, 0xc6e1,
    0xc5e1, 0xc1a4, 0x4100, 0x1600, 0x7080, 0x8000, 0x0460, 0x704c,
    0x780f, 0x780b, 0xf4bf, 0x1600, 0x710c, 0x8000, 0x045e, 0x1600,
    0x7083, 0x8000, 0x0468, 0x1600, 0x708d, 0x8000, 0x045b, 0x7c90,
    0x7daf, 0x2579, 0x100d, 0xb1b3, 0x9103, 0x91c4, 0x91e5, 0xb8c6,
    0xbf0e, 0x6ed7, 0x78e5, 0x2604, 0x1f8e, 0x0000, 0x3f80, 0x78c5,
    0x91c6, 0x1c00, 0x3004, 0x9107, 0xbec3, 0x6814, 0x78c5, 0x1c02,
    0x3004, 0x9107, 0x1104, 0x011b, 0xb82c, 0xb8c0, 0x1c04, 0x3004,
    0x9100, 0x1102, 0x010b, 0x1124, 0x010a, 0x91f4, 0x91d1, 0xbd0a,
    0x6814, 0x2b40, 0x31db, 0x2044, 0x0400, 0x232f, 0x36c5, 0x2b40,
    0x114b, 0x2005, 0x06c0, 0x2a40, 0x120a, 0x78a5, 0x2284, 0x100c,
    0xdd60, 0xbf0b, 0x2304, 0x134b, 0x2704, 0x1f8f, 0x0000, 0x0800,
    0x2005, 0x02c0, 0xbe0c, 0x2005, 0x0280, 0x2604, 0x1f8e, 0x0000,
    0x7000, 0x78e5, 0x78c5, 0x1c06, 0x3004, 0x910b, 0x91cc, 0x91ed,
    0xb8c6, 0xbf0e, 0x6ed7, 0x78e5, 0x2604, 0x1f8e, 0x0000, 0x3f80,
    0x78c5, 0x91ce, 0x1c08, 0x3004, 0x910f, 0xbec3, 0x6814, 0x78c5,
    0x1c0a, 0x3004, 0x910f, 0x1114, 0x010b, 0xb82c, 0xb8c0, 0x1c0c,
    0x3004, 0x9108, 0x1112, 0x010a, 0x91f0, 0x2a40, 0x114a, 0x91d1,
    0x2504, 0x128d, 0x6814, 0x2b40, 0x11cb, 0x2044, 0x0400, 0x232f,
    0x12c5, 0x2005, 0x02c0, 0x78a5, 0x2f40, 0x120d, 0x2584, 0x100c,
    0x78a5, 0x6eb7, 0x2504, 0x1f8d, 0x0000, 0x7c00, 0x78a5, 0x1c0e,
    0x3004, 0x262f, 0x90c7, 0x4081, 0xf22a, 0x0e3d, 0x1051, 0x1600,
    0x7003, 0x8000, 0x0464, 0x635b, 0x0b45, 0x0213, 0x1e00, 0x7003,
    0x8000, 0x0460, 0x2304, 0x8f81, 0x8000, 0x0007, 0x21c2, 0x0064,
    0x21c5, 0x0f84, 0xffff, 0xfff8, 0x21c0, 0x0064, 0x1e00, 0x7040,
    0x8000, 0x0464, 0xc0a4, 0xc5c1, 0xc6c1, 0xc7c1, 0x1404, 0x341b,
    0x7ee0, 0x2042, 0x0043, 0x7144, 0x7864, 0xf13d, 0x6cb1, 0x700c,
    0x2505, 0x1f8d, 0x9008, 0x2000, 0xc784, 0x7f14, 0x17f0, 0x910f,
    0x2514, 0x1003, 0xb3e0, 0x7104, 0x08f1, 0x8211, 0x4c18, 0x1e00,
    0x7004, 0x8000, 0x045e, 0x9172, 0x234b, 0x80c0, 0xf20a, 0x9132,
    0x2606, 0x7041, 0x0000, 0x0001, 0x1e00, 0x7042, 0x8000, 0x0469,
    0x0e39, 0x1051, 0x1e00, 0x7005, 0x8000, 0x0dbc, 0x43c3, 0x8000,
    0x0464, 0x4164, 0x1e00, 0x7003, 0x8000, 0x0460, 0x6159, 0x2104,
    0x8f81, 0x8000, 0x0007, 0x21c2, 0x0064, 0x21c5, 0x0f84, 0xffff,
    0xfff8, 0x21c0, 0x0064, 0xa320, 0x7810, 0xf1b6, 0xc0f1, 0xc7e1,
    0xc6e1, 0xc5e1, 0xc1ab, 0x4508, 0x4648, 0x4728, 0xda2a, 0x702c,
    0x4083, 0x0bb2, 0xffcf, 0x1500, 0x1080, 0xbee0, 0x1c06, 0x3004,
    0x1501, 0x1080, 0x1c08, 0x3004, 0x1502, 0x1080, 0x1c16, 0x3004,
    0x1503, 0x1080, 0x1c18, 0x3004, 0xf40c, 0x1c1a, 0x33c4, 0x4083,
    0x0d9a, 0xffcf, 0xc0ab, 0xc5c1, 0xc6c1, 0xc7c1, 0xc0d1, 0x7ee0,
    0x1c0a, 0x33c4, 0xbee1, 0xf3f5, 0xf1f1, 0x78e0, 0x1600, 0x7100,
    0x9018, 0x0008, 0xb8e0, 0xf5fc, 0x1e00, 0x7045, 0x9018, 0x0066,
    0x1600, 0x7100, 0x9018, 0x0008, 0xb8e0, 0xf3fc, 0x7ee0, 0x78e0,
    0x1600, 0x7081, 0x8000, 0x0012, 0x792f, 0x218c, 0x8203, 0xf70e,
    0xc0f1, 0x1e00, 0x7004, 0x9018, 0x0064, 0x1e00, 0x7005, 0x9018,
    0x0066, 0x0fbe, 0xffcf, 0xc0d1, 0x0415, 0xffcf, 0xc1a2, 0xc240,
    0xc341, 0xc0a2, 0x7ee0, 0x78e0, 0x1600, 0x7082, 0x8000, 0x000e,
    0x7a4d, 0x6a59, 0xea83, 0x700c, 0x7ee0, 0xc5e1, 0x1082, 0x008c,
    0x1083, 0x0083, 0x798d, 0x0a4b, 0x0052, 0x091f, 0x0012, 0x4181,
    0x2014, 0x004c, 0x8ca1, 0x0d15, 0x10c4, 0x8c80, 0x0b0d, 0x0304,
    0x7724, 0x7734, 0xf5f6, 0x702c, 0x6159, 0x7a2f, 0x1882, 0x0082,
    0xe2bf, 0xf70c, 0x2014, 0x0041, 0x8901, 0x0811, 0x00c4, 0x8900,
    0x7070, 0x20ca, 0x002e, 0xf7c3, 0xd807, 0xc5c1, 0x7ee0, 0xe1bf,
    0xf62b, 0x2014, 0x004c, 0x8ca1, 0x0dd1, 0x90c4, 0x8c80, 0x0bcd,
    0x8304, 0x09c9, 0x8fd0, 0x7124, 0xf1f5, 0x78e0, 0xc0f1, 0x1cfc,
    0xb6c8, 0xc7e1, 0xc6e1, 0xc5e1, 0xc1a1, 0x1600, 0x7103, 0x8000,
    0x000a, 0xbb26, 0xbbc1, 0x7174, 0x23ca, 0x0061, 0xf204, 0x7374,
    0x23ca, 0x00a2, 0xaa60, 0xde3f, 0x70ed, 0x708d, 0x704c, 0x7b50,
    0x2014, 0x00c3, 0x8b61, 0xeb07, 0x7c8b, 0x7e4f, 0x718d, 0x27ca,
    0x1381, 0x7144, 0xe2c0, 0xf5f5, 0x4ef2, 0xe28b, 0x20ca, 0x01ac,
    0xf6d8, 0x4528, 0x4318, 0x4100, 0x43e1, 0x42c1, 0x40a1, 0x0b02,
    0xff8f, 0x8d00, 0x42c1, 0x4300, 0xc040, 0x4163, 0x6d02, 0x0af2,
    0xff8f, 0x4387, 0x6d04, 0x42e1, 0x4163, 0x0ae6, 0xff8f, 0x700c,
    0x7487, 0xc5c1, 0xc6c1, 0xc7c1, 0x1404, 0x341b, 0xc0d1, 0x7ee0,
    0xc0f1, 0x1cfc, 0xb6c8, 0xc7e1, 0xc6e1, 0xc5e1, 0x2495, 0x3dfd,
    0xc142, 0xc041, 0x2440, 0x36c2, 0xc187, 0x0f56, 0xffcf, 0xc045,
    0x08b3, 0x0011, 0x418f, 0x2455, 0x325b, 0x4063, 0x0e56, 0xff8f,
    0x438f, 0x4197, 0x13f8, 0xb080, 0x4263, 0x0c66, 0xff8f, 0xc701,
    0xc040, 0x70cd, 0x70ad, 0x8f00, 0x4197, 0x081f, 0x0045, 0x8f01,
    0x0917, 0x0005, 0x438f, 0x4263, 0x40c1, 0x0c46, 0xff8f, 0x0d0b,
    0x1005, 0xc640, 0x4508, 0xe608, 0xe710, 0xe6c0, 0xf5ed, 0x1c10,
    0x3081, 0x746f, 0x4087, 0x2000, 0x06cf, 0xc743, 0xe7bf, 0xf70b,
    0x438f, 0x4197, 0xc289, 0x40e1, 0x0c16, 0xff8f, 0x4608, 0x0d0d,
    0x1004, 0xc700, 0x46a9, 0xc743, 0x2702, 0x16c0, 0xc040, 0xe0bf,
    0xf709, 0x438f, 0x4197, 0xc289, 0x0bf6, 0xff8f, 0x4508, 0x0e0d,
    0x1004, 0x409f, 0x45c9, 0xc040, 0x4487, 0x2b41, 0x305b, 0x082b,
    0x0051, 0xed09, 0x408f, 0x4197, 0x1883, 0x0042, 0x4187, 0x1882,
    0x0042, 0x448f, 0x2495, 0x3242, 0xc5c1, 0xc6c1, 0xc7c1, 0x1404,
    0x341b, 0xc0d1, 0x7ee0, 0x1c10, 0x3041, 0xf1c6, 0x1cfc, 0xb6c8,
    0xc7e1, 0xc6e1, 0xc5e1, 0xc1a1, 0x1600, 0x710f, 0x8000, 0x000a,
    0x1c00, 0x3001, 0x2704, 0x1f8f, 0x0000, 0x1800, 0x70ad, 0x706f,
    0x264a, 0x3000, 0x706d, 0x708d, 0x704d, 0x704c, 0x79b0, 0x2014,
    0x0041, 0x89c0, 0x8921, 0x4320, 0x2102, 0x8381, 0x003a, 0x0004,
    0x667e, 0x4387, 0x7124, 0x7e2a, 0x7feb, 0x643c, 0x63db, 0x21df,
    0x0341, 0xc340, 0x22c0, 0x0041, 0xf20f, 0x2752, 0x92fe, 0x21df,
    0x0041, 0x23c0, 0x1041, 0x29c1, 0x0062, 0x21da, 0x0341, 0x7ec0,
    0x22c0, 0x1041, 0xf42a, 0x71a5, 0xe5c0, 0xf5da, 0x7c8b, 0x20ca,
    0x00e1, 0xf21b, 0x4387, 0x2b05, 0x0303, 0x7164, 0x7b7d, 0xef0b,
    0x2752, 0x92fe, 0x24ca, 0x1782, 0x727f, 0x24ca, 0x12c1, 0x22ca,
    0x0281, 0x6a51, 0x2a05, 0x0302, 0x1883, 0x00c2, 0x7144, 0x7a5d,
    0x1882, 0x0082, 0x700c, 0x7487, 0xc5c1, 0xc6c1, 0xc7c1, 0x1404,
    0x341b, 0x7ee0, 0x71c5, 0x793d, 0xe9fe, 0x2600, 0x339e, 0x7eaa,
    0x2300, 0x339b, 0xf1d1, 0x78e0, 0xc0f1, 0x1cfc, 0xb6c8, 0xc7e1,
    0xc6e1, 0xc5e1, 0x2496, 0x3d3e, 0x4100, 0xc043, 0xc098, 0x0ca6,
    0xff8f, 0x409f, 0xc596, 0x2400, 0x3f82, 0x0000, 0x0057, 0x41a1,
    0x0d7e, 0xffcf, 0xc052, 0x780b, 0x025c, 0x0002, 0x1457, 0x3080,
    0x1c30, 0x3001, 0x7214, 0x1c28, 0x3001, 0x20f8, 0x00e2, 0x20ca,
    0x00a1, 0x28c0, 0x0062, 0x79c0, 0x21ca, 0x0061, 0x6841, 0x7030,
    0x1c38, 0x3001, 0x21ca, 0x000e, 0x1c34, 0x3001, 0x4a31, 0x2514,
    0x1000, 0xc154, 0xc049, 0xc014, 0xc10c, 0x0931, 0x0004, 0xc00a,
    0x780b, 0x021c, 0x0001, 0x409f, 0xc10d, 0x1883, 0x0042, 0xc10e,
    0x1882, 0x0042, 0xc012, 0x2496, 0x3301, 0xc5c1, 0xc6c1, 0xc7c1,
    0x1404, 0x341b, 0xc0d1, 0x7ee0, 0x1600, 0x7101, 0x8000, 0x000a,
    0x7930, 0x783d, 0x2044, 0x0780, 0x08b3, 0x0010, 0x08b9, 0x0090,
    0xc04b, 0x1c40, 0x3001, 0xb9e0, 0xf209, 0x1600, 0x7100, 0x8000,
    0x0422, 0x1600, 0x7100, 0x8000, 0x0420, 0xc009, 0x439f, 0x88c1,
    0x88e0, 0xc298, 0x41c1, 0x40e1, 0x09f6, 0xff8f, 0x4508, 0x7114,
    0x019a, 0x000e, 0xc00b, 0xc741, 0xb822, 0xc04f, 0xc044, 0xd840,
    0xc640, 0xc047, 0x1c44, 0x3001, 0xd820, 0xc553, 0xc646, 0xc048,
    0x1c14, 0x3101, 0x43f9, 0x408f, 0x458f, 0x4837, 0x6038, 0xbfc5,
    0x2044, 0x0fce, 0x0f0d, 0x16c1, 0x4087, 0x4597, 0x7030, 0xf2c0,
    0x439f, 0x4187, 0xc298, 0x40e1, 0x09a6, 0xff8f, 0xc042, 0x0e0f,
    0x16c1, 0x4087, 0x4597, 0x7030, 0xf221, 0x4187, 0x439f, 0xc298,
    0x40c1, 0x098e, 0xff8f, 0x4197, 0x0933, 0x0005, 0x0897, 0x0345,
    0xc601, 0xc542, 0x1c04, 0x36c0, 0xf016, 0x1c40, 0x3001, 0x1c2c,
    0x3401, 0xf1ab, 0x1c40, 0x3041, 0xf1fb, 0x4087, 0x1404, 0x301b,
    0xc553, 0xc046, 0xc740, 0xc641, 0xf1c7, 0x4097, 0x70b1, 0x26ca,
    0x13c6, 0xf7a8, 0x458f, 0x4087, 0x2002, 0x005b, 0x4020, 0x4187,
    0x2353, 0x319b, 0x603f, 0x4497, 0xbfc6, 0x0b0d, 0x3001, 0x408f,
    0x7610, 0xf27a, 0x439f, 0xc298, 0x4163, 0x40c1, 0x0922, 0xff8f,
    0x4508, 0x4497, 0x0f0b, 0x1001, 0x408f, 0x7610, 0xf215, 0x439f,
    0xc298, 0x41e1, 0x40c1, 0x090a, 0xff8f, 0x0d1f, 0x1005, 0x4197,
    0x7030, 0x25ca, 0x1006, 0xf74e, 0x4497, 0xc700, 0xc502, 0xc040,
    0xf008, 0xc042, 0xf1d0, 0x4097, 0x7510, 0x27ca, 0x16c6, 0xf7b6,
    0xc013, 0x0d19, 0x1001, 0x4487, 0x262f, 0xf007, 0x20c2, 0x0062,
    0xf405, 0x1c10, 0x3001, 0xf00e, 0xc00f, 0xc044, 0x4487, 0x262f,
    0xf007, 0xf208, 0xc008, 0x0e1f, 0x1001, 0x449f, 0x0f17, 0x1001,
    0x448f, 0x2841, 0x8040, 0xc045, 0xf426, 0xc010, 0xe88e, 0x1c14,
    0x3041, 0x78ef, 0xc047, 0x78cf, 0xc048, 0xc011, 0x7104, 0xc051,
    0xc111, 0xc00b, 0x0927, 0x8004, 0xc00a, 0x0d11, 0x1005, 0xc00e,
    0xc50a, 0xc048, 0xc00d, 0xc047, 0xc009, 0xc54a, 0x2057, 0x0040,
    0xc049, 0xc00c, 0x7104, 0xc04c, 0xc008, 0xc04e, 0x449f, 0xc04d,
    0x05f7, 0xffcf, 0xc00f, 0xc044, 0xf1dd, 0xd840, 0xc047, 0xd820,
    0xc048, 0xf1e4, 0x1c48, 0x3181, 0x05fd, 0xffcf, 0x1c48, 0x3141,
    0x05f5, 0xffcf, 0x4497, 0x70ad, 0x7710, 0xf192, 0x1c08, 0x3001,
    0x7673, 0xf14c, 0x1600, 0x7081, 0x8000, 0x000b, 0xb9e2, 0xf204,
    0x046d, 0xffcf, 0x0545, 0xffcf, 0x1cfc, 0xb6c8, 0xc7e1, 0xc6e1,
    0xc5e1, 0x2458, 0x385c, 0x1494, 0x300c, 0xc440, 0x1600, 0x710c,
    0x8000, 0x000a, 0x0a0d, 0x0000, 0x7230, 0x23ca, 0x1082, 0xf404,
    0x2455, 0x304b, 0x70cd, 0x2300, 0x038a, 0x2314, 0x139b, 0x224c,
    0x9fc0, 0x005a, 0x000d, 0x2014, 0x038f, 0x1701, 0x109e, 0x0e4f,
    0x3010, 0x2114, 0x028a, 0x1201, 0x108d, 0xed21, 0xc400, 0x8fe0,
    0x7d82, 0x2589, 0x1fc1, 0x44a9, 0x7daf, 0x1200, 0x108a, 0x250c,
    0x9780, 0xc500, 0x24ca, 0x178d, 0x2202, 0x134a, 0x262f, 0x33c7,
    0x2248, 0x100a, 0x4549, 0x2253, 0x11ca, 0x220c, 0x9780, 0x7c8f,
    0x25ca, 0x13c5, 0x7daf, 0x0d0b, 0x1304, 0xddff, 0x708d, 0x1b00,
    0x3342, 0x1b01, 0x3302, 0x71c5, 0xe6c0, 0xf5c7, 0xc181, 0x0b19,
    0x1041, 0x700c, 0x611c, 0x8c80, 0x621b, 0xab80, 0x7104, 0x2052,
    0x81fe, 0xf5fa, 0x2455, 0x385c, 0xc5c1, 0xc6c1, 0xc7c1, 0x1404,
    0x341b, 0x7ee0, 0xc0f1, 0x1cfc, 0xb6c8, 0xc7e1, 0xc6e1, 0xc5e1,
    0x2458, 0x3adc, 0x4608, 0x1600, 0x7100, 0x8000, 0x000a, 0xc243,
    0xc346, 0xc647, 0xc148, 0xc249, 0xc34a, 0x4728, 0x7630, 0xf29b,
    0x1c10, 0x3081, 0x409f, 0x7610, 0xf298, 0x1c04, 0x3081, 0x70ad,
    0x1e00, 0x7342, 0x8000, 0x0406, 0x706f, 0x2455, 0x3ac1, 0x2514,
    0x16c0, 0x2115, 0x0000, 0x1070, 0x8000, 0x0b46, 0xffcf, 0x780b,
    0xf498, 0x418f, 0x2340, 0x3040, 0x716f, 0x08e3, 0x8044, 0x4587,
    0x6d01, 0x71ad, 0x08cd, 0x8044, 0xc642, 0x1c14, 0x3041, 0x43f9,
    0x4097, 0x1382, 0x3083, 0x1082, 0x0080, 0x1e00, 0x70c3, 0x8000,
    0x0406, 0x7b02, 0x4097, 0x1c00, 0x3001, 0x7b6d, 0xc28b, 0x4163,
    0x0e9a, 0xffcf, 0x1600, 0x7080, 0x8000, 0x000b, 0xb8e2, 0xc08b,
    0xf25f, 0x0aee, 0xffcf, 0x4508, 0x0897, 0x0011, 0x14af, 0x3080,
    0x4197, 0x1983, 0x0002, 0x1b83, 0x3002, 0x458f, 0x408f, 0x090f,
    0x0005, 0x409f, 0x1418, 0x301b, 0xc042, 0x448f, 0x418f, 0x1c14,
    0x3081, 0x7104, 0x099d, 0x8005, 0x409f, 0x0e8d, 0x1000, 0x70ed,
    0x2455, 0x3ac0, 0x78f5, 0x1070, 0x800e, 0x2455, 0x3ac0, 0x78f5,
    0x1078, 0x801b, 0x1680, 0x1141, 0x1380, 0x3140, 0xc28b, 0x4910,
    0x1683, 0x1081, 0xc041, 0x1383, 0x3080, 0x438f, 0x7822, 0xc040,
    0x4163, 0x40c1, 0x0e16, 0xffcf, 0x1683, 0x1081, 0xc08b, 0x0986,
    0xffcf, 0xe8ae, 0x14ae, 0x3080, 0x418f, 0x1e82, 0x1002, 0x6038,
    0x4587, 0x1b82, 0x3002, 0x6f01, 0x71ed, 0x08a9, 0x8044, 0x40a1,
    0x2455, 0x3adc, 0xc5c1, 0xc6c1, 0xc7c1, 0x1404, 0x341b, 0xc0d1,
    0x7ee0, 0x1c10, 0x3041, 0xf168, 0x1c04, 0x3041, 0xf169, 0x0b0e,
    0xffcf, 0xf1a3, 0x1683, 0x1081, 0x40c1, 0x093a, 0xffcf, 0xe888,
    0x1783, 0x1081, 0x40e1, 0x092e, 0xffcf, 0xe863, 0x76ad, 0xf1e1,
    0x73ad, 0xf1df, 0x1600, 0x708c, 0x8000, 0x0012, 0x7c8f, 0x7410,
    0x20e0, 0x07cd, 0x1600, 0x7080, 0x8000, 0x0001, 0xb8e4, 0x7de0,
    0xc0f1, 0xc7e1, 0xc6e1, 0xc5e1, 0x1e00, 0x7205, 0x9018, 0x0064,
    0x1e00, 0x7005, 0x9018, 0x0066, 0x4528, 0x4668, 0x4748, 0x0f72,
    0xff8f, 0x1e00, 0x7344, 0x9018, 0x0064, 0x1e00, 0x7005, 0x9018,
    0x0066, 0xbd30, 0x1e00, 0x7344, 0x9018, 0x0068, 0x0f52, 0xff8f,
    0x70ad, 0x78b0, 0x27f4, 0x1000, 0x71a5, 0x1e00, 0x7004, 0x9018,
    0x0064, 0x1e00, 0x7005, 0x9018, 0x0066, 0x1e00, 0x7005, 0x9018,
    0x0068, 0x0f2e, 0xff8f, 0x0ddf, 0x9384, 0xc5c1, 0xc6c1, 0xc7c1,
    0xc0d1, 0x7ee0, 0xc0f1, 0xc1af, 0x2042, 0x0041, 0x7234, 0x21ca,
    0x0f8d, 0x01d7, 0x001d, 0x22ca, 0x0f8d, 0x0000, 0x005a, 0xf70a,
    0x2054, 0x0b42, 0xb811, 0x7a4f, 0x2000, 0x0f81, 0x01d7, 0x001d,
    0xba9f, 0x700c, 0x2215, 0x000c, 0x1400, 0x108c, 0xc38f, 0x7b14,
    0x1bc6, 0x8304, 0x7104, 0x08f1, 0x8751, 0xdb1d, 0x2454, 0x3042,
    0xd80a, 0x0f26, 0xffcf, 0xc0af, 0xc0d1, 0x7ee0, 0x1600, 0x7000,
    0x8000, 0x041c, 0x26f4, 0x7000, 0x9002, 0x0012, 0x2044, 0x01c1,
    0xe90b, 0x091b, 0x0050, 0x2044, 0x0180, 0x0817, 0x0090, 0x0817,
    0x0110, 0x740c, 0x7ee0, 0x700c, 0x7ee0, 0x710c, 0x7ee0, 0x720c,
    0x7ee0, 0x730c, 0x7ee0, 0x78e0, 0xc0f1, 0xc6e1, 0xc5e1, 0x4628,
    0x250a, 0x9000, 0x20e2, 0x0f81, 0x0000, 0x171c, 0x0fb2, 0xffcf,
    0xeeb5, 0x1600, 0x7081, 0x8000, 0x0025, 0x1600, 0x7081, 0x8000,
    0x0b6a, 0x1600, 0x7081, 0x8000, 0x0b6b, 0xed8b, 0x7414, 0x20ca,
    0x0f81, 0x0072, 0x0001, 0x20e2, 0x0f81, 0x0000, 0xc0b0, 0x0f82,
    0xffcf, 0x1600, 0x7080, 0x8000, 0x0020, 0x1600, 0x7080, 0x8000,
    0x0021, 0x1600, 0x7080, 0x8000, 0x0017, 0x1600, 0x7080, 0x8000,
    0x0018, 0x1600, 0x7080, 0x8000, 0x0025, 0x1600, 0x7080, 0x8000,
    0x0040, 0xc5c1, 0xc6c1, 0xc0d1, 0x7ee0, 0x1600, 0x7081, 0x8000,
    0x0040, 0x1600, 0x7081, 0x8000, 0x0b6c, 0x1600, 0x7081, 0x8000,
    0x0b6d, 0xf1cd, 0xc0f1, 0x1cfc, 0xb6c8, 0xc7e1, 0xc6e1, 0xc5e1,
    0x2459, 0x35dc, 0xc14d, 0xc048, 0x0873, 0x0010, 0x1c1c, 0x3041,
    0x1600, 0x7080, 0x8000, 0x0b6b, 0x1600, 0x7081, 0x8000, 0x0025,
    0x1600, 0x7080, 0x8000, 0x0040, 0x792f, 0x780f, 0x085d, 0x0050,
    0x2078, 0x00c0, 0x6811, 0xc043, 0x1600, 0x7080, 0x8000, 0x0b6c,
    0x1600, 0x7080, 0x8000, 0x0b6d, 0x0947, 0x00d1, 0x1c04, 0x3081,
    0x408f, 0x419f, 0x1c08, 0x3001, 0x2008, 0x0040, 0xc049, 0x4097,
    0x1c14, 0x3001, 0x201f, 0x0f80, 0x0000, 0x2940, 0x70c3, 0x8000,
    0x0dc8, 0x1c00, 0x3001, 0xc04c, 0xf036, 0x0ea6, 0xffcf, 0x0891,
    0x80d1, 0x1c1c, 0x3081, 0xf1c6, 0x1c0c, 0x3041, 0xf1d6, 0x1c04,
    0x3041, 0xf1e0, 0x1600, 0x7080, 0x8000, 0x0025, 0x1600, 0x708d,
    0x8000, 0x0b6a, 0x1600, 0x7080, 0x8000, 0x0b6b, 0x7daf, 0x780f,
    0xc044, 0x4487, 0x080b, 0x0344, 0x4487, 0x0867, 0x0345, 0x4497,
    0x1c18, 0x3041, 0x7104, 0x080f, 0x0090, 0x448f, 0x419f, 0x0837,
    0x0042, 0x4087, 0xc109, 0x1c00, 0x3041, 0x1c14, 0x3041, 0x7104,
    0x08f5, 0x0043, 0x4087, 0xc10c, 0x201f, 0x0f80, 0x0000, 0x14a0,
    0x6038, 0x418f, 0xc04a, 0x4087, 0x1c18, 0x3001, 0x0899, 0x8044,
    0xf1df, 0x1600, 0x7080, 0x8000, 0x0040, 0x1600, 0x708d, 0x8000,
    0x0b6c, 0x1600, 0x7080, 0x8000, 0x0b6d, 0x7daf, 0xf1c9, 0xc10a,
    0x251f, 0x1f80, 0x0000, 0x0528, 0x6038, 0xc04b, 0x70ed, 0xc00d,
    0x080f, 0x03c7, 0x71e5, 0x0ffb, 0x9291, 0x71a5, 0xf1be, 0xc00b,
    0x271f, 0x1f8e, 0x0000, 0x0084, 0x661e, 0x1680, 0x1100, 0x1682,
    0x1080, 0x1683, 0x1080, 0x706f, 0x1600, 0x7080, 0x8000, 0x000b,
    0xb8e1, 0xf222, 0x6e41, 0x700c, 0x2202, 0x06c2, 0x2456, 0x35c1,
    0x2114, 0x0003, 0x790e, 0x2214, 0x0041, 0x1100, 0x0081, 0x7104,
    0x1b80, 0x8044, 0xe0c0, 0xf5f4, 0xdb40, 0xc28e, 0x41c3, 0x007a,
    0x0040, 0x740c, 0x0ca2, 0xffcf, 0x2340, 0x3040, 0x716f, 0x08bd,
    0x8091, 0xf1ca, 0x6e45, 0x700c, 0x2202, 0x06c2, 0x2456, 0x35c1,
    0x2114, 0x0003, 0x790e, 0x2215, 0x0041, 0x1100, 0x0081, 0x7104,
    0x1b80, 0x8044, 0x08e9, 0x87d1, 0xdb1f, 0xc28e, 0x41c3, 0x007e,
    0x001f, 0xf1e1, 0x4097, 0x459f, 0x1c08, 0x3041, 0x7104, 0x7110,
    0x067e, 0xffc9, 0x1600, 0x7080, 0x8000, 0x000a, 0xb8e0, 0xf212,
    0xc008, 0x702c, 0x0d66, 0xffcf, 0xc008, 0x712c, 0x2456, 0x35dc,
    0xc5c1, 0xc6c1, 0xc7c1, 0x1404, 0x341b, 0xc0d1, 0x054d, 0xffcf,
    0x2456, 0x35dc, 0xc5c1, 0xc6c1, 0xc7c1, 0x1404, 0x341b, 0xc0d1,
    0x7ee0, 0x78e0, 0x1600, 0x7081, 0x8000, 0x0b68, 0x1600, 0x7083,
    0x8000, 0x0b69, 0x792f, 0x7b6f, 0x7330, 0x20e0, 0x07c5, 0x1600,
    0x700c, 0x8000, 0x041c, 0x6811, 0xdae4, 0x7330, 0x7a1a, 0x4020,
    0xbac1, 0xe22a, 0x20e0, 0x07c5, 0xc5e1, 0x2840, 0x0301, 0x2205,
    0x030d, 0x79a5, 0x6931, 0xb991, 0xb99c, 0xb99f, 0x9120, 0x7104,
    0x0beb, 0x8005, 0xc5c1, 0x7ee0, 0xc0f1, 0xc7e1, 0xc6e1, 0xc5e1,
    0x45cb, 0x9004, 0x0000, 0x15f4, 0x110f, 0x15fc, 0x110e, 0x2604,
    0x1f80, 0xffff, 0xff33, 0x1dfc, 0x1004, 0x2705, 0x1f80, 0x0000,
    0x00cc, 0x1df4, 0x1004, 0x1600, 0x7080, 0x8000, 0x00f4, 0x262f,
    0xf007, 0xf239, 0x1600, 0x7003, 0x8000, 0x041c, 0x702c, 0x2100,
    0x0f82, 0x4000, 0x0222, 0x6a91, 0x9480, 0x2940, 0x0300, 0x7865,
    0x6811, 0x2005, 0x0f80, 0x9006, 0x0000, 0x1884, 0x0304, 0x1886,
    0x0304, 0x26f4, 0x708c, 0x0000, 0x000c, 0x1880, 0x0304, 0x26f4,
    0x7082, 0x0000, 0x0010, 0x4428, 0x1882, 0x0084, 0x2472, 0x1f82,
    0x8000, 0x0448, 0x7a4f, 0x185c, 0x0084, 0x8c42, 0x7a4f, 0x1866,
    0x0084, 0x8c44, 0x7a4f, 0x1868, 0x0084, 0x6901, 0x712c, 0x08a3,
    0x8091, 0x1d84, 0x1005, 0x1d88, 0x1005, 0x702c, 0x40c3, 0x0000,
    0x2af8, 0x0f36, 0xff4f, 0x1df4, 0x13c4, 0x1dfc, 0x1384, 0xc5c1,
    0xc6c1, 0xc7c1, 0xc0d1, 0x7ee0, 0x1cfc, 0xb6c8, 0xc7e1, 0xc6e1,
    0xc5e1, 0x1600, 0x7082, 0x8000, 0x0b66, 0x1600, 0x7083, 0x8000,
    0x047c, 0x7a4f, 0x229f, 0x001c, 0x222f, 0x10c7, 0x70cd, 0x70ad,
    0x0823, 0x0346, 0x708d, 0x623b, 0xdf07, 0x639b, 0x1300, 0x009b,
    0x77e5, 0x7341, 0x77f5, 0xf5fc, 0x2416, 0x128c, 0x248c, 0x9fc3,
    0xf7f3, 0x6d61, 0x71ad, 0x0bdd, 0x8091, 0x71c5, 0x2156, 0x0801,
    0x0ecf, 0x91d1, 0xc5c1, 0xc6c1, 0xc7c1, 0x1404, 0x341b, 0x7ee0,
    0xc0f1, 0x1cfc, 0xb6c8, 0xc7e1, 0xc6e1, 0xc5e1, 0xc1a1, 0x46cb,
    0x9004, 0x0000, 0x16f4, 0x110f, 0x16fc, 0x1100, 0x1efc, 0x1005,
    0x1c02, 0x3004, 0xd8ff, 0x1ef4, 0x1004, 0x1600, 0x708d, 0x8000,
    0x0b64, 0x7daf, 0x254f, 0x1200, 0x1e84, 0x1004, 0x1600, 0x7081,
    0x8000, 0x0b97, 0x40c3, 0x8000, 0x00f0, 0x8844, 0x792f, 0x262f,
    0xf087, 0x61b9, 0x2157, 0x0041, 0xf226, 0x1008, 0x011e, 0x100a,
    0x011b, 0x100c, 0x010b, 0x100e, 0x010a, 0x8887, 0x8865, 0x8846,
    0x1600, 0x7000, 0x8000, 0x041c, 0x7c8f, 0x6811, 0x2005, 0x0f80,
    0x9007, 0xe000, 0x1884, 0x0784, 0x1886, 0x06c4, 0x1880, 0x02c4,
    0x1882, 0x0284, 0x185c, 0x0304, 0x7b6f, 0x1866, 0x00c4, 0x7a4f,
    0x1868, 0x0084, 0x0913, 0x0013, 0x1600, 0x7080, 0x8000, 0x0008,
    0x780f, 0x78aa, 0x6119, 0x1e88, 0x1044, 0x40c3, 0x0000, 0x2af8,
    0x702c, 0x0df6, 0xff4f, 0x1402, 0x3100, 0x1ef4, 0x13c4, 0x1efc,
    0x1004, 0x7dbd, 0xbda0, 0x77a5, 0x1e00, 0x7342, 0x8000, 0x0a7d,
    0x7487, 0xc5c1, 0xc6c1, 0xc7c1, 0x1404, 0x341b, 0xc0d1, 0x7ee0,
    0x780b, 0x7de0, 0x4020, 0x040d, 0x0500, 0x78e0, 0x700c, 0x1600,
    0x7101, 0x9004, 0x0042, 0x262f, 0xf048, 0xf40c, 0x7104, 0x08f3,
    0x8f81, 0x0000, 0x61a8, 0x700c, 0xd909, 0xb912, 0x07d5, 0xffcf,
    0x710c, 0xf1fc, 0xc0f1, 0xc5e1, 0x1e00, 0x7004, 0x9004, 0x004e,
    0x4528, 0x760c, 0x0cee, 0xff4f, 0x1e00, 0x7045, 0x9004, 0x0040,
    0xed07, 0x0fbe, 0xffcf, 0x1e00, 0x7005, 0x9004, 0x0040, 0xc5c1,
    0xc0d1, 0x7ee0, 0x8960, 0x8880, 0x7391, 0xf75b, 0x0c29, 0x1085,
    0x1800, 0x0003, 0x8841, 0xe240, 0xa841, 0xbae7, 0xf203, 0xda7f,
    0xa841, 0x8840, 0x8900, 0x41c3, 0x00a4, 0x0003, 0x2238, 0x0000,
    0x0771, 0xffcf, 0x7c42, 0xa880, 0x0ae7, 0x8051, 0xf1ec, 0xf7f3,
    0x0b19, 0x0085, 0x1900, 0x0003, 0x8941, 0xe240, 0xa941, 0xbae7,
    0xf3e9, 0xda7f, 0xa941, 0xf1e7, 0x7b42, 0xa960, 0x0af7, 0x8051,
    0xf1f4, 0x78e0, 0x1600, 0x7000, 0x8000, 0x0b9c, 0x1600, 0x7082,
    0x8000, 0x0b66, 0x1600, 0x7081, 0x8000, 0x0b67, 0x7a4f, 0x792f,
    0x229e, 0x0b01, 0x215e, 0x0d81, 0x1600, 0x7083, 0x8000, 0x046a,
    0x7204, 0x6058, 0x6038, 0x8800, 0x7b6f, 0xb8c3, 0x205e, 0x0680,
    0x7274, 0x70c3, 0x8000, 0x0724, 0x71df, 0x0000, 0x0138, 0x21ca,
    0x0021, 0x6038, 0x8800, 0x780f, 0x7ee0, 0x78e0, 0x1600, 0x7080,
    0x8000, 0x0b66, 0x1600, 0x7081, 0x8000, 0x0b67, 0x1600, 0x7002,
    0x8000, 0x0b9c, 0x780f, 0x792f, 0x209e, 0x0b01, 0x215e, 0x0d81,
    0x6038, 0x6058, 0x1600, 0x7082, 0x8000, 0x046a, 0x8821, 0x8803,
    0x7a4f, 0x7254, 0xb924, 0x72df, 0x0000, 0x0108, 0x22ca, 0x0021,
    0x215e, 0x0581, 0xb8e5, 0x20ca, 0x0162, 0x20ca, 0x0121, 0x71c3,
    0xc000, 0x0286, 0x623a, 0x2014, 0x0082, 0x8a00, 0x780f, 0x7ee0,
    0x1600, 0x7001, 0x8000, 0x041c, 0x6931, 0x2105, 0x0f81, 0x9004,
    0x0044, 0xb100, 0x7ee0, 0x78e0, 0x1600, 0x7001, 0x8000, 0x041c,
    0x6931, 0x2105, 0x0f81, 0x9004, 0x0046, 0xb100, 0x7ee0, 0x78e0,
    0xc0f1, 0xc5e1, 0x1e00, 0x7004, 0x9004, 0x004e, 0x4528, 0x760c,
    0x0b72, 0xff4f, 0x1600, 0x7100, 0x8000, 0x0458, 0x7810, 0xb822,
    0x7704, 0x7810, 0x0fc6, 0xffcf, 0x1e00, 0x7045, 0x9004, 0x0040,
    0xed07, 0x0e2e, 0xffcf, 0x1e00, 0x7005, 0x9004, 0x0040, 0xc5c1,
    0xc0d1, 0x7ee0, 0xc0f1, 0xc5e1, 0xc1a2, 0x1c00, 0x3001, 0x1c04,
    0x3001, 0xc360, 0x1c01, 0x30c2, 0x1e00, 0x7004, 0x8000, 0x0458,
    0x7b6b, 0x1e00, 0x7004, 0x8000, 0x045e, 0x4528, 0x4083, 0x4140,
    0x22ca, 0x00e1, 0x22ca, 0x0062, 0x0eb6, 0xff4f, 0x1e00, 0x7344,
    0x8000, 0x0458, 0x1e00, 0x7344, 0x8000, 0x045e, 0x712c, 0x700c,
    0xc0a2, 0xc5c1, 0xc0d1, 0x076d, 0xffcf, 0x78e0, 0xc0f1, 0x1cfc,
    0xb6c8, 0xc7e1, 0xc6e1, 0xc5e1, 0xc1a3, 0xc141, 0xc242, 0x4708,
    0x1600, 0x7080, 0x8000, 0x0b66, 0x2744, 0x10c1, 0x780f, 0x2178,
    0x0081, 0x6854, 0x2114, 0x0000, 0x2096, 0x0905, 0xb89f, 0x8800,
    0x72c3, 0x8000, 0x0b44, 0x232f, 0x3007, 0x7a36, 0x408f, 0x4197,
    0xc240, 0x706c, 0x42e1, 0x0f62, 0xffcf, 0x702c, 0x40c3, 0x0000,
    0x2710, 0x70cd, 0x0b22, 0xff4f, 0x70ad, 0x0e2b, 0x16c4, 0x4197,
    0x408f, 0xdb7f, 0x42e1, 0x70cd, 0x0f3e, 0xffcf, 0x0e3b, 0x16c4,
    0x40a1, 0xc0a3, 0xc5c1, 0xc6c1, 0xc7c1, 0x1404, 0x341b, 0xc0d1,
    0x7ee0, 0x4087, 0x60d8, 0x8820, 0x71c5, 0x2940, 0x0340, 0x70c3,
    0x9002, 0x011a, 0x9000, 0x7810, 0x0fb2, 0xff0f, 0xb8c6, 0x2079,
    0x0000, 0x7d05, 0xf1db, 0x4087, 0x60d8, 0x8820, 0x71c5, 0x2940,
    0x0340, 0x70c3, 0x9002, 0x011a, 0x9000, 0x7810, 0x0f8e, 0xff0f,
    0xb8c6, 0x20b9, 0x0fc1, 0x7d05, 0xf1d2, 0x78e0, 0xc0f1, 0x700c,
    0x0e62, 0xffcf, 0x700c, 0x0e76, 0xffcf, 0x40c3, 0x8000, 0x0458,
    0x1800, 0x0005, 0x1e00, 0x7005, 0x8000, 0x045e, 0x1800, 0x0005,
    0xc0d1, 0x7ee0, 0xc0f1, 0xc7e1, 0xc6e1, 0xc5e1, 0xc1a3, 0x4708,
    0x4628, 0x0fce, 0xffcf, 0x1600, 0x700d, 0x8000, 0x041c, 0x6db1,
    0x2505, 0x1f8d, 0x9003, 0xe002, 0xef17, 0x1d00, 0x1045, 0xd82e,
    0x1c08, 0x3001, 0xc040, 0xc641, 0x746c, 0xda22, 0x762c, 0x700c,
    0x0bfa, 0x0480, 0x712c, 0x700c, 0xc0a3, 0xc5c1, 0xc6c1, 0xc7c1,
    0xc0d1, 0x0621, 0xffcf, 0xd82e, 0x1c08, 0x3001, 0xc040, 0xc641,
    0x706c, 0xda22, 0x762c, 0x700c, 0x0bd2, 0x0480, 0x1d00, 0x1005,
    0xf1ea, 0x78e0, 0xc0f1, 0xc7e1, 0xc6e1, 0xc5e1, 0xc1a3, 0x4728,
    0x4508, 0x710c, 0xb81f, 0x88c8, 0x0f56, 0xffcf, 0x1c08, 0x3001,
    0x1c04, 0x3001, 0x1c00, 0x3001, 0x706c, 0x744c, 0xd907, 0x700c,
    0x0b9a, 0x0480, 0x7ecf, 0x1e00, 0x7043, 0x8000, 0x045c, 0x72d5,
    0x26ca, 0x1121, 0x26ca, 0x10a2, 0xef2d, 0x1c08, 0x3101, 0x1c04,
    0x3001, 0x1c00, 0x3001, 0x706c, 0x724c, 0xd907, 0x700c, 0x0b6e,
    0x0480, 0x1c08, 0x3001, 0xc541, 0x1c00, 0x3001, 0x710c, 0x238a,
    0x0004, 0x704c, 0x752c, 0xb815, 0x0b52, 0x0480, 0x1c08, 0x3001,
    0xc541, 0x1c00, 0x3001, 0x706c, 0x42c1, 0xd92b, 0xd841, 0xb812,
    0x0b3a, 0x0480, 0xc0a3, 0xc5c1, 0xc6c1, 0xc7c1, 0xc0d1, 0x074d,
    0xff0f, 0x1c08, 0x3001, 0xc541, 0x1c00, 0x3001, 0x238a, 0x0004,
    0x704c, 0x752c, 0x710c, 0xb815, 0x0b12, 0x0480, 0x1c08, 0x3001,
    0xc541, 0x1c00, 0x3001, 0x706c, 0x42c1, 0xd92b, 0x40c3, 0x0100,
    0x0004, 0x0afa, 0x0480, 0x706c, 0x1c08, 0x3001, 0xc541, 0x1c00,
    0x3001, 0x42c1, 0xd92b, 0x40c3, 0x0100, 0x0004, 0xf1c6, 0x78e0,
    0xc0f1, 0xc7e1, 0xc6e1, 0xc5e1, 0xc1a3, 0x4508, 0x4728, 0x710c,
    0xb81f, 0x88c8, 0x0e6a, 0xffcf, 0x1c08, 0x3001, 0x1c04, 0x3001,
    0x1c00, 0x3001, 0x706c, 0x704c, 0xd907, 0x700c, 0x0aae, 0x0480,
    0x1c08, 0x3001, 0xc541, 0x1c00, 0x3001, 0x238a, 0x0008, 0x704c,
    0x752c, 0xd809, 0xb813, 0x0a96, 0x0480, 0x1e00, 0x7043, 0x8000,
    0x045c, 0x7ecf, 0x1c08, 0x3001, 0x72d5, 0xc541, 0x1c00, 0x3001,
    0x26ca, 0x1161, 0x26ca, 0x10a2, 0x706c, 0x42c1, 0xd92b, 0xd80c,
    0x0a6a, 0x0480, 0x7feb, 0x6e41, 0x1c08, 0x3001, 0xc541, 0x1c00,
    0x3001, 0x22ca, 0x0381, 0x706c, 0xd92b, 0xd80c, 0x0a4e, 0x0480,
    0x1c08, 0x3001, 0xc541, 0x1c00, 0x3001, 0x42c1, 0x726c, 0xd92b,
    0x710c, 0xb812, 0x0a36, 0x0480, 0x1c08, 0x3001, 0xc541, 0x1c00,
    0x3001, 0x42c1, 0x726c, 0xd92b, 0xd80c, 0x0a22, 0x0480, 0x0e3e,
    0xff0f, 0x1c08, 0x3001, 0xc541, 0x1c00, 0x3001, 0x238a, 0x000e,
    0x744c, 0x752c, 0x700c, 0x0a06, 0x0480, 0x1c08, 0x3001, 0xc541,
    0x1c00, 0x3001, 0x706c, 0x704c, 0xd907, 0x40c3, 0x0008, 0x0080,
    0x09ea, 0x0480, 0xc0a3, 0xc5c1, 0xc6c1, 0xc7c1, 0xc0d1, 0x7ee0,
    0xc0f1, 0xc6e1, 0xc5e1, 0xc1a3, 0x4508, 0x4628, 0x0d72, 0xffcf,
    0x1c08, 0x3001, 0xc641, 0x1c00, 0x3601, 0x43a1, 0xda40, 0x762c,
    0x700c, 0x09ba, 0x0480, 0x712c, 0x700c, 0xc0a3, 0xc5c1, 0xc6c1,
    0xc0d1, 0x03e1, 0xffcf, 0x78e0, 0x40c3, 0x9003, 0xe176, 0x1800,
    0x0005, 0x218a, 0x0fc7, 0xb020, 0x228a, 0x0fcf, 0xb040, 0xb020,
    0x1800, 0x0005, 0x7ee0, 0x78e0, 0x1e00, 0x7004, 0x900e, 0x00c2,
    0x1e00, 0x7004, 0x900e, 0x00c4, 0x1e00, 0x7004, 0x900e, 0x00c6,
    0x1e00, 0x7004, 0x900e, 0x00c8, 0x7ee0, 0x78e0, 0xc0f1, 0x208a,
    0x0b04, 0x0b62, 0xffcf, 0x1600, 0x7100, 0x8000, 0x047e, 0x7810,
    0x0b6a, 0xffcf, 0x1e00, 0x7045, 0x9004, 0x0062, 0x702c, 0x700c,
    0x09f6, 0xffcf, 0xd90f, 0x40c3, 0x0000, 0xc350, 0xc0d1, 0x0779,
    0xff0f, 0x78e0, 0x1600, 0x7080, 0x8000, 0x0b68, 0x1600, 0x708c,
    0x8000, 0x0b69, 0x780f, 0x7c8f, 0x7410, 0x20e0, 0x07c5, 0x7910,
    0xb90d, 0x2174, 0x0f83, 0x9002, 0x0154, 0x7b70, 0x2356, 0x0102,
    0x228b, 0x800f, 0xf205, 0x2300, 0x0f82, 0x0000, 0x03e0, 0xb140,
    0x7104, 0xf1ec, 0x215f, 0x0241, 0x6931, 0x2100, 0x0f83, 0x8000,
    0x0a7f, 0x2100, 0x0f82, 0x8000, 0x0a7e, 0x8a40, 0x8b80, 0x7a4f,
    0x7c8f, 0x706c, 0x7a04, 0x71c3, 0x8000, 0x0a80, 0x0b09, 0x0304,
    0x4040, 0x7ee0, 0xc5e1, 0x89a1, 0x080b, 0x0346, 0x89a0, 0x7daf,
    0x7aa5, 0x7164, 0x7224, 0x0bf3, 0x8304, 0x4040, 0xc5c1, 0x7ee0,
    0xc0f1, 0x1cfc, 0xb6c8, 0xc7e1, 0xc6e1, 0xc5e1, 0xc1a4, 0xc243,
    0x4728, 0x1600, 0x7081, 0x8000, 0x0b66, 0x70ad, 0x792f, 0x6954,
    0x2014, 0x0041, 0x72c3, 0x8000, 0x0b44, 0x2196, 0x0905, 0x7a16,
    0xb99f, 0x8900, 0xc241, 0x780f, 0x1f00, 0x1001, 0xc042, 0x0d2b,
    0x1095, 0xd87f, 0xc040, 0x409f, 0x2544, 0x105b, 0x0821, 0x06c7,
    0x71a5, 0x0def, 0x9111, 0xc0a4, 0xc5c1, 0xc6c1, 0xc7c1, 0x1404,
    0x341b, 0xc0d1, 0x7ee0, 0x1c00, 0x3001, 0xf1ef, 0x7eb0, 0x6ed1,
    0x76c3, 0x8000, 0xe800, 0x16b8, 0x9100, 0x2b40, 0x30db, 0x0a26,
    0xffcf, 0x16c4, 0x9100, 0x70cd, 0x0a32, 0xffcf, 0x712c, 0x700c,
    0x08c6, 0xffcf, 0x4097, 0x0ebd, 0x9005, 0x408f, 0x60d8, 0x8820,
    0x71c5, 0x2940, 0x0340, 0x70c3, 0x9002, 0x011a, 0x9000, 0x7810,
    0x0b0a, 0xff0f, 0x4187, 0xb8c6, 0x7827, 0x41e5, 0x2800, 0x06c0,
    0x7825, 0xa700, 0xf1e8, 0x78e0, 0xc0f1, 0xc7e1, 0xc6e1, 0xc5e1,
    0xc1a8, 0x4628, 0x4548, 0x702c, 0xda1e, 0x2053, 0x018f, 0x2454,
    0x3040, 0x0ce2, 0xff0f, 0x279f, 0x1042, 0x6d33, 0x78dd, 0x2144,
    0x0401, 0xbd0e, 0x206c, 0x0140, 0x2505, 0x1f82, 0x0000, 0x2c58,
    0xb883, 0xbec6, 0x7d05, 0x269f, 0x1042, 0x6817, 0x1c06, 0x3044,
    0x1c16, 0x3044, 0x7d05, 0x1c00, 0x3084, 0x1c08, 0x33c4, 0x1c10,
    0x3344, 0x1c18, 0x3384, 0xd910, 0x4083, 0x0ba2, 0x0440, 0xc0a8,
    0xc5c1, 0xc6c1, 0xc7c1, 0xc0d1, 0x7ee0, 0x78e0, 0x1600, 0x7082,
    0x8000, 0x042c, 0x700c, 0x7a4f, 0x7210, 0x20e0, 0x07ce, 0xc6e1,
    0xc5e1, 0x2840, 0x034e, 0x7d10, 0x702c, 0x2600, 0x1f8c, 0x9002,
    0x0100, 0x7b30, 0x2414, 0x10c3, 0x2116, 0x034c, 0x74c3, 0x8000,
    0x0ba0, 0x1400, 0x108c, 0x7124, 0xb380, 0x09e3, 0x8211, 0x7104,
    0x08d3, 0x8084, 0xc5c1, 0xc6c1, 0x7ee0, 0x78e0, 0x1600, 0x7083,
    0x8000, 0x042c, 0x700c, 0x7b6f, 0x7310, 0x20e0, 0x07ce, 0xc7e1,
    0xc6e1, 0xc5e1, 0x2840, 0x034a, 0x7f10, 0x702c, 0x7d30, 0x2200,
    0x1f82, 0x9002, 0x0100, 0x7ab4, 0x92c0, 0x2116, 0x03cc, 0x74c3,
    0x8000, 0x0ba0, 0xacc0, 0xb2a0, 0x7124, 0x09e5, 0x8211, 0x7104,
    0x08d5, 0x80c4, 0xc5c1, 0xc6c1, 0xc7c1, 0x7ee0, 0xc0f1, 0xc7e1,
    0xc6e1, 0xc5e1, 0xc1a3, 0x4528, 0x1600, 0x7081, 0x8000, 0x0b66,
    0x4608, 0x792f, 0x205f, 0x0d80, 0x219e, 0x0b01, 0x6119, 0x71c3,
    0x8000, 0x09b6, 0x89e0, 0x0a3a, 0xffcf, 0x750c, 0x1c08, 0x3001,
    0x78d8, 0x1c00, 0x3481, 0xc041, 0x7bb3, 0xda22, 0x762c, 0x2384,
    0x0201, 0x700c, 0x7be5, 0x0e76, 0x0440, 0x1c08, 0x3001, 0x1c04,
    0x3001, 0x1c00, 0x3001, 0x706c, 0x724c, 0xd907, 0xd880, 0x0e5e,
    0x0440, 0x712c, 0x700c, 0xc0a3, 0xc5c1, 0xc6c1, 0xc7c1, 0xc0d1,
    0x0081, 0xffcf, 0xc0f1, 0x1cfc, 0xb6c8, 0xc7e1, 0xc6e1, 0xc5e1,
    0xc1a9, 0x4318, 0x4648, 0x4728, 0xc50e, 0xc343, 0x09d2, 0xffcf,
    0x1600, 0x7080, 0x8000, 0x09b8, 0x1c14, 0x36c0, 0xb8c5, 0xc044,
    0x409f, 0xc746, 0xc048, 0xc647, 0x70cd, 0x2632, 0x1f81, 0x0000,
    0xe648, 0x1c08, 0x3001, 0xc140, 0xc541, 0xc089, 0x78d5, 0x10ec,
    0x8003, 0xda22, 0x762c, 0x700c, 0x0df2, 0x0440, 0x71c5, 0x0edf,
    0x9151, 0x712c, 0x700c, 0xc0a9, 0xc5c1, 0xc6c1, 0xc7c1, 0x1404,
    0x341b, 0xc0d1, 0x000d, 0xffcf, 0xc0f1, 0x1cfc, 0xb6c8, 0xc7e1,
    0xc6e1, 0xc5e1, 0xc1a4, 0xc142, 0xc343, 0x4708, 0x1600, 0x7080,
    0x8000, 0x0008, 0x4358, 0x780f, 0xc041, 0x0f23, 0x1254, 0x40c3,
    0x01a4, 0x0001, 0x0a3e, 0x04c0, 0x230b, 0xb6c0, 0x26ca, 0x1021,
    0x25ca, 0x1021, 0xf239, 0x70ad, 0xf013, 0x0f41, 0x11d1, 0x1600,
    0x7080, 0x8000, 0x00e4, 0x1600, 0x708d, 0x8000, 0x00e5, 0x780f,
    0xbd08, 0x7a4b, 0x7d05, 0x26ca, 0x1021, 0x7db0, 0xf21c, 0x1600,
    0x708e, 0x8000, 0x00e6, 0x262f, 0x9387, 0x26ca, 0x1f81, 0xffff,
    0xffaa, 0xf20c, 0x7ecd, 0xf00a, 0x7a4b, 0x26f4, 0x73cd, 0x0000,
    0xe64e, 0x26ca, 0x1021, 0xf5ed, 0x0f0d, 0x1050, 0x2742, 0x10c0,
    0x0817, 0x0155, 0x4097, 0x43c1, 0xc040, 0x42c1, 0x2d41, 0x1201,
    0x78af, 0x0ee6, 0xffcf, 0x770c, 0xb8cf, 0x0ba2, 0xffcf, 0x1e00,
    0x7005, 0x900f, 0xe0ca, 0xc540, 0x43a1, 0x42a1, 0x41a1, 0xd80f,
    0x0a12, 0x0440, 0x0bb7, 0x3010, 0xefa7, 0x1e00, 0x7585, 0x900f,
    0xe022, 0x208a, 0x0004, 0x1e00, 0x7004, 0x900f, 0xe1ae, 0x1e00,
    0x7004, 0x900f, 0xe1ac, 0x408f, 0x41c3, 0x900f, 0xe0c0, 0x7414,
    0x20ca, 0x0f81, 0x0000, 0x0084, 0x20ca, 0x0122, 0x0f89, 0x1010,
    0x2045, 0x0140, 0xb100, 0xc0a4, 0xc5c1, 0xc6c1, 0xc7c1, 0x1404,
    0x341b, 0xc0d1, 0x7ee0, 0x2778, 0x1200, 0x2778, 0x1082, 0x7a05,
    0x409f, 0x41c3, 0x01a5, 0x0000, 0x2079, 0x0000, 0x7845, 0x0d26,
    0xff8f, 0x1e00, 0x7405, 0x900f, 0xe022, 0x706f, 0x2e02, 0x16c3,
    0xbbc0, 0x7b73, 0x7ba7, 0x7b70, 0xc340, 0x4063, 0x4260, 0x4160,
    0x0982, 0x0440, 0x7167, 0x0be9, 0xb211, 0xc540, 0x43a1, 0x42a1,
    0x41a1, 0xd808, 0x096e, 0x0440, 0x2742, 0x10c0, 0x207d, 0x0140,
    0xb808, 0x71f5, 0x20ca, 0x0021, 0xf1af, 0x1e00, 0x7405, 0x900f,
    0xe022, 0xf1f4, 0xb883, 0xb100, 0x1e00, 0x7005, 0x900f, 0xe0ca,
    0xf1bb, 0x78e0, 0xc7e1, 0xc6e1, 0xc5e1, 0x1600, 0x708d, 0x8000,
    0x0b68, 0x1600, 0x708e, 0x8000, 0x0b69, 0x485a, 0x7ecf, 0x7daf,
    0x0e0f, 0x1345, 0xc5c1, 0xc6c1, 0xc7c1, 0x015d, 0xff0f, 0x1600,
    0x7003, 0x8000, 0x041c, 0x2d40, 0x130c, 0x7b05, 0x7c65, 0x6c91,
    0xbc91, 0xbc9c, 0xbc9f, 0x94e0, 0x7ff0, 0xea0f, 0x1600, 0x7083,
    0x8000, 0x0008, 0x7b6f, 0x6b76, 0xeb03, 0x2f09, 0x10c3, 0xbbca,
    0x71a5, 0xb460, 0xf1de, 0x2756, 0x1103, 0xe9fb, 0x2759, 0x1103,
    0xe79f, 0x23ca, 0x002e, 0xf1f5, 0x1cfc, 0xb6c8, 0xc7e1, 0xc6e1,
    0xc5e1, 0xc1a1, 0x1600, 0x708d, 0x8000, 0x0b68, 0x1600, 0x708c,
    0x8000, 0x0b69, 0x1600, 0x700e, 0x8000, 0x041c, 0x7c8f, 0x7daf,
    0xc440, 0x264a, 0x3240, 0x255a, 0x124c, 0x7b6b, 0x78c5, 0x74bd,
    0x26ca, 0x30c2, 0x7c90, 0x7994, 0xc400, 0x0c15, 0x1345, 0x7487,
    0xc5c1, 0xc6c1, 0xc7c1, 0x1404, 0x341b, 0x7ee0, 0x2d40, 0x131b,
    0x704d, 0x2305, 0x301b, 0x706d, 0x7b6b, 0x9180, 0x7ec0, 0x26ca,
    0x12c1, 0x7224, 0xea22, 0x7c8e, 0x2c04, 0x1f8f, 0x0000, 0x0040,
    0x2404, 0x9f8c, 0x8000, 0x003f, 0x24c2, 0x1064, 0x24c5, 0x1f84,
    0xffff, 0xffc0, 0x24c0, 0x1064, 0x6ff6, 0x2605, 0x16ce, 0x7f85,
    0x6ed1, 0xbe91, 0xbe9c, 0xbe9f, 0xb6e0, 0x7145, 0x2356, 0x180b,
    0x0ab9, 0x9784, 0x71a5, 0xf1ca, 0x2c41, 0x128f, 0xbcc9, 0xf1ee,
    0xc0f1, 0x1cfc, 0xb6c8, 0xc7e1, 0xc6e1, 0xc5e1, 0xc1a5, 0x4318,
    0x4528, 0x0dfe, 0xff4f, 0x08bf, 0x0050, 0x0d0b, 0x1051, 0x08b7,
    0x0090, 0x41c3, 0x0001, 0x0073, 0x2b40, 0x3300, 0x2b40, 0x334e,
    0x2005, 0x0042, 0x2605, 0x1f8e, 0x9002, 0x00e4, 0xc240, 0x2142,
    0x00c1, 0x7905, 0x208a, 0x000c, 0xb600, 0x1600, 0x7080, 0x8000,
    0x0008, 0x704c, 0x780f, 0x7214, 0x23ca, 0x0321, 0x23ca, 0x0222,
    0x7850, 0xb808, 0x7825, 0x6811, 0xb89c, 0xb89f, 0x9000, 0xc485,
    0x7810, 0x7c54, 0xb82a, 0x7862, 0x1cf0, 0x9004, 0x7144, 0x0ae5,
    0x8211, 0x70ed, 0x70ad, 0xc085, 0x78b4, 0x10f0, 0x8100, 0x2055,
    0x0c40, 0xb600, 0xd808, 0x082e, 0xff0f, 0x4187, 0x78b0, 0xb808,
    0x7825, 0x6811, 0xb89c, 0xb89f, 0x9000, 0xb8c0, 0x78b8, 0x71a5,
    0x7f05, 0x0dd7, 0x9211, 0x1e00, 0x1005, 0x4163, 0x40e1, 0x0d6e,
    0xfecf, 0xc0a5, 0xc5c1, 0xc6c1, 0xc7c1, 0x1404, 0x341b, 0xc0d1,
    0x7ee0, 0x41c3, 0x0001, 0x0074, 0xf1a8, 0x78e0, 0x1cfc, 0xb6c8,
    0xc7e1, 0xc6e1, 0xc5e1, 0x1600, 0x7083, 0x8000, 0x0b68, 0x1600,
    0x708e, 0x8000, 0x0b69, 0x7b6f, 0x7ecf, 0x0a33, 0x0090, 0x235a,
    0x024c, 0x7154, 0x729d, 0x23ca, 0x1222, 0xf413, 0x2456, 0x1042,
    0x234a, 0x1200, 0x224a, 0x1200, 0xdf09, 0x0e1d, 0x10c5, 0xc5c1,
    0xc6c1, 0xc7c1, 0x1404, 0x341b, 0x7ee0, 0x4260, 0x706d, 0x704d,
    0x71ed, 0xf1f5, 0x2b40, 0x035b, 0x4549, 0x0b0b, 0x1345, 0x7164,
    0xf1ed, 0x2d40, 0x124c, 0x2405, 0x16cc, 0x2405, 0x1f8c, 0x9002,
    0x0154, 0x9480, 0x7c90, 0xe90b, 0x2c41, 0x111e, 0xbcc9, 0x2604,
    0x3f9e, 0x0000, 0x0fc0, 0x2400, 0x178c, 0x2014, 0x009e, 0x71a5,
    0x1e00, 0x3304, 0x62fa, 0xf1e3, 0x43c3, 0x8000, 0x041c, 0x4264,
    0x6a51, 0x2205, 0x0f8c, 0x9003, 0xe00a, 0xe8a4, 0xc0f1, 0x2205,
    0x0f82, 0x9003, 0xe016, 0x1a00, 0x0005, 0x1c00, 0x1005, 0xd814,
    0x0f22, 0xfecf, 0x1e00, 0x7005, 0x9003, 0xe128, 0x1e00, 0x7045,
    0x9003, 0xe014, 0x1e00, 0x7005, 0x9003, 0xe114, 0x1e00, 0x7005,
    0x9003, 0xe112, 0x1e00, 0x7005, 0x9003, 0xe118, 0xc0d1, 0x7ee0,
    0x1e00, 0x7044, 0x9003, 0xe114, 0x1e00, 0x7044, 0x9003, 0xe112,
    0x1e00, 0x7005, 0x9003, 0xe116, 0x1e00, 0x7005, 0x9003, 0xe014,
    0x1c00, 0x1045, 0x1e00, 0x7005, 0x9003, 0xe128, 0x4064, 0x6811,
    0x2005, 0x0f80, 0x9003, 0xe016, 0x1800, 0x0085, 0x7ee0, 0x78e0,
    0x8a60, 0x6038, 0xa860, 0x8a21, 0x1836, 0x0042, 0x8a22, 0x186c,
    0x0042, 0x8a23, 0x18a2, 0x0042, 0x7ee0, 0x78e0, 0xc0f1, 0x1cfc,
    0xb6c8, 0xc7e1, 0xc6e1, 0xc5e1, 0xc1a7, 0xc043, 0x1600, 0x7080,
    0x8000, 0x0b66, 0x202f, 0x8007, 0xc044, 0x70df, 0x8000, 0x004d,
    0x20ca, 0x0f81, 0x8000, 0x0032, 0x88c0, 0x409f, 0xbec0, 0xb8c1,
    0x2078, 0x009b, 0x0ba3, 0x3380, 0x1600, 0x708d, 0x8000, 0x0b66,
    0x265f, 0x1d80, 0x7daf, 0x75c3, 0xfed0, 0x97cb, 0x259a, 0x1b01,
    0x651d, 0x8df0, 0x0c2a, 0xff8f, 0x2704, 0x1f80, 0xffff, 0xffb0,
    0x204f, 0x0181, 0x792f, 0xc145, 0x8d34, 0x8de1, 0xc166, 0x712c,
    0x2900, 0x038e, 0x265f, 0x114e, 0xd910, 0x7ecf, 0xb882, 0x42c1,
    0xb886, 0x780f, 0x0c26, 0x0440, 0x7fef, 0xbfe3, 0x21ca, 0x0021,
    0xf207, 0x712c, 0x42c1, 0x40e1, 0x0c12, 0x0440, 0x712c, 0x4497,
    0xb8c1, 0x7214, 0xf49e, 0xe984, 0x0bd6, 0xff8f, 0x478f, 0x1c08,
    0x3001, 0xc641, 0x1c00, 0x3401, 0xda22, 0x762c, 0xd880, 0x081e,
    0x0440, 0x712c, 0x700c, 0x0a4e, 0xff8f, 0x702c, 0x40c3, 0x0003,
    0xd090, 0x0e56, 0xfecf, 0x1600, 0x7080, 0x8000, 0x0403, 0x262f,
    0xf007, 0xf20a, 0x0f8e, 0xff4f, 0x732c, 0x40c3, 0x0000, 0xc350,
    0x0e36, 0xfecf, 0xd80b, 0x0b1a, 0x0400, 0xd811, 0x0b12, 0x0400,
    0xd812, 0x0b0e, 0x0400, 0x4487, 0x2314, 0x300d, 0x2500, 0x1f80,
    0x8000, 0x0b20, 0x88c0, 0x0e6a, 0xff8f, 0x6df3, 0x7ecf, 0x77c3,
    0x8000, 0x0b44, 0x702c, 0x09cb, 0x0384, 0xd90c, 0x40c3, 0x0000,
    0x1388, 0x0df6, 0xfecf, 0x0e92, 0xfecf, 0x1600, 0x7000, 0x8000,
    0x041c, 0x702c, 0x2840, 0x005b, 0x2305, 0x3f80, 0x9004, 0x0082,
    0x1800, 0x0005, 0x40c3, 0x0000, 0x1388, 0x0dce, 0xfecf, 0xd810,
    0x0d0a, 0xfecf, 0xdacf, 0xd910, 0x40c3, 0x8000, 0x09a4, 0x0cd6,
    0xfecf, 0xdaff, 0xd910, 0x40c3, 0x8000, 0x09a4, 0x0cc6, 0xfecf,
    0x409f, 0x1c08, 0x3001, 0x1c04, 0x3041, 0x1c00, 0x3fc1, 0x2500,
    0x1f81, 0xfda1, 0x2f96, 0x215a, 0x0d81, 0x43c3, 0xfffe, 0xffff,
    0x704c, 0x0846, 0x0480, 0xd90a, 0x40c3, 0x0000, 0x36b0, 0x0d7a,
    0xfecf, 0x702c, 0x0953, 0x0384, 0xd810, 0x0a56, 0x0400, 0x2305,
    0x3f80, 0x9004, 0x000e, 0x9020, 0xb9a8, 0xb020, 0xd814, 0xc0a7,
    0xc5c1, 0xc6c1, 0xc7c1, 0x1404, 0x341b, 0xc0d1, 0x04b5, 0xfecf,
    0x8d14, 0x42c1, 0xd914, 0x780f, 0x0ac2, 0x0440, 0xf160, 0x6738,
    0x8800, 0x228a, 0x0004, 0xb80d, 0x7124, 0x2005, 0x0f80, 0x9002,
    0x0118, 0xb040, 0xf191, 0x6738, 0x8800, 0x7124, 0xb80d, 0x2005,
    0x0f80, 0x9002, 0x0118, 0x1800, 0x0f84, 0x0000, 0x1000, 0xf1cc,
    0x0811, 0x03d5, 0x2e01, 0x7001, 0x0000, 0x4041, 0xb9c0, 0xe984,
    0x2078, 0x0a01, 0x4020, 0x7ee0, 0xc0f1, 0xc5e1, 0x45cb, 0x9004,
    0x0146, 0x1d00, 0x1045, 0xd820, 0x0c4a, 0xfecf, 0x1d00, 0x1005,
    0xc5c1, 0xc0d1, 0x7ee0, 0x78e0, 0xc0f1, 0x1e00, 0x7005, 0x9003,
    0xff6a, 0x1e00, 0x7005, 0x9003, 0xe160, 0x1e00, 0x7005, 0x9003,
    0xe162, 0x1e00, 0x7005, 0x9004, 0x0180, 0x4414, 0x1e00, 0x7005,
    0x9004, 0x00f2, 0x6811, 0x2005, 0x0f80, 0x9003, 0xe000, 0x1800,
    0x0005, 0x1600, 0x7100, 0x900e, 0x0022, 0xb8a4, 0x1e00, 0x7004,
    0x900f, 0xe022, 0x0f96, 0xffcf, 0x1600, 0x7080, 0x8000, 0x0403,
    0x780f, 0x080d, 0x0095, 0xc0d1, 0x036d, 0xfecf, 0xc0d1, 0x7ee0,
    0xc0f1, 0xc5e1, 0x45cb, 0x9005, 0xe140, 0x1d00, 0x1045, 0xd820,
    0x0bc2, 0xfecf, 0x1d00, 0x1005, 0xc5c1, 0xc0d1, 0x7ee0, 0x78e0,
    0xc0f1, 0x1cfc, 0xb6c8, 0xc7e1, 0xc6e1, 0xc5e1, 0x2458, 0x3b5c,
    0x4508, 0x14c8, 0x3000, 0xc140, 0xc052, 0x14cc, 0x3000, 0xc356,
    0xc044, 0x14d4, 0x3000, 0x1c5c, 0x3001, 0xc053, 0x14d0, 0x3000,
    0x1c60, 0x3001, 0x14d8, 0x301b, 0x4748, 0x780b, 0xf2b2, 0x1c04,
    0x3241, 0x08be, 0xff4f, 0xc04a, 0x2542, 0x10c0, 0x7414, 0x015a,
    0x000e, 0x71b5, 0xf2a9, 0x70ad, 0x1600, 0x700e, 0x8000, 0x041c,
    0x1600, 0x7080, 0x8000, 0x0b68, 0x1c1b, 0x3002, 0x1600, 0x7080,
    0x8000, 0x0b69, 0x780f, 0xc043, 0x1600, 0x7080, 0x8000, 0x0b98,
    0x780f, 0xc047, 0x1308, 0x3000, 0xc048, 0x130c, 0x3000, 0xc04b,
    0x1310, 0x3000, 0xc049, 0x4087, 0x7314, 0x0464, 0x0001, 0x1c14,
    0x3001, 0x7114, 0x044e, 0x0002, 0x141b, 0x3081, 0x409f, 0x7110,
    0x013a, 0x000e, 0x4087, 0x71ad, 0x7314, 0x22ca, 0x0021, 0xf204,
    0x2a6f, 0x03cf, 0x141b, 0x3080, 0xc042, 0x4100, 0x409f, 0x7110,
    0x015c, 0x000e, 0x0f0e, 0xffcf, 0x1304, 0x3000, 0x73f5, 0xc04e,
    0x0186, 0x000e, 0x716c, 0x141b, 0x3080, 0x419f, 0x7110, 0x01ba,
    0x0006, 0xd8c8, 0x0f0e, 0xff4f, 0x1314, 0x3100, 0x0f1e, 0xff4f,
    0x4087, 0x1c10, 0x3001, 0xb880, 0x7314, 0x20ca, 0x0f81, 0x0000,
    0x00d4, 0x70df, 0x0000, 0x0080, 0xc04d, 0x4087, 0xb8a0, 0xc04f,
    0xc016, 0x712c, 0x0d92, 0xff4f, 0xc00e, 0x4787, 0x264a, 0x3000,
    0xe805, 0x1300, 0x3003, 0x1410, 0x301e, 0x265f, 0x30c0, 0xc04c,
    0x7104, 0xc051, 0x141b, 0x3080, 0x419f, 0x7110, 0x018a, 0x0006,
    0x208a, 0x0fcf, 0x1e00, 0x7004, 0x9003, 0xe176, 0x4487, 0x1e00,
    0x7005, 0x9003, 0xe176, 0x7104, 0xc044, 0x4587, 0xc00d, 0x09b5,
    0x8004, 0x7dab, 0x031c, 0x0002, 0xc00a, 0x7214, 0x035c, 0x0002,
    0x6e11, 0x2005, 0x0f80, 0x9003, 0xe012, 0x1800, 0x0085, 0x2455,
    0x3b5c, 0xc5c1, 0xc6c1, 0xc7c1, 0x1404, 0x341b, 0xc0d1, 0x7ee0,
    0x1c04, 0x3201, 0xf14f, 0x700c, 0x0c3a, 0x0400, 0x250a, 0x9000,
    0xf353, 0x1600, 0x7080, 0x8000, 0x0b68, 0x1600, 0x7082, 0x8000,
    0x0b69, 0x780f, 0x7a4f, 0x7050, 0x0690, 0xffcd, 0x7a02, 0x702c,
    0x2314, 0x3000, 0x7144, 0x483c, 0x6a51, 0x094a, 0xfecf, 0xf13e,
    0x1c14, 0x3241, 0x1c04, 0x3281, 0xf160, 0x449f, 0x0809, 0x0047,
    0x7124, 0xf15e, 0xc009, 0x2940, 0x0303, 0x78c5, 0x704c, 0x7b05,
    0x2a40, 0x0200, 0x7865, 0x6811, 0xb891, 0xb89c, 0xb89f, 0x9080,
    0x215a, 0x0280, 0x6058, 0x2455, 0x3b4d, 0x2514, 0x1000, 0x18b0,
    0x8304, 0x408f, 0x7144, 0x0add, 0x8004, 0xf1e4, 0x449f, 0x0837,
    0x0046, 0x4787, 0x7830, 0x2605, 0x108c, 0x23f4, 0x0003, 0x2940,
    0x0300, 0x7885, 0xc40b, 0x7c05, 0x6c91, 0xbc91, 0xbc9c, 0xbc9f,
    0xb460, 0xed09, 0xc409, 0x7885, 0x6811, 0xb891, 0xb89c, 0xb89f,
    0xb060, 0x7124, 0xf134, 0xc00a, 0xb8a0, 0x7214, 0xf53c, 0x6e11,
    0x2005, 0x0f80, 0x9003, 0xe012, 0x277d, 0x108f, 0xb0e0, 0xc00a,
    0x7314, 0xf532, 0x1e00, 0x7205, 0x9004, 0x0180, 0x1e00, 0x7005,
    0x9004, 0x0184, 0x6ff3, 0x43c3, 0x0000, 0x4001, 0x1e00, 0x73c4,
    0x9004, 0x0182, 0xf121, 0x489e, 0x7930, 0x23f4, 0x3041, 0xc404,
    0x2840, 0x0342, 0xb90a, 0x2205, 0x0f82, 0x9002, 0x1f6a, 0x7965,
    0xb220, 0x7a10, 0x24f4, 0x1082, 0x2455, 0x3b41, 0x7914, 0x7104,
    0x19a8, 0x8084, 0xf10b, 0x459f, 0x0909, 0x0007, 0x7104, 0xf136,
    0xc400, 0x2455, 0x3b41, 0x7914, 0x11a8, 0x8102, 0x0cbf, 0x1095,
    0xc408, 0x2253, 0x0181, 0x6199, 0xe1ff, 0x00ae, 0x000e, 0x2456,
    0x1401, 0xc412, 0x6159, 0x2455, 0x3b42, 0x7a14, 0x1aa8, 0x8044,
    0xec26, 0xb9e6, 0xf224, 0xe140, 0x2840, 0x034c, 0x1aa8, 0x8044,
    0x2405, 0x1f81, 0x9002, 0x016a, 0x2054, 0x01c2, 0x1100, 0x010a,
    0x7a50, 0x2314, 0x3082, 0x9220, 0x2204, 0x1f8a, 0xffff, 0xc3ff,
    0x7932, 0xb220, 0x2405, 0x1f8c, 0x9002, 0x1f6a, 0xb90a, 0x2104,
    0x0f81, 0x0000, 0x3c00, 0x2105, 0x0281, 0xb420, 0x2455, 0x3b42,
    0x7a14, 0x12a8, 0x810c, 0xc20b, 0x2840, 0x0301, 0xc150, 0x79c5,
    0x7a25, 0x6a51, 0x2205, 0x0f82, 0x9002, 0x1e00, 0xb280, 0xed0a,
    0xc209, 0x7945, 0x6931, 0x2105, 0x0f81, 0x9002, 0x1e00, 0xb180,
    0x2000, 0x0f81, 0x0000, 0x0174, 0x7930, 0xc154, 0x205a, 0x0141,
    0x468f, 0xc155, 0xf01d, 0xc108, 0xf1ad, 0xc40f, 0x0cb1, 0x9091,
    0xc408, 0x629a, 0x19a8, 0x8084, 0xf1d2, 0x4140, 0xf01f, 0x0a9b,
    0x1011, 0x248b, 0x9f43, 0xf40c, 0xc70c, 0x2400, 0x13ca, 0x2200,
    0x104a, 0x1a00, 0x10c2, 0x7185, 0x1b00, 0x1302, 0x7144, 0x418f,
    0x7230, 0x06fc, 0xffc6, 0xc113, 0xe969, 0x0ad3, 0x8215, 0xc114,
    0x2216, 0x0041, 0xb99f, 0x8920, 0x792f, 0xc700, 0xc415, 0x73f5,
    0xc710, 0x7994, 0x2a40, 0x020a, 0x219f, 0x040d, 0x22ca, 0x1f81,
    0x0000, 0x0800, 0x71c3, 0x8000, 0x6318, 0x2600, 0x3f8c, 0x0000,
    0x027c, 0x4328, 0x2205, 0x13ca, 0x2372, 0x130c, 0x2a40, 0x104a,
    0x2205, 0x1f8a, 0x9002, 0x016e, 0x1200, 0x110a, 0x7c8f, 0x2253,
    0x13ca, 0x0c7f, 0x9051, 0x0a99, 0x9010, 0xc411, 0x6199, 0xa960,
    0x1b00, 0x1083, 0xf1c4, 0x0c89, 0x90d1, 0xc40c, 0x6199, 0x1101,
    0x008a, 0x8980, 0x89e2, 0x7c8f, 0x2253, 0x11ca, 0x7fef, 0x2202,
    0x130a, 0x7c6f, 0x7ce2, 0x0add, 0x9305, 0x8982, 0xa980, 0xa961,
    0xf1e8, 0x449f, 0x4197, 0x0819, 0x0047, 0x4097, 0x7104, 0xc042,
    0x409f, 0x4197, 0x08ef, 0x8045, 0x04e1, 0xffcf, 0x4097, 0x702c,
    0x2840, 0x0302, 0xc009, 0x78c5, 0x7a05, 0x4097, 0x2455, 0x3b43,
    0x205a, 0x0280, 0x6038, 0x2314, 0x0000, 0x10b0, 0x8103, 0x2940,
    0x0200, 0x7845, 0x6811, 0xb891, 0xb89c, 0xb89f, 0xb060, 0x408f,
    0x7124, 0x09db, 0x8004, 0xf1db, 0xc00a, 0x7314, 0x04b2, 0xffc2,
    0x6e11, 0x2005, 0x0f80, 0x9003, 0xe012, 0x1800, 0x0105, 0x04a3,
    0xffcf, 0x7dab, 0x03cc, 0xffc1, 0x03b1, 0xffcf, 0x7dab, 0x04e4,
    0xffc2, 0x1c14, 0x3241, 0x1c04, 0x3281, 0x704c, 0x03b9, 0xffcf,
    0x1600, 0x7082, 0x8000, 0x0b6b, 0x1600, 0x708c, 0x8000, 0x0101,
    0x7a4f, 0x7c8f, 0x223c, 0x0042, 0x2144, 0x0043, 0x2014, 0x0082,
    0x0c09, 0x1087, 0x2347, 0x0043, 0x4060, 0x7ee0, 0xc0f1, 0x1cfc,
    0xb6c8, 0xc7e1, 0xc6e1, 0xc5e1, 0xc1a2, 0xc140, 0x1600, 0x708d,
    0x8000, 0x0b68, 0x4708, 0x1600, 0x7080, 0x8000, 0x0b69, 0x7daf,
    0x780f, 0x251a, 0x108e, 0xc041, 0x4358, 0x408f, 0x0815, 0x0345,
    0xc0a2, 0xc5c1, 0xc6c1, 0xc7c1, 0x1404, 0x341b, 0xc0d1, 0x7ee0,
    0x2704, 0x9f81, 0x0100, 0x0000, 0xf41a, 0x0b2f, 0x3010, 0x2d40,
    0x130c, 0x42c3, 0x9002, 0x0000, 0x7ce5, 0x2940, 0x0203, 0x1400,
    0x300a, 0x7b85, 0x22f4, 0x00c3, 0x2214, 0x1380, 0xb060, 0x7124,
    0x71c5, 0x09eb, 0x86c4, 0x71a5, 0x7daf, 0xf1d9, 0x1600, 0x7000,
    0x8000, 0x041c, 0x2706, 0x1000, 0xb8a0, 0x70c3, 0xfeff, 0xfff0,
    0x2841, 0x0101, 0xe0bf, 0x20ca, 0x012d, 0xf70d, 0x2632, 0x7040,
    0x0000, 0x340c, 0x70c3, 0x0000, 0x340c, 0x7800, 0x3848, 0x0434,
    0x730c, 0x1600, 0x7081, 0x8000, 0x0b6b, 0x792f, 0x213c, 0x0341,
    0x2180, 0x0dd6, 0x2114, 0x0000, 0x2744, 0x1041, 0x2114, 0x0000,
    0x4187, 0xb89f, 0x8800, 0x79d4, 0x780f, 0x71c5, 0xb100, 0xf1cd,
    0x720c, 0xf1e9, 0x41a1, 0x78ef, 0x0eea, 0xffcf, 0x204e, 0x0080,
    0x780f, 0xf1e1, 0x700c, 0xf1df, 0xc0f1, 0xc1a2, 0x1c00, 0x3001,
    0x1c04, 0x3001, 0x1600, 0x7000, 0x8000, 0x0470, 0x714c, 0x4183,
    0x0eee, 0xffcf, 0xc0a2, 0xc0d1, 0x7ee0, 0x78e0, 0xc0f1, 0xc1b4,
    0xda50, 0x702c, 0x4083, 0x0cbe, 0xfe8f, 0xda09, 0x4183, 0xd84e,
    0x0ece, 0xffcf, 0xc0b4, 0xc0d1, 0x7ee0, 0x78e0, 0xc0f1, 0xc7e1,
    0xc6e1, 0xc5e1, 0x2459, 0x345c, 0xda50, 0x4608, 0x4528, 0xc08e,
    0x702c, 0x0c92, 0xfe8f, 0xda1c, 0x702c, 0x4083, 0x0c86, 0xfe8f,
    0xda1c, 0x702c, 0xc087, 0x0c7e, 0xfe8f, 0xee36, 0x4d5a, 0xc040,
    0x4d4e, 0x1c1c, 0x3041, 0xc041, 0x1c20, 0x3241, 0x2500, 0x1f80,
    0x0100, 0x0020, 0x1c24, 0x3041, 0xe528, 0xc042, 0xc543, 0x1c28,
    0x3041, 0x74cd, 0x1600, 0x700f, 0x8000, 0x041c, 0x70ad, 0xda50,
    0x702c, 0xc08e, 0x0c3e, 0xfe8f, 0x2456, 0x3440, 0x2015, 0x0341,
    0x1178, 0x8000, 0x1194, 0x8002, 0x78e5, 0xc18e, 0x0e42, 0xffcf,
    0x71a5, 0x0ddf, 0x9384, 0x2456, 0x345c, 0xc5c1, 0xc6c1, 0xc7c1,
    0xc0d1, 0x7ee0, 0x4d48, 0xc040, 0x4d28, 0xc041, 0xd84e, 0xc043,
    0xd84f, 0xc044, 0xd850, 0xe512, 0xc045, 0xc542, 0xd851, 0x1c1c,
    0x3081, 0xc046, 0x1c20, 0x3241, 0x1c24, 0x3241, 0x1c28, 0x3241,
    0x1c2c, 0x3241, 0x1c30, 0x3241, 0x1c34, 0x3241, 0xde07, 0xf1c4,
    0xc0f1, 0x1cfc, 0xb6c8, 0xc7e1, 0xc6e1, 0xc5e1, 0x2495, 0x3c7e,
    0xda80, 0x702c, 0xc08f, 0x0bbe, 0xfe8f, 0xda80, 0x702c, 0x2455,
    0x3bc0, 0x0bb2, 0xfe8f, 0xda10, 0x702c, 0xc08b, 0x0ba6, 0xfe8f,
    0xda10, 0x702c, 0xc087, 0x0b9e, 0xfe8f, 0x1600, 0x7080, 0x8000,
    0x0a2e, 0x1600, 0x700f, 0x8000, 0x041c, 0xc042, 0x1600, 0x7080,
    0x8000, 0x0a36, 0x70ad, 0xc043, 0x1600, 0x7080, 0x8000, 0x0a26,
    0xc046, 0x1600, 0x708e, 0x8000, 0x0b68, 0x4097, 0x1600, 0x709b,
    0x8000, 0x0b69, 0x7ecf, 0x2353, 0x31db, 0xb8e0, 0xf253, 0x4d48,
    0xc18b, 0x714c, 0x79b6, 0x78e5, 0x0d66, 0xffcf, 0x0b9b, 0x3385,
    0x409f, 0xb8e4, 0xf208, 0x4d58, 0xc187, 0x714c, 0x79b6, 0x78e5,
    0x0d4e, 0xffcf, 0x6d01, 0x71ad, 0x08bb, 0x8091, 0x1600, 0x7080,
    0x8000, 0x0b66, 0x71cd, 0x262f, 0xf007, 0x27ca, 0x16e2, 0x27ca,
    0x1021, 0x2700, 0x1f80, 0x8000, 0x0026, 0xc041, 0x2700, 0x1f80,
    0x8000, 0x0030, 0xc044, 0x71ad, 0xf049, 0x2555, 0x1243, 0x2940,
    0x0300, 0x7be5, 0x222f, 0x1048, 0x7b05, 0x704c, 0x2a40, 0x0200,
    0x7865, 0x6811, 0xb891, 0xb89c, 0xb89f, 0x9080, 0x2216, 0x028b,
    0x6d15, 0x7061, 0x2400, 0x3f8b, 0x0000, 0x013c, 0x2314, 0x1000,
    0x1800, 0x8304, 0x7144, 0x0ad9, 0x8211, 0x7124, 0x0bbf, 0xb045,
    0xf1b6, 0x41c1, 0xf1fc, 0x2554, 0x14c2, 0x2e40, 0x1300, 0x7ae5,
    0x7bd0, 0x7a05, 0x702c, 0x2940, 0x0200, 0x7845, 0x6811, 0xb891,
    0xb89c, 0xb89f, 0x9080, 0x2116, 0x00ca, 0x6d15, 0x7041, 0x2400,
    0x3f8a, 0x0000, 0x013c, 0x2214, 0x1000, 0x1880, 0x8304, 0x7124,
    0x09d7, 0x8211, 0x71c5, 0xf194, 0x70ad, 0x0e53, 0x1340, 0x4497,
    0xb8e4, 0x20ca, 0x0021, 0x23ca, 0x3021, 0xf219, 0x1600, 0x7081,
    0x8000, 0x0b68, 0x1600, 0x708a, 0x8000, 0x0b69, 0x1c00, 0x3001,
    0x2253, 0x11ca, 0x792f, 0x700c, 0x0a2d, 0x1045, 0x6816, 0x09f2,
    0xfe4f, 0x4318, 0x4087, 0x09ea, 0xfe4f, 0x418f, 0x4687, 0x1901,
    0x06d2, 0x1a01, 0x0012, 0xc244, 0xc141, 0xedd8, 0x0ec9, 0x1010,
    0x70cd, 0xf18b, 0x4297, 0x7c30, 0xbae0, 0x6c93, 0xf23c, 0x2400,
    0x3f83, 0x0000, 0x013c, 0x2115, 0x0382, 0x2400, 0x3f8b, 0x0000,
    0x013c, 0x2314, 0x0082, 0x2115, 0x0343, 0x1278, 0x8702, 0x2314,
    0x10c3, 0x1378, 0x8703, 0xba26, 0xbb26, 0x7a62, 0x2008, 0x0080,
    0x706c, 0x2400, 0x10db, 0x2400, 0x3f8b, 0x0000, 0x013c, 0x6e55,
    0x7263, 0x2314, 0x1082, 0x1280, 0x810b, 0x6d55, 0x7263, 0x2400,
    0x3f9b, 0x0000, 0x013c, 0x2314, 0x3082, 0x1280, 0x8102, 0x7164,
    0x2302, 0x108b, 0x4287, 0x2208, 0x02c2, 0xc240, 0x0bc7, 0x8211,
    0x7124, 0xf1ac, 0x706d, 0x2400, 0x12db, 0x2400, 0x3f83, 0x0000,
    0x013c, 0x6e55, 0x7263, 0x2314, 0x0082, 0x6d75, 0x1200, 0x8102,
    0x7363, 0x2400, 0x3f9b, 0x0000, 0x013c, 0x2314, 0x30c3, 0x1300,
    0x8103, 0xba26, 0xbb26, 0x7165, 0x7a62, 0x2008, 0x0080, 0x0bcb,
    0x9211, 0xf1c0, 0x2700, 0x1f80, 0x8000, 0x002c, 0xc041, 0x2700,
    0x1f80, 0x8000, 0x0028, 0xc040, 0x71cd, 0x4087, 0x71ad, 0xc045,
    0x408f, 0xc044, 0xf006, 0x4087, 0x70ad, 0xc045, 0x408f, 0xc044,
    0x0e13, 0x1340, 0x4497, 0xb8e4, 0x20ca, 0x0021, 0x23ca, 0x3021,
    0xf216, 0x1600, 0x7081, 0x8000, 0x0b68, 0x1600, 0x708b, 0x8000,
    0x0b69, 0x792f, 0x2353, 0x11cb, 0x70ed, 0x700c, 0x0b31, 0x1045,
    0x08ae, 0xfe4f, 0x4318, 0x40e1, 0x08a6, 0xfe4f, 0x4187, 0x7124,
    0xc140, 0x458f, 0x1900, 0x06c2, 0x418f, 0x7124, 0xc141, 0x4587,
    0xa900, 0xedd3, 0x7ecb, 0xf285, 0x70cd, 0xf1c9, 0x4297, 0x7b30,
    0xbae0, 0x6b73, 0xf25e, 0x2400, 0x3f8c, 0x0000, 0x013c, 0x2115,
    0x0382, 0x2414, 0x1082, 0x1278, 0x870c, 0x704d, 0x2300, 0x029b,
    0x6d55, 0x7263, 0x2400, 0x3f9b, 0x0000, 0x013c, 0x2314, 0x3082,
    0x1280, 0x8102, 0x7145, 0x4c52, 0x2008, 0x0080, 0x0ae1, 0x9211,
    0x429f, 0xbae4, 0xf20a, 0x2115, 0x0342, 0x2314, 0x3082, 0x1270,
    0x8702, 0x7c42, 0x2008, 0x0300, 0x0e65, 0x1340, 0x708d, 0x2300,
    0x031b, 0x2400, 0x3f8a, 0x0000, 0x013c, 0x6e55, 0x7263, 0x2214,
    0x1082, 0x1280, 0x810a, 0x6d55, 0x7263, 0x2400, 0x3f9b, 0x0000,
    0x013c, 0x2314, 0x3082, 0x1280, 0x8102, 0x7185, 0x2202, 0x108a,
    0x2708, 0x128f, 0x0ccb, 0x9211, 0x429f, 0xbae4, 0xf210, 0x2115,
    0x0382, 0x2115, 0x0343, 0x2314, 0x3082, 0x2314, 0x30c3, 0x1270,
    0x8702, 0x1370, 0x8703, 0x7a62, 0x2708, 0x108f, 0x7124, 0xf188,
    0x708d, 0x2300, 0x031b, 0x2400, 0x3f8a, 0x0000, 0x013c, 0x6e55,
    0x7263, 0x2214, 0x1082, 0x1200, 0x810a, 0x6d55, 0x7263, 0x2400,
    0x3f9b, 0x0000, 0x013c, 0x2314, 0x3082, 0x1280, 0x8102, 0x7185,
    0x2202, 0x108a, 0x2008, 0x0280, 0x0ccb, 0x9211, 0xf1ae, 0x2495,
    0x33c1, 0xc5c1, 0xc6c1, 0xc7c1, 0x1404, 0x341b, 0xc0d1, 0x7ee0,
    0xc0f1, 0x1cfc, 0xb6c8, 0xc7e1, 0xc6e1, 0xc5e1, 0x2458, 0x395c,
    0x4708, 0x14a8, 0x3000, 0xc243, 0xc344, 0xc042, 0x4528, 0x700c,
    0x790e, 0xc285, 0x7a34, 0x1a00, 0x0003, 0x2455, 0x3942, 0x2214,
    0x0041, 0xda7f, 0x1981, 0x8082, 0x7104, 0xe0c0, 0xf5f2, 0x271f,
    0x1f80, 0x0000, 0x14a0, 0xc041, 0x409f, 0x0847, 0x0345, 0x702c,
    0x700c, 0x7a2e, 0xc385, 0x2455, 0x394c, 0x7b54, 0x2414, 0x1082,
    0x8b60, 0x1281, 0x8082, 0x7124, 0x7350, 0x20c0, 0x006e, 0x22c2,
    0x00ce, 0x20c0, 0x008e, 0xe1c0, 0xf5ed, 0x7810, 0x2455, 0x395c,
    0xc5c1, 0xc6c1, 0xc7c1, 0x1404, 0x341b, 0xc0d1, 0x7ee0, 0x4097,
    0x41a1, 0x7214, 0x700c, 0xf425, 0x090a, 0xffcf, 0x2005, 0x83fe,
    0xf41d, 0x408f, 0x1410, 0x301b, 0x251f, 0x1f8e, 0x0000, 0x0528,
    0x70c3, 0x8000, 0x0dc8, 0x661e, 0x1682, 0x1083, 0x1c00, 0x3001,
    0xc285, 0x41c1, 0x2342, 0x07c3, 0x4040, 0x7b6d, 0x097e, 0xfecf,
    0x2655, 0x184e, 0x2380, 0xbfff, 0xf5f0, 0x71a5, 0xf1b6, 0x08c6,
    0xffcf, 0xef7d, 0x780b, 0xf1de, 0xc0f1, 0x1cfc, 0xb6c8, 0xc7e1,
    0xc6e1, 0xc5e1, 0x2459, 0x399c, 0xc047, 0xc141, 0xc248, 0x0c92,
    0xfecf, 0x4318, 0x408f, 0x0883, 0x0051, 0x1600, 0x7080, 0x8000,
    0x0b6d, 0x780f, 0xc045, 0x1600, 0x7080, 0x8000, 0x0b6c, 0x780f,
    0xc042, 0x1600, 0x7080, 0x8000, 0x0040, 0x780f, 0x0881, 0x00d0,
    0x2078, 0x0040, 0xc044, 0x449f, 0x780b, 0x0238, 0x0002, 0x1600,
    0x7080, 0x8000, 0x0020, 0x780f, 0x780c, 0x1e00, 0x7004, 0x8000,
    0x0420, 0x1600, 0x7080, 0x8000, 0x0021, 0x780f, 0x780c, 0x1e00,
    0x7004, 0x8000, 0x0422, 0x1c1c, 0x3001, 0x448f, 0x4197, 0x084d,
    0x0045, 0x700c, 0x2456, 0x399c, 0xc5c1, 0xc6c1, 0xc7c1, 0x1404,
    0x341b, 0xc0d1, 0x7ee0, 0x1600, 0x7080, 0x8000, 0x0b6b, 0x780f,
    0xc045, 0x1600, 0x7080, 0x8000, 0x0b6a, 0x780f, 0xc042, 0x1600,
    0x7080, 0x8000, 0x0025, 0x780f, 0x080b, 0x00d1, 0x1c10, 0x3081,
    0xf1c3, 0x1c10, 0x3041, 0xf1c1, 0x4097, 0x70ed, 0x1e00, 0x7002,
    0x8000, 0x0407, 0x4097, 0x209f, 0x0a14, 0xc049, 0xc008, 0x085f,
    0x03c6, 0x1e00, 0x73c2, 0x8000, 0x0408, 0xc009, 0x271f, 0x1f8e,
    0x0000, 0x0084, 0x661e, 0x2600, 0x1f80, 0x8000, 0x3708, 0xc046,
    0x4487, 0x2600, 0x1f8d, 0x8000, 0x0dc8, 0x0883, 0x0051, 0x0b3d,
    0x30d5, 0x40a1, 0x0832, 0xfecf, 0x086d, 0x8011, 0x1600, 0x7080,
    0x8000, 0x0402, 0x262f, 0xf007, 0xf207, 0x428f, 0x706c, 0x702c,
    0x40a1, 0x0f92, 0xfe0f, 0x1c1c, 0x3001, 0x71e5, 0x0fa1, 0x9291,
    0x4097, 0x7104, 0xc042, 0xf19b, 0x7377, 0x70df, 0x0092, 0x0001,
    0xf495, 0x4797, 0x41a1, 0x4260, 0x40a1, 0x08ce, 0xfecf, 0x0829,
    0x8011, 0x1600, 0x7080, 0x8000, 0x0402, 0x262f, 0xf007, 0xf3e7,
    0x479f, 0x428f, 0x702c, 0x40a1, 0x0f4a, 0xfe0f, 0x479f, 0x428f,
    0x4497, 0x702c, 0x0f3e, 0xfe0f, 0xf1d9, 0x2600, 0x1f80, 0x8000,
    0x2268, 0xc043, 0x0b39, 0x3095, 0x4300, 0x4100, 0x42a1, 0x40a1,
    0x0886, 0xfecf, 0x780b, 0xf570, 0x1600, 0x7080, 0x8000, 0x0402,
    0x262f, 0xf007, 0xf3c3, 0x428f, 0x706c, 0x702c, 0x40a1, 0x0f06,
    0xfe0f, 0x428f, 0x409f, 0x716c, 0x702c, 0xf1de, 0x0b53, 0x3091,
    0x40a1, 0x0f76, 0xfe8f, 0x780b, 0xf556, 0x1600, 0x7080, 0x8000,
    0x0402, 0x262f, 0xf007, 0xf208, 0x428f, 0x706c, 0x702c, 0x40a1,
    0x0ed2, 0xfe0f, 0x409f, 0x0f52, 0xfe8f, 0x780b, 0xf544, 0x1600,
    0x7080, 0x8000, 0x0402, 0x262f, 0xf007, 0xf208, 0x428f, 0x409f,
    0x716c, 0x702c, 0x0eae, 0xfe0f, 0x1c1c, 0x3041, 0xf18f, 0x7377,
    0x70df, 0x0093, 0x0001, 0xf42b, 0x4697, 0x419f, 0x76c3, 0x8000,
    0x4ba8, 0x40a1, 0x43c1, 0x0ff2, 0xfe8f, 0x780b, 0xf524, 0x1600,
    0x7080, 0x8000, 0x0402, 0x262f, 0xf007, 0xf379, 0x428f, 0x706c,
    0x702c, 0x40a1, 0x0e6e, 0xfe0f, 0x428f, 0x409f, 0x716c, 0x702c,
    0x0e62, 0xfe0f, 0x428f, 0x4497, 0x706c, 0x702c, 0x0e56, 0xfe0f,
    0x428f, 0x716c, 0x702c, 0x40c1, 0xf186, 0x0bba, 0x0400, 0xf15f,
    0x1600, 0x7080, 0x0002, 0x0000, 0x780f, 0x780c, 0x1e00, 0x7004,
    0x8000, 0x0420, 0x1600, 0x7080, 0x0002, 0x0001, 0x780f, 0x780c,
    0x1e00, 0x7004, 0x8000, 0x0422, 0x4487, 0x780b, 0x05d6, 0xffc1,
    0x4097, 0x1c0c, 0x3001, 0x209f, 0x0a14, 0x70c3, 0x8000, 0x0dc8,
    0xc046, 0x409f, 0x1e00, 0x7002, 0x8000, 0x0406, 0x700c, 0x2456,
    0x3982, 0x7910, 0x2214, 0x0043, 0x42c3, 0x0000, 0x7f00, 0x1b7c,
    0x8084, 0x2456, 0x3983, 0x2314, 0x0041, 0x197c, 0x809c, 0x7104,
    0xe0c0, 0xf5ef, 0xc502, 0x1418, 0x301b, 0x1c4b, 0x3f98, 0x3f1f,
    0x0000, 0x1ca8, 0x3f80, 0x001f, 0x0000, 0x448f, 0x0841, 0x0345,
    0x2455, 0x3ac0, 0x0e32, 0xfe8f, 0x780b, 0x056c, 0xffc2, 0xc08a,
    0x0e26, 0xfe8f, 0x780b, 0x0560, 0xffc2, 0x4097, 0x458f, 0x09e7,
    0x0005, 0x4497, 0x4587, 0x2096, 0x050a, 0xc046, 0x409f, 0x7104,
    0x7110, 0x0542, 0xffce, 0x449f, 0xc043, 0xf1bd, 0x1e00, 0x7342,
    0x8000, 0x0407, 0x476b, 0x70cd, 0xc008, 0x083f, 0x0386, 0x40e1,
    0x0a5e, 0xfe8f, 0x1e00, 0x7382, 0x8000, 0x0408, 0x08af, 0x0011,
    0x409f, 0x41a1, 0x0d3e, 0xff8f, 0x2455, 0x3ac2, 0xe882, 0xc28a,
    0x1282, 0x00c0, 0x1782, 0x10c3, 0x1c00, 0x3001, 0x7b02, 0x41e1,
    0x4040, 0x0dca, 0xfe8f, 0x71c5, 0x2755, 0x184f, 0x0ebd, 0x9291,
    0x71a5, 0x2396, 0x3942, 0xf1b3, 0x1e00, 0x7342, 0x8000, 0x0407,
    0x476b, 0x70cd, 0xc008, 0x0843, 0x0386, 0x1e00, 0x7382, 0x8000,
    0x0408, 0x409f, 0x41a1, 0x0cee, 0xff8f, 0xe823, 0x2455, 0x3ac0,
    0x1083, 0x0081, 0x40e1, 0x08fe, 0xfe8f, 0xe8a4, 0x1600, 0x7080,
    0x8000, 0x0402, 0x262f, 0xf007, 0xf207, 0x439f, 0x428f, 0x712c,
    0x40e1, 0x0cd2, 0xfe0f, 0x71c5, 0x2755, 0x184f, 0x0eb9, 0x9291,
    0x71a5, 0x2396, 0x3942, 0x448f, 0x08a1, 0x8345, 0xf193, 0xc08a,
    0xf1e0, 0xc502, 0x1418, 0x301b, 0xf1f7, 0x730c, 0x0469, 0xffcf,
    0x760c, 0x0465, 0xffcf, 0x78e0, 0x1600, 0x7082, 0x8000, 0x00e7,
    0xbae0, 0xf414, 0xbae1, 0xf414, 0x1600, 0x7082, 0x8000, 0x0062,
    0xb9a0, 0x7a4d, 0x090f, 0x0091, 0xba3f, 0x2079, 0x0000, 0x7844,
    0x7ee0, 0x6a1e, 0xb8c0, 0x7ee0, 0x710c, 0x7ee0, 0x700c, 0x7ee0,
    0xc0f1, 0x1cfc, 0xb6c8, 0xc7e1, 0xc6e1, 0xc5e1, 0xc1a6, 0x4608,
    0xc00b, 0xc143, 0xc044, 0xc00c, 0x4358, 0x4568, 0x4140, 0x0fae,
    0xffcf, 0xc045, 0x1600, 0x7080, 0x8000, 0x0403, 0x780f, 0x7114,
    0x27ca, 0x1f8d, 0x0000, 0x0056, 0xf707, 0x1600, 0x700f, 0x8000,
    0x041c, 0x2745, 0x150f, 0x1e00, 0x1001, 0x1e04, 0x1001, 0x1e08,
    0x1041, 0xa6e6, 0x2544, 0x1140, 0x7377, 0x025c, 0x000d, 0x26f4,
    0x76c1, 0x0000, 0x3f50, 0x780b, 0x71c3, 0x0000, 0x3f50, 0x7900,
    0x0008, 0x0218, 0x022c, 0x0238, 0x21ca, 0x04a2, 0x20ca, 0x0422,
    0x21ca, 0x04e1, 0x20ca, 0x0461, 0xa624, 0xa603, 0xd840, 0x1e00,
    0x7004, 0x9004, 0x00f2, 0xc30d, 0x409f, 0x468f, 0x6ff1, 0x2705,
    0x1f8f, 0x9003, 0xe000, 0x1f00, 0x1045, 0x1e00, 0x7005, 0x9003,
    0xe14e, 0x41a1, 0x0eb6, 0xff0f, 0x208a, 0x080c, 0x1e00, 0x7004,
    0x8000, 0x0458, 0x1e00, 0x7004, 0x8000, 0x045e, 0x1600, 0x7080,
    0x8000, 0x0008, 0x1c08, 0x3001, 0x780f, 0x7214, 0x409f, 0x1c04,
    0x3001, 0x1c00, 0x3001, 0x27ca, 0x1121, 0x27ca, 0x10a2, 0x706c,
    0xe088, 0x01d2, 0x000d, 0x2e01, 0x7000, 0x0000, 0x0105, 0xb8e0,
    0x01c2, 0x0001, 0xda18, 0xd907, 0x710c, 0xb80f, 0x0c2e, 0x0380,
    0x1e00, 0x7043, 0x8000, 0x045c, 0x1c08, 0x3001, 0xc541, 0x1c00,
    0x3001, 0x706c, 0x704c, 0xd907, 0x700c, 0x0c12, 0x0380, 0x1c08,
    0x3001, 0xc541, 0x1c00, 0x3001, 0xdb80, 0x704c, 0x752c, 0x710c,
    0xb814, 0x0bfa, 0x0380, 0x1c08, 0x31c1, 0xc541, 0x1c00, 0x3001,
    0x706c, 0x42e1, 0xd929, 0x710c, 0xb817, 0x0be2, 0x0380, 0x1600,
    0x7082, 0x8000, 0x0400, 0x1c08, 0x3001, 0xc541, 0x1c00, 0x3001,
    0x706c, 0x7a4f, 0xd907, 0x700c, 0x0bc2, 0x0380, 0x1c08, 0x3001,
    0xc541, 0x1c00, 0x3001, 0x706c, 0x704c, 0xd907, 0x700c, 0x0bae,
    0x0380, 0x1c08, 0x3001, 0xc541, 0x1c00, 0x3001, 0x752c, 0x238a,
    0x0004, 0x704c, 0x710c, 0xb815, 0x0b92, 0x0380, 0xd92a, 0x1c08,
    0x31c1, 0xc541, 0x1c00, 0x3001, 0x706c, 0x42e1, 0xd841, 0xb812,
    0x0b7a, 0x0380, 0x1c08, 0x3281, 0xc541, 0x1c00, 0x3001, 0x706c,
    0x744c, 0xd907, 0x700c, 0x0b66, 0x0380, 0x1e00, 0x7003, 0x8000,
    0x045c, 0x1c08, 0x3001, 0x1c04, 0x3001, 0x1c00, 0x3001, 0x706c,
    0x704c, 0xd907, 0x700c, 0x0b46, 0x0380, 0x1c08, 0x3001, 0x1c04,
    0x3001, 0x1c00, 0x3001, 0x706c, 0x704c, 0xd907, 0x700c, 0x0b2e,
    0x0380, 0x1600, 0x7100, 0x8000, 0x0458, 0x1e00, 0x7045, 0x9003,
    0xe166, 0x1e00, 0x7045, 0x9003, 0xe168, 0x1600, 0x7081, 0x8000,
    0x0008, 0x7810, 0x792f, 0x7434, 0x21ca, 0x0d21, 0x21ca, 0x0c22,
    0x1e00, 0x7044, 0x9003, 0xe160, 0xb822, 0x7704, 0xa605, 0x1e00,
    0x7045, 0x9003, 0xe162, 0x1600, 0x7080, 0x8000, 0x0b68, 0x1600,
    0x7082, 0x8000, 0x0b69, 0x1600, 0x7083, 0x8000, 0x0b98, 0x7a4f,
    0x7b6f, 0x780f, 0x0aad, 0x0005, 0xc0a6, 0xc5c1, 0xc6c1, 0xc7c1,
    0x1404, 0x341b, 0xc0d1, 0x7ee0, 0x21ca, 0x0422, 0x20ca, 0x04a2,
    0x21ca, 0x0461, 0x20ca, 0x04e1, 0x05f1, 0xffcf, 0x20ca, 0x09a2,
    0x20ca, 0x09e1, 0x05e7, 0xffcf, 0x20ca, 0x0a22, 0x20ca, 0x0a61,
    0x05db, 0xffcf, 0x40c3, 0x01a8, 0x0001, 0x0f1a, 0x03c0, 0x05d1,
    0xffcf, 0xda28, 0xd907, 0x710c, 0xb80f, 0x0a72, 0x0380, 0x1e00,
    0x7043, 0x8000, 0x045c, 0x1c08, 0x3001, 0xc541, 0x1c00, 0x3001,
    0x706c, 0xda08, 0xd907, 0x700c, 0x0a52, 0x0380, 0x1c08, 0x3001,
    0xc541, 0x1c00, 0x3001, 0x706c, 0x704c, 0xd907, 0x700c, 0x0a3e,
    0x0380, 0x1c08, 0x3001, 0xc541, 0x1c00, 0x3001, 0x752c, 0x238a,
    0x0004, 0x704c, 0x710c, 0xb815, 0x0a22, 0x0380, 0xd92b, 0xf149,
    0x0b35, 0x0006, 0x0b15, 0x3051, 0xc404, 0x7910, 0x24f4, 0x1041,
    0xb9e7, 0xf40e, 0x752c, 0xf00d, 0x230b, 0xb6c0, 0x79c0, 0xf409,
    0xc404, 0x7910, 0x24f4, 0x1041, 0xb9e7, 0xf5f6, 0xd90a, 0x2614,
    0x100c, 0xb42e, 0x7104, 0xf190, 0x1600, 0x7082, 0x8000, 0x042c,
    0x1600, 0x708c, 0x8000, 0x0b68, 0x1600, 0x7083, 0x8000, 0x0b69,
    0x7a4f, 0x7c8f, 0x7b6f, 0x700c, 0x7210, 0x20e0, 0x07ce, 0x080b,
    0x0304, 0x0b15, 0x0005, 0x7910, 0xb90d, 0x71c3, 0x9002, 0x1f6a,
    0x1900, 0x0005, 0x7104, 0xf1f2, 0x1600, 0x7083, 0x8000, 0x0062,
    0x1600, 0x7082, 0x8000, 0x0072, 0x1600, 0x7081, 0x8000, 0x0096,
    0x7b6f, 0x792f, 0x2b41, 0x01cc, 0x2941, 0x0100, 0x7a4f, 0x7965,
    0xb8c0, 0xba25, 0x7885, 0x7a52, 0xb926, 0xbac0, 0xb9c0, 0x7845,
    0x7825, 0x7ee0, 0xc0f1, 0xc5e1, 0x1600, 0x7100, 0x8000, 0x0dbe,
    0x262f, 0xf008, 0xf205, 0x1e00, 0x7045, 0x8000, 0x0dc4, 0x40c3,
    0x8000, 0x0d9c, 0x0886, 0xfe4f, 0x1e00, 0x7004, 0x8000, 0x0458,
    0x4508, 0xda20, 0x702c, 0x40c3, 0x8000, 0x0d9c, 0x0e56, 0xfe0f,
    0x1e00, 0x7005, 0x8000, 0x0dc4, 0x1e00, 0x7005, 0x8000, 0x0dc2,
    0x1e00, 0x7005, 0x8000, 0x0dc0, 0x40a1, 0x1e00, 0x7005, 0x8000,
    0x0dbe, 0xc5c1, 0xc0d1, 0x7ee0, 0xc0f1, 0x1cfc, 0xb6c8, 0xc7e1,
    0xc6e1, 0xc5e1, 0x47cb, 0x8000, 0x0d9c, 0x4508, 0x4628, 0x4358,
    0x262f, 0xf388, 0xf406, 0x1600, 0x710d, 0x8000, 0x0458, 0xf026,
    0x2544, 0x11c0, 0x0e55, 0x1114, 0x0b89, 0x3051, 0xe809, 0x77c5,
    0x4f28, 0x0c2a, 0xfe0f, 0x0f62, 0xffcf, 0x4508, 0xf1ea, 0xda20,
    0x702c, 0x40e1, 0x0dde, 0xfe0f, 0x268c, 0x9008, 0xf7c8, 0xd8ff,
    0xb711, 0x1f24, 0x10c5, 0x2696, 0x103f, 0xf1ef, 0x1f24, 0x10c5,
    0x7edd, 0x77c5, 0xb7d1, 0xe508, 0x78b0, 0xc5c1, 0xc6c1, 0xc7c1,
    0x1404, 0x341b, 0xc0d1, 0x7ee0, 0xe89d, 0x0e0f, 0x1051, 0x40e1,
    0x0bda, 0xfe0f, 0xf01c, 0xda20, 0x702c, 0x40e1, 0x0d96, 0xfe0f,
    0x0ed7, 0x9090, 0x0f02, 0xffcf, 0x2657, 0x104e, 0x4508, 0x706f,
    0xf1b8, 0x0ef6, 0xffcf, 0x4508, 0x0ed7, 0x9090, 0x77c5, 0xf1f9,
    0xe86b, 0x4f28, 0x0ba6, 0xfe0f, 0x0eeb, 0x9051, 0x74a5, 0xf1d6,
    0x7014, 0x20e0, 0x07cc, 0xc0f1, 0x1600, 0x7082, 0x8000, 0x045a,
    0x4100, 0x222f, 0x8087, 0x29c4, 0x0082, 0x1600, 0x7100, 0x8000,
    0x0458, 0x1600, 0x7082, 0x8000, 0x0469, 0x7930, 0x7810, 0x7a4f,
    0x2278, 0x0002, 0x0f06, 0xffcf, 0x1e00, 0x7004, 0x8000, 0x0458,
    0xc0d1, 0x7ee0, 0xc0f1, 0x1cfc, 0xb6c8, 0xc7e1, 0xc6e1, 0xc5e1,
    0xc1a5, 0x47cb, 0x8000, 0x0458, 0x97c0, 0xc240, 0x4318, 0x4528,
    0xda10, 0x702c, 0xc081, 0x0cfe, 0xfe0f, 0x2644, 0x11c0, 0x0819,
    0x0111, 0x40c3, 0x8000, 0x0dac, 0x0b22, 0xfe0f, 0x0e5a, 0xffcf,
    0x74c5, 0xb7c0, 0x4087, 0x780b, 0x21ca, 0x0062, 0xf407, 0x1600,
    0x7081, 0x8000, 0x045a, 0x6931, 0x792f, 0x71b1, 0x25ca, 0x1046,
    0x230b, 0xb6c0, 0x753c, 0x2d05, 0x1040, 0x790a, 0x71b1, 0x20c0,
    0x0062, 0x2042, 0x004d, 0xbdcf, 0x258c, 0x9fc3, 0x004c, 0x000d,
    0x7dab, 0x20ca, 0x0021, 0x25ca, 0x1021, 0xf210, 0x2d40, 0x1300,
    0x6db7, 0x2004, 0x0f80, 0x0000, 0x7000, 0x2504, 0x1f8d, 0x0000,
    0x7c00, 0xb888, 0xb889, 0xb88b, 0x1c0a, 0x3004, 0x1c12, 0x3344,
    0xd908, 0xc081, 0x0b76, 0x0340, 0xc0a5, 0xc5c1, 0xc6c1, 0xc7c1,
    0x1404, 0x341b, 0xc0d1, 0x7ee0, 0x1c0a, 0x3f84, 0x0000, 0x7be0,
    0x1c12, 0x3f84, 0x0000, 0x7c00, 0xd908, 0xc081, 0x2580, 0x107c,
    0x0b4a, 0x0340, 0xf1ca, 0x78e0, 0xc0f1, 0x208a, 0x041f, 0x0e26,
    0xfe0f, 0x704c, 0x7910, 0x700c, 0xc0d1, 0x070d, 0xffcf, 0x78e0,
    0xc0f1, 0x714c, 0xd910, 0x700c, 0x0efe, 0xffcf, 0x714c, 0x702c,
    0xd810, 0x0ef6, 0xffcf, 0x714c, 0xd90a, 0x700c, 0xc0d1, 0x06e9,
    0xffcf, 0x78e0, 0xc0f1, 0x1cfc, 0xb6c8, 0xc7e1, 0xc6e1, 0xc5e1,
    0xc1a5, 0x71cd, 0x4318, 0xbe1f, 0x2600, 0x1f80, 0x0000, 0xe800,
    0xc143, 0x70ad, 0xd964, 0x18b8, 0x8044, 0xd864, 0x419f, 0x792b,
    0x41c3, 0x0000, 0xe648, 0x79b5, 0xf261, 0x4534, 0xc144, 0x6812,
    0x47cb, 0x8000, 0x0458, 0xb700, 0x1e00, 0x7004, 0x8000, 0x045e,
    0x1c08, 0x3001, 0x1c04, 0x3001, 0x1c00, 0x3001, 0x706c, 0xda08,
    0xd907, 0xd841, 0xb813, 0x0e76, 0x0340, 0x714c, 0x742c, 0x700c,
    0x0e76, 0xffcf, 0x724c, 0x212f, 0x06c8, 0xc084, 0x0fc2, 0xfe0f,
    0x714c, 0xd914, 0x700c, 0x0e62, 0xffcf, 0x1c08, 0x3001, 0x1c04,
    0x3001, 0x1c00, 0x3001, 0x706c, 0x744c, 0xd907, 0x710c, 0xb812,
    0x0e3a, 0x0340, 0x1c08, 0x3001, 0x1c04, 0x3001, 0x1c00, 0x3001,
    0xda08, 0xd907, 0x706c, 0x40c3, 0x0008, 0x0080, 0x0e1e, 0x0340,
    0x9700, 0x79b0, 0x7810, 0x6931, 0xb822, 0x2100, 0x0f82, 0x0000,
    0xe7ba, 0x62da, 0xb200, 0x71c3, 0x0000, 0xe7c4, 0x2042, 0x0042,
    0x61d9, 0xb140, 0x71a5, 0x0d49, 0x9111, 0xc0a5, 0xc5c1, 0xc6c1,
    0xc7c1, 0x1404, 0x341b, 0xc0d1, 0x7ee0, 0x812a, 0xf1a0, 0x78e0,
    0xc0f1, 0xc6e1, 0xc5e1, 0xc1a3, 0x4608, 0x4528, 0x0972, 0xfecf,
    0xee33, 0x714c, 0x752c, 0x700c, 0x0dce, 0xffcf, 0x1c08, 0x3001,
    0xc541, 0x1c00, 0x3001, 0xdb86, 0x704c, 0xd925, 0x700c, 0x0dae,
    0x0340, 0x1c08, 0x3001, 0x1c04, 0x3001, 0x1c00, 0x3001, 0xdb86,
    0x704c, 0xd926, 0x700c, 0x0d96, 0x0340, 0x714c, 0xd910, 0x700c,
    0x0d96, 0xffcf, 0x0e8e, 0xffcf, 0x712c, 0x700c, 0x0fb6, 0xfe8f,
    0xee98, 0xd91e, 0x40c3, 0x0000, 0x7530, 0xc0a3, 0xc5c1, 0xc6c1,
    0xc0d1, 0x03b5, 0xfe0f, 0xbdc1, 0x1c08, 0x3001, 0xc541, 0x1c00,
    0x3001, 0xdb86, 0x744c, 0xd919, 0xd880, 0x0d52, 0x0340, 0xf1e6,
    0xc0a3, 0xc5c1, 0xc6c1, 0xc0d1, 0x7ee0, 0x78e0, 0xc0f1, 0xc7e1,
    0xc6e1, 0xc5e1, 0xc1a3, 0x4728, 0x4608, 0xd80e, 0x0c46, 0xfe0f,
    0x4508, 0x08ce, 0xfecf, 0x1c08, 0x3001, 0xc741, 0x1c00, 0x3781,
    0x43c1, 0x724c, 0x762c, 0x700c, 0x0d12, 0x0340, 0x75b5, 0x704c,
    0x752c, 0x21ca, 0x0346, 0x2801, 0x0041, 0x700c, 0x792f, 0x0d0a,
    0xffcf, 0x712c, 0x700c, 0xc0a3, 0xc5c1, 0xc6c1, 0xc7c1, 0xc0d1,
    0x0721, 0xfe8f, 0xc0f1, 0x1cfc, 0xb6c8, 0xc7e1, 0xc6e1, 0xc5e1,
    0xc1a8, 0xc044, 0x1600, 0x7082, 0x8000, 0x0b66, 0x2044, 0x00cf,
    0x222f, 0x8087, 0x1600, 0x7000, 0x8000, 0x041c, 0x73df, 0x0000,
    0x004d, 0x23ca, 0x0ca1, 0xbb9f, 0x8b60, 0x6811, 0xbbc0, 0xc343,
    0x2005, 0x0f83, 0x9004, 0x0082, 0x1b00, 0x0045, 0x1e00, 0x7045,
    0x9004, 0x0054, 0x2005, 0x0f80, 0x9004, 0x000e, 0x9060, 0x2778,
    0x108f, 0xbb88, 0xb060, 0x2200, 0x0f80, 0x0000, 0x0590, 0x2714,
    0x1000, 0xb89f, 0x88c0, 0x6ab4, 0x7ecf, 0x75c3, 0x8000, 0x0b44,
    0x706c, 0x7df6, 0x7670, 0x023e, 0x000d, 0x4487, 0x4787, 0x6812,
    0x7865, 0xc045, 0x221e, 0x0f80, 0x0000, 0x006c, 0xc046, 0x792b,
    0x027c, 0x0001, 0x409f, 0x43db, 0x8000, 0x0458, 0x2047, 0x0040,
    0xc047, 0xd810, 0x09c6, 0xfe0f, 0xda41, 0xd910, 0x40c3, 0x8000,
    0x09a4, 0x09a6, 0xfe0f, 0xdaf3, 0xd910, 0x40c3, 0x8000, 0x09a4,
    0x0982, 0xfe0f, 0xd80b, 0x09a6, 0xfe0f, 0xdaf0, 0xd90b, 0x40c3,
    0x8000, 0x09a4, 0x096e, 0xfe0f, 0xd812, 0x0992, 0xfe0f, 0xda08,
    0xd912, 0x40c3, 0x8000, 0x09a4, 0x096e, 0xfe0f, 0xdaf8, 0xd912,
    0x40c3, 0x8000, 0x09a4, 0x094e, 0xfe0f, 0x208a, 0x0c12, 0x1b00,
    0x3004, 0x1e00, 0x7004, 0x8000, 0x045e, 0x700c, 0x0f42, 0xfdcf,
    0x1300, 0x3100, 0x7810, 0xb822, 0x7704, 0x1e00, 0x7004, 0x8000,
    0x047e, 0x1600, 0x7080, 0x8000, 0x0403, 0x262f, 0xf007, 0xf20c,
    0x0a4e, 0xfecf, 0xd90c, 0x40c3, 0x0000, 0x1388, 0x09ea, 0xfe0f,
    0x0a86, 0xfe0f, 0xd90d, 0x40c3, 0x8000, 0x09a4, 0xda40, 0x090a,
    0xfe0f, 0x4497, 0x7feb, 0x2000, 0x0f81, 0x8000, 0x09a4, 0x700c,
    0x20ca, 0x0da2, 0x2100, 0x001b, 0x449f, 0x7710, 0x73df, 0xfff9,
    0xd7f7, 0xf438, 0xd811, 0x08f6, 0xfe0f, 0xda08, 0xd911, 0x40c3,
    0x8000, 0x09a4, 0x08d2, 0xfe0f, 0xdaef, 0xd911, 0x40c3, 0x8000,
    0x09a4, 0x08b2, 0xfe0f, 0xda20, 0xd911, 0x40c3, 0x8000, 0x09a4,
    0x08b6, 0xfe0f, 0x712c, 0x1c08, 0x3001, 0x79f8, 0x1c04, 0x3001,
    0x1c00, 0x3fc1, 0x43c3, 0xfffd, 0xffff, 0x704c, 0x6f02, 0x210f,
    0x0000, 0x4163, 0x780d, 0x0c22, 0x0380, 0x702c, 0x208a, 0x041f,
    0x0956, 0xfe0f, 0xd811, 0x0e3a, 0x0300, 0x43c3, 0xfffb, 0xdff7,
    0xc025, 0x1c08, 0x3001, 0x1c04, 0x3001, 0x1c00, 0x3fc1, 0x704c,
    0x4163, 0x0bf6, 0x0380, 0xdaf3, 0xd910, 0x40c3, 0x8000, 0x09a4,
    0x0842, 0xfe0f, 0xda61, 0xd910, 0x40c3, 0x8000, 0x09a4, 0x084a,
    0xfe0f, 0xda7f, 0xd910, 0x40c3, 0x8000, 0x09a4, 0x0826, 0xfe0f,
    0x7feb, 0x1e00, 0x7045, 0x9004, 0x0062, 0x700c, 0x20ca, 0x0da2,
    0xc047, 0x4497, 0x1414, 0x309b, 0x2000, 0x0f81, 0x8000, 0x09a4,
    0x409f, 0x70f1, 0xf4d2, 0x449f, 0x6119, 0x89f0, 0x0e32, 0xfe8f,
    0x0a22, 0xfe8f, 0x714c, 0x752c, 0x700c, 0x0a8e, 0xffcf, 0x4263,
    0x41e1, 0xd810, 0x0aa6, 0xfecf, 0x1c08, 0x3001, 0x1c04, 0x3041,
    0x1c00, 0x3001, 0x706c, 0x744c, 0xd907, 0x700c, 0x0a5e, 0x0340,
    0xbfe5, 0xf25c, 0x1600, 0x7080, 0x8000, 0x0403, 0x780f, 0x2078,
    0x0000, 0xb813, 0x0dba, 0xfdcf, 0x0b4a, 0xffcf, 0x702c, 0x700c,
    0x0c72, 0xfe8f, 0xd914, 0x40c3, 0x0000, 0x1388, 0x087a, 0xfe0f,
    0xf04a, 0x1600, 0x708b, 0x8000, 0x0403, 0x6578, 0x8800, 0x262f,
    0xf2c7, 0xb80d, 0x2005, 0x0f8c, 0x9002, 0x0118, 0x2005, 0x0f8a,
    0x9002, 0x0116, 0x2005, 0x0f80, 0x9002, 0x0112, 0xf20c, 0x238a,
    0x1fc7, 0x1800, 0x02c4, 0x1a00, 0x12c4, 0x1c00, 0x1005, 0x7164,
    0x0585, 0xffcf, 0x43cb, 0x0000, 0x19ff, 0x1800, 0x02c4, 0x1a00,
    0x12c4, 0x1c00, 0x1f84, 0x0000, 0x1000, 0xf1f3, 0xdaf3, 0xd910,
    0x40c3, 0x8000, 0x09a4, 0x0f2e, 0xfdcf, 0xda61, 0xd910, 0x40c3,
    0x8000, 0x09a4, 0x0f32, 0xfdcf, 0xda80, 0xd910, 0x40c3, 0x8000,
    0x09a4, 0x0f26, 0xfdcf, 0xf176, 0x0aaa, 0xffcf, 0x712c, 0x700c,
    0x0bd2, 0xfe8f, 0x1600, 0x7080, 0x8000, 0x0403, 0x262f, 0xf007,
    0xf2b5, 0x7ecb, 0xf48a, 0xd90c, 0x40c3, 0x0000, 0x1388, 0x0fca,
    0xfdcf, 0x0fda, 0xfe4f, 0x0862, 0xfe0f, 0x702c, 0x40c3, 0x0003,
    0xd090, 0x0fb6, 0xfdcf, 0x080a, 0xfecf, 0x4497, 0x459f, 0x2096,
    0x0d84, 0x6038, 0xb89f, 0x8800, 0x706f, 0x2085, 0x003e, 0x780f,
    0xc043, 0x7673, 0x01b8, 0x000d, 0xd90c, 0x40c3, 0x0000, 0x1388,
    0x70ed, 0x0f86, 0xfdcf, 0x76f1, 0x01c2, 0x000d, 0xd90c, 0x40c3,
    0x0000, 0x1388, 0x70ed, 0x0f72, 0xfdcf, 0x76f1, 0x01d2, 0x000d,
    0x702c, 0x40c3, 0x0003, 0xd090, 0x0f5e, 0xfdcf, 0xd810, 0x0c42,
    0x0300, 0x0ff6, 0xfdcf, 0x4487, 0xc0a8, 0xc5c1, 0xc6c1, 0xc7c1,
    0x1404, 0x341b, 0xc0d1, 0x7ee0, 0x448f, 0x429f, 0xb8c1, 0x7214,
    0x20ca, 0x0da1, 0x78c0, 0x6038, 0x88f0, 0x409f, 0x712c, 0x7204,
    0x7958, 0x210f, 0x0000, 0x780d, 0xc043, 0x0c76, 0xfe8f, 0x0866,
    0xfe8f, 0x714c, 0x752c, 0x700c, 0x08ce, 0xffcf, 0x4263, 0x41e1,
    0xd810, 0x08ea, 0xfecf, 0x714c, 0x742c, 0x700c, 0x08ba, 0xffcf,
    0x429f, 0xd810, 0x2704, 0x1f81, 0xffff, 0xff8a, 0x2145, 0x0141,
    0xb986, 0x08ca, 0xfecf, 0x714c, 0xd920, 0x700c, 0x089a, 0xffcf,
    0x700c, 0x0bfe, 0xfdcf, 0x098e, 0xffcf, 0x702c, 0x700c, 0x0ab6,
    0xfe8f, 0xd932, 0x700c, 0xf124, 0x706f, 0x2500, 0x16c0, 0x88e0,
    0xd880, 0x41e1, 0xbf0d, 0x0f82, 0xfe8f, 0x2705, 0x1f8f, 0x9002,
    0x0118, 0xb700, 0x7167, 0x0be7, 0xb384, 0xf167, 0x6538, 0x8800,
    0x7124, 0xb80d, 0x2005, 0x0f80, 0x9002, 0x0118, 0x1800, 0x0f84,
    0x0000, 0x0800, 0x1800, 0x0005, 0x09e5, 0x8384, 0x7144, 0x0a11,
    0x0511, 0x1c0c, 0x3001, 0x706f, 0xf016, 0x704c, 0x702c, 0xf1f6,
    0x2500, 0x16c0, 0x88e0, 0xd880, 0x41e1, 0xbf0d, 0x0f2a, 0xfe8f,
    0x2705, 0x1f8f, 0x9002, 0x0118, 0x204f, 0x02c1, 0xb720, 0xb88c,
    0xb700, 0x7167, 0x0bdd, 0xb384, 0x409f, 0x7104, 0xc043, 0x08cb,
    0x8a11, 0x70ed, 0xf01d, 0x41a1, 0x2172, 0x03c0, 0x71e5, 0x2840,
    0x035b, 0x208a, 0x0fc7, 0x2305, 0x3f82, 0x9002, 0x0112, 0xb200,
    0x2305, 0x3f82, 0x9002, 0x0116, 0xb200, 0x8920, 0xd880, 0x2305,
    0x3f9b, 0x9002, 0x0118, 0x0ed2, 0xfe8f, 0x1b00, 0x3004, 0x0fcb,
    0x9384, 0x0e96, 0xfdcf, 0x0e06, 0xfe4f, 0x0e46, 0xfe8f, 0xd90c,
    0x40c3, 0x0000, 0x1388, 0x0de2, 0xfdcf, 0xf10f, 0x2500, 0x16c0,
    0x88e0, 0x409f, 0x41e1, 0x7167, 0x0e9e, 0xfe8f, 0xbf0d, 0x2705,
    0x1f8f, 0x9002, 0x0118, 0xb700, 0xf115, 0x65f8, 0x1000, 0x009b,
    0x409f, 0x4163, 0x71e5, 0x0e82, 0xfe8f, 0x2b40, 0x335b, 0xb888,
    0x2305, 0x3f9b, 0x9002, 0x0118, 0x1b00, 0x3004, 0xf10d, 0x65f8,
    0x8820, 0xd880, 0x2940, 0x035b, 0x0e5e, 0xfe8f, 0x2305, 0x3f81,
    0x9002, 0x0112, 0xb888, 0xb100, 0x2305, 0x3f9b, 0x9002, 0x0116,
    0x71e5, 0x1b00, 0x3004, 0x0607, 0xffcf, 0x78e0, 0xc0f1, 0x1cfc,
    0xb6c8, 0xc7e1, 0xc6e1, 0xc5e1, 0x2495, 0x3d7e, 0xc146, 0xc248,
    0x4318, 0x0a26, 0xffcf, 0x1e00, 0x7003, 0x8000, 0x0a7c, 0x4497,
    0x780b, 0x02a0, 0x0001, 0x1600, 0x7080, 0x8000, 0x001b, 0xb8e1,
    0x0290, 0x0001, 0x228a, 0x0004, 0x702c, 0xc08b, 0x0c06, 0xfdcf,
    0x2379, 0x3040, 0x4818, 0xc047, 0x1600, 0x708e, 0x8000, 0x0b66,
    0x1600, 0x700f, 0x8000, 0x041c, 0x1c24, 0x3001, 0x1c28, 0x3001,
    0x0a5e, 0xfe8f, 0x1c08, 0x3001, 0x1c04, 0x3001, 0x1c00, 0x3001,
    0x706c, 0xda08, 0xd907, 0xd841, 0xb813, 0x0ea2, 0x0300, 0x714c,
    0x742c, 0x700c, 0x0ea2, 0xff8f, 0x734c, 0x4163, 0xc089, 0x0ff2,
    0xfdcf, 0x714c, 0x2059, 0x004d, 0x742c, 0x700c, 0x0e8a, 0xff8f,
    0x1c08, 0x3001, 0x1c04, 0x3001, 0x1c00, 0x3001, 0x706c, 0x744c,
    0xd907, 0x710c, 0xb812, 0x0e66, 0x0300, 0x1c08, 0x3001, 0x1c04,
    0x3001, 0x1c00, 0x3001, 0x706c, 0xda08, 0xd907, 0x40c3, 0x0008,
    0x0080, 0x0e4a, 0x0300, 0x1600, 0x7100, 0x8000, 0x0458, 0x7ecf,
    0xbe0c, 0x7ee5, 0x7f10, 0x6e11, 0x2005, 0x0f80, 0x9006, 0x0004,
    0xc045, 0x458f, 0xd840, 0xb100, 0x0f82, 0xfecf, 0x78b0, 0xc043,
    0x419f, 0xbf22, 0x6f12, 0x4200, 0xc044, 0x4063, 0x08e2, 0xfe8f,
    0x780b, 0x70df, 0x0000, 0x008b, 0x28c0, 0x0462, 0x20e2, 0x0f82,
    0x0000, 0xc0b0, 0xc507, 0x1600, 0x708f, 0x8000, 0x047c, 0xbd08,
    0x7fef, 0x7dc5, 0x70cd, 0x6db1, 0x2505, 0x1f8d, 0x9006, 0x0002,
    0xb5c0, 0x0f3a, 0xfecf, 0x419f, 0x4687, 0x4063, 0x08a2, 0xfe8f,
    0xc18b, 0x61d9, 0xa900, 0x66fe, 0x7ece, 0x268c, 0x9fc3, 0xf6f2,
    0x448f, 0x1d00, 0x1005, 0x1800, 0x0005, 0x0f12, 0xfecf, 0x700c,
    0x78f6, 0x780e, 0x208c, 0x8fc3, 0xf6fc, 0x70ad, 0xc08b, 0x60b8,
    0x8800, 0xe887, 0x65fd, 0x7dae, 0x258c, 0x9fc3, 0xf6f8, 0x2559,
    0x120d, 0x78ae, 0x208c, 0x8fc3, 0x20ca, 0x0f89, 0x0000, 0x0047,
    0x28c0, 0x04a9, 0x20e2, 0x0f89, 0x0000, 0xc0b0, 0x1600, 0x7080,
    0x8000, 0x0105, 0x780f, 0x2042, 0x0041, 0x0911, 0x0114, 0x1e00,
    0x7103, 0x8000, 0x0105, 0x740c, 0x6815, 0x7d02, 0x7dae, 0x4597,
    0x2344, 0x30c0, 0x2078, 0x0080, 0xc044, 0x4063, 0x0e6a, 0xff8f,
    0x1600, 0x700f, 0x8000, 0x041c, 0x1600, 0x7080, 0x8000, 0x0b66,
    0x1600, 0x7081, 0x8000, 0x047c, 0x780f, 0x792f, 0xc146, 0x2840,
    0x0301, 0x209f, 0x001c, 0x79e5, 0xc043, 0xc145, 0x70cd, 0x702c,
    0x468f, 0x2940, 0x0200, 0x7845, 0x6811, 0x2005, 0x0f80, 0x9006,
    0x0002, 0xb0c0, 0x7124, 0x09ed, 0x81d1, 0x0e52, 0xfecf, 0x4487,
    0x734c, 0xc189, 0x1c24, 0x3001, 0x0c4a, 0xfe8f, 0x409f, 0xc108,
    0x6618, 0x704c, 0x6038, 0x8860, 0xc109, 0x2056, 0x0800, 0x7959,
    0xb9c0, 0x7965, 0x1800, 0x8042, 0xc109, 0x2256, 0x0043, 0x7979,
    0x1080, 0x8083, 0xb9c0, 0x7965, 0x1880, 0x8042, 0x7144, 0x0adb,
    0x81d1, 0x4497, 0x661e, 0x7ed0, 0xe6ff, 0x0796, 0xffce, 0x702c,
    0x2940, 0x0200, 0x78e5, 0x6811, 0x2005, 0x0f80, 0x9007, 0xe002,
    0x1800, 0x0005, 0x7124, 0x09ed, 0x81d1, 0x0de2, 0xfecf, 0x1e00,
    0x7043, 0x8000, 0x0a7c, 0x4063, 0x0b96, 0xfecf, 0x40a1, 0x2495,
    0x32c1, 0xc5c1, 0xc6c1, 0xc7c1, 0x1404, 0x341b, 0xc0d1, 0x7ee0,
    0x70ad, 0xf187, 0xc0f1, 0x1cfc, 0xb6c8, 0xc7e1, 0xc6e1, 0xc5e1,
    0xc1ab, 0xc048, 0x1600, 0x7080, 0x8000, 0x0025, 0x706f, 0x70cd,
    0x780f, 0x08a7, 0x0010, 0x4063, 0x0a26, 0x0300, 0x2355, 0x3741,
    0x6931, 0x214f, 0x07c0, 0x7424, 0x9000, 0xb99f, 0x9120, 0x7810,
    0x1c2a, 0x3044, 0xc108, 0x1c28, 0x3004, 0x792b, 0x41c3, 0x8000,
    0x0409, 0xf250, 0x8980, 0x706c, 0x7c8f, 0x704c, 0xf022, 0x1600,
    0x7080, 0x8000, 0x0040, 0xf1de, 0x2300, 0x3f81, 0x0000, 0x05b7,
    0x7954, 0x7930, 0x2314, 0x0041, 0xb99f, 0x89a0, 0x2200, 0x0f81,
    0x0000, 0x046c, 0xb99f, 0x8920, 0x7fcf, 0x7daf, 0x6832, 0xb98c,
    0xb992, 0x61f9, 0x6931, 0xb99c, 0xb99f, 0xb1a0, 0x71c5, 0x7144,
    0x0ac9, 0x8304, 0x0b09, 0x0050, 0xc308, 0xf1d9, 0xbee0, 0xf20d,
    0x79cf, 0x6812, 0xb88c, 0xb892, 0x6038, 0x6811, 0xb89c, 0xb89f,
    0x1800, 0x0005, 0x71c5, 0x2340, 0x3040, 0x716f, 0x0893, 0x8091,
    0x1e00, 0x7005, 0x9004, 0x00fc, 0x1e00, 0x7005, 0x9004, 0x00f4,
    0xc0ab, 0xc5c1, 0xc6c1, 0xc7c1, 0x1404, 0x341b, 0xc0d1, 0x7ee0,
    0x2b40, 0x3040, 0xc046, 0x8900, 0x1c0c, 0x3001, 0x780f, 0xc047,
    0x0efe, 0xfe4f, 0x419f, 0xc08b, 0x7834, 0x10fc, 0x8100, 0x70ad,
    0x6812, 0x1e00, 0x7004, 0x8000, 0x0458, 0x1e00, 0x7004, 0x8000,
    0x045e, 0x409f, 0x1c10, 0x3001, 0x780b, 0x40c3, 0x0000, 0x0b6e,
    0x20ca, 0x0f82, 0x0000, 0x0b82, 0xc049, 0x449f, 0x0d2b, 0x1002,
    0xd828, 0x1c04, 0x3001, 0xc042, 0x1c00, 0x3001, 0x706c, 0x724c,
    0xd907, 0x700c, 0x0b06, 0x0300, 0x409f, 0x1c0c, 0x3041, 0x7104,
    0x08a1, 0x8091, 0xf1b1, 0x70ed, 0x2500, 0x1f80, 0x0000, 0x046c,
    0xb89f, 0x8800, 0x4597, 0x780f, 0xc045, 0xc009, 0x6038, 0x60f8,
    0x78b5, 0xb89f, 0x8860, 0x7b6f, 0xef07, 0x449f, 0x7704, 0x70b1,
    0x22ca, 0x08a2, 0xf402, 0x704c, 0x4487, 0xe80f, 0x448f, 0x081b,
    0x0311, 0x1600, 0x7080, 0x8000, 0x001c, 0x4597, 0x780f, 0x783a,
    0x0869, 0x03c6, 0xbb87, 0x750c, 0x78f8, 0xc041, 0x448f, 0x1c08,
    0x3001, 0xc040, 0x762c, 0x700c, 0x0a92, 0x0300, 0x0f47, 0x1051,
    0x4487, 0xe8a1, 0x448f, 0x084d, 0x0311, 0x1600, 0x7080, 0x8000,
    0x001c, 0x202f, 0x8007, 0xc044, 0xf204, 0x1c10, 0x3041, 0x77a5,
    0x1600, 0x7080, 0x8000, 0x001c, 0x262f, 0xf007, 0x22ca, 0x0021,
    0x21ca, 0x0121, 0x20ca, 0x0021, 0x20e2, 0x0f81, 0x0000, 0x4424,
    0xf004, 0x448f, 0x08dd, 0x8310, 0x6f01, 0x71ed, 0x084d, 0x8091,
    0x71a5, 0xf18d, 0x1600, 0x7100, 0x8000, 0x0458, 0x1600, 0x7101,
    0x8000, 0x045e, 0x7810, 0x7930, 0x0909, 0x0000, 0x00b9, 0xff8f,
    0x700c, 0x7ee0, 0xc0f1, 0xc7e1, 0xc6e1, 0xc5e1, 0xc1a3, 0x45cb,
    0x9003, 0xe014, 0x1d00, 0x1005, 0x4608, 0x4728, 0x0be6, 0xfecf,
    0x0d9e, 0xfe4f, 0x1c08, 0x3001, 0xc641, 0x1c00, 0x3001, 0x238a,
    0x0004, 0x714c, 0x752c, 0x710c, 0xb815, 0x09e2, 0x0300, 0xc742,
    0xc641, 0x1c00, 0x3001, 0x706c, 0xda20, 0xd90f, 0x40c3, 0x0004,
    0x0080, 0x09ca, 0x0300, 0x712c, 0x700c, 0x0bfa, 0xfe4f, 0x1d00,
    0x1045, 0xc0a3, 0xc5c1, 0xc6c1, 0xc7c1, 0xc0d1, 0x7ee0, 0x78e0,
    0xc0f1, 0x1cfc, 0xb6c8, 0xc7e1, 0xc6e1, 0xc5e1, 0xc1a9, 0x4508,
    0x710c, 0x78b8, 0xc146, 0xc043, 0x1c1c, 0x3001, 0x1c20, 0x3001,
    0x6dc2, 0x200f, 0x038e, 0x78cd, 0xc044, 0x1600, 0x709b, 0x8000,
    0x0b68, 0x1600, 0x708f, 0x8000, 0x0b69, 0x1e00, 0x7045, 0x9000,
    0x0148, 0x0d0e, 0xfe4f, 0x409f, 0x1c08, 0x3001, 0xc041, 0x1c00,
    0x3001, 0x706c, 0x704c, 0xd90b, 0x700c, 0x0952, 0x0300, 0x704c,
    0xd9ff, 0x700c, 0x0952, 0xff8f, 0x4487, 0x1c08, 0x3001, 0xc041,
    0xd825, 0xc040, 0xdb40, 0xda22, 0x762c, 0x700c, 0x092e, 0x0300,
    0x409f, 0x1c08, 0x3001, 0xc041, 0x1c00, 0x3001, 0xdb81, 0x744c,
    0xd919, 0xd880, 0x0916, 0x0300, 0x712c, 0x700c, 0x0b46, 0xfe4f,
    0x286f, 0x020f, 0x0ebe, 0xfd8f, 0xd908, 0x40c3, 0x0000, 0x9c40,
    0x0f46, 0xfd8f, 0x4487, 0x2353, 0x31db, 0xd923, 0x0eda, 0xffcf,
    0x1c14, 0x36c0, 0x7fef, 0x466b, 0x76f1, 0x011c, 0x000e, 0x4487,
    0xd924, 0x466b, 0x0ec2, 0xffcf, 0x77d1, 0x012c, 0x0006, 0x0c72,
    0xfe4f, 0x704c, 0xd9ff, 0x700c, 0x08ce, 0xff8f, 0x4487, 0x1c08,
    0x3001, 0xc041, 0xd828, 0xc040, 0xdb40, 0xda22, 0x762c, 0x700c,
    0x08aa, 0x0300, 0x409f, 0x1c08, 0x3001, 0xc041, 0x1c00, 0x3001,
    0xdb83, 0x744c, 0xd919, 0xd880, 0x0892, 0x0300, 0x712c, 0x700c,
    0x0ac2, 0xfe4f, 0x286f, 0x020f, 0x0e3a, 0xfd8f, 0xd908, 0x40c3,
    0x0000, 0x9c40, 0x0ec2, 0xfd8f, 0x4487, 0xd926, 0x466b, 0x0e5a,
    0xffcf, 0x77d1, 0x0114, 0x0006, 0x4487, 0xd927, 0x466b, 0x0e4a,
    0xffcf, 0x77d1, 0x0122, 0x0006, 0x466b, 0x77d1, 0x0178, 0x0006,
    0x230c, 0xb3c0, 0x01ae, 0x000e, 0x0be6, 0xfe4f, 0x409f, 0x1c08,
    0x3001, 0xc041, 0x1c00, 0x3001, 0xddff, 0x706c, 0x744c, 0xd90c,
    0x700c, 0x082a, 0x0300, 0xc542, 0x1c04, 0x3001, 0x1c00, 0x3001,
    0x706c, 0x764c, 0xd907, 0x700c, 0x0812, 0x0300, 0x409f, 0x1c08,
    0x3001, 0xc041, 0x1c00, 0x3001, 0x706c, 0x744c, 0xd910, 0x700c,
    0x0ffa, 0x02c0, 0xc542, 0x1c04, 0x3001, 0x1c00, 0x3001, 0x706c,
    0x764c, 0xd907, 0xd880, 0x0fe6, 0x02c0, 0x712c, 0x700c, 0x0a16,
    0xfe4f, 0xc0a9, 0xc5c1, 0xc6c1, 0xc7c1, 0x1404, 0x341b, 0xc0d1,
    0x01b1, 0xfecf, 0x41c1, 0x40a1, 0x0c42, 0x02c0, 0xe80a, 0x41a1,
    0x40c1, 0x0cb2, 0xfe8f, 0x4697, 0x79d0, 0x2214, 0x0041, 0xb100,
    0x71c5, 0xf164, 0x41c1, 0x40a1, 0x0c22, 0x02c0, 0xe81a, 0x41a1,
    0x40c1, 0x0c92, 0xfe8f, 0x4597, 0x7ad0, 0x2114, 0x0082, 0x2840,
    0x0201, 0x9200, 0x7905, 0xb220, 0x1600, 0x7100, 0x8000, 0x0006,
    0x7810, 0x208c, 0x81c3, 0xf7c4, 0x090d, 0x0095, 0x1a00, 0x0fc5,
    0x71c5, 0xf14c, 0x1600, 0x7080, 0x8000, 0x0008, 0x780f, 0xb811,
    0x2805, 0x0040, 0xb200, 0xf1f6, 0x41c1, 0x40a1, 0x0bce, 0x02c0,
    0xe809, 0x41a1, 0x40c1, 0x0c3e, 0xfe8f, 0xc189, 0x79d4, 0x19f8,
    0x8004, 0x71c5, 0xf167, 0x41c1, 0x40a1, 0x0bb2, 0x02c0, 0xe827,
    0x41a1, 0x40c1, 0x0c1e, 0xfe8f, 0x2840, 0x0201, 0xc089, 0x78d4,
    0x10f8, 0x8103, 0x6e51, 0x7965, 0x18f8, 0x8044, 0x1600, 0x7100,
    0x8000, 0x0006, 0x7810, 0x208c, 0x81c3, 0xf7d3, 0x0923, 0x0094,
    0x1600, 0x7080, 0x8000, 0x0008, 0x780f, 0xb811, 0x2805, 0x0040,
    0x4aac, 0xc284, 0x6159, 0x19f8, 0x8004, 0x71c5, 0xf143, 0x770c,
    0xb8cf, 0xf1f8, 0x41c1, 0x40a1, 0x0b52, 0x02c0, 0x6e41, 0xe899,
    0x4797, 0x2642, 0x1040, 0xc406, 0xbee0, 0x20ca, 0x0081, 0x7910,
    0x23f4, 0x0043, 0x79d0, 0x2414, 0x1041, 0xb160, 0xc189, 0x2114,
    0x0000, 0x10f8, 0x8100, 0x2114, 0x038e, 0x1ef8, 0x9004, 0x4648,
    0xf125, 0x1600, 0x700c, 0x8000, 0x041c, 0x7dab, 0x22ca, 0x0f81,
    0x0001, 0x000c, 0x23ca, 0x0f81, 0x0001, 0x0015, 0x72df, 0x0001,
    0x000d, 0x73df, 0x0001, 0x0016, 0x448f, 0x7710, 0x062c, 0xffc5,
    0x1414, 0x3101, 0xc506, 0x448f, 0x25f4, 0x104d, 0xb80c, 0x7885,
    0x2005, 0x0081, 0x6931, 0xb99c, 0xb99f, 0xb1a0, 0xc505, 0xc189,
    0x79b4, 0x11f8, 0x8101, 0x7865, 0x6811, 0xb89c, 0xb89f, 0xb020,
    0x6d01, 0xc045, 0xf1e2, 0x78e0, 0xc0f1, 0x1cfc, 0xb6c8, 0xc7e1,
    0xc6e1, 0xc5e1, 0xc1ab, 0xc243, 0xc210, 0xc340, 0xc247, 0xc211,
    0x4708, 0xc248, 0x1600, 0x708d, 0x8000, 0x0b68, 0x1600, 0x708e,
    0x8000, 0x0b69, 0x1600, 0x7083, 0x8000, 0x0b98, 0xc212, 0x7b6f,
    0xc341, 0x7ecf, 0x2157, 0x0043, 0x0b77, 0x0095, 0xc189, 0x1c24,
    0x3001, 0x1c28, 0x3001, 0x0c3e, 0xffcf, 0x1600, 0x7001, 0x8000,
    0x041c, 0x7daf, 0x0e15, 0x1345, 0xc0ab, 0xc5c1, 0xc6c1, 0xc7c1,
    0x1404, 0x341b, 0xc0d1, 0x7ee0, 0x2d40, 0x1302, 0x4f5a, 0x7825,
    0x7845, 0xc28b, 0x6811, 0x7ab4, 0xb891, 0x12f8, 0x8102, 0xb89c,
    0xb89f, 0x9000, 0x4387, 0xb8c5, 0x6058, 0x2056, 0x0102, 0x7a50,
    0xbaa0, 0xe2e9, 0x7ab0, 0x7b54, 0x20d7, 0x0969, 0x20ca, 0x002c,
    0xb300, 0x439f, 0x71a5, 0x2314, 0x0082, 0xb200, 0xf1d4, 0x091f,
    0x0094, 0x40c3, 0x027e, 0x0001, 0xc0ab, 0xc5c1, 0xc6c1, 0xc7c1,
    0x1404, 0x341b, 0xc0d1, 0x01fd, 0x0340, 0x1600, 0x7100, 0x8000,
    0x0006, 0x7810, 0x208c, 0x8fd8, 0x00aa, 0x000d, 0x1600, 0x7080,
    0x8000, 0x0403, 0x7daf, 0x780f, 0x7114, 0x40a1, 0x22ca, 0x0f8e,
    0x0000, 0x0041, 0x22ca, 0x0f8d, 0x0000, 0x00c1, 0x0e73, 0x1005,
    0x0e59, 0x9344, 0x408f, 0x0867, 0x0346, 0x4087, 0x232f, 0x3348,
    0x20f4, 0x06c0, 0x2044, 0x0fc1, 0xb826, 0x1c25, 0x3042, 0xc069,
    0x1600, 0x7080, 0x8000, 0x0401, 0x262f, 0xf007, 0xf205, 0x459f,
    0xc089, 0x0a1e, 0xfd4f, 0x1600, 0x7080, 0x8000, 0x000d, 0xb8e5,
    0xf20b, 0x2515, 0x13c0, 0x2095, 0x0744, 0xb89f, 0x8820, 0xc089,
    0x792f, 0x09fe, 0xfd4f, 0x409f, 0x1425, 0x3081, 0x2014, 0x06db,
    0xc029, 0x6817, 0x6038, 0x1b00, 0x3004, 0x71a5, 0xf1ca, 0x418f,
    0x090f, 0x0006, 0x4387, 0x7910, 0x2314, 0x0041, 0xb140, 0x7104,
    0xf1be, 0x792b, 0xf284, 0x1c08, 0x3f80, 0x9002, 0x0024, 0x7a4b,
    0x23ca, 0x3f81, 0x0000, 0x0040, 0x23ca, 0x3f82, 0x0000, 0x0080,
    0x0aea, 0xff4f, 0x4818, 0xc046, 0x1600, 0x7000, 0x8000, 0x041c,
    0x7daf, 0xc045, 0x41a1, 0x0e4d, 0x9044, 0x408f, 0x08cd, 0x0046,
    0x4087, 0x7b30, 0x2014, 0x00c3, 0xc008, 0x2940, 0x030c, 0x08cb,
    0x0010, 0x448f, 0x706d, 0x78e5, 0x7885, 0x704d, 0xc044, 0x770c,
    0xb8cf, 0xc404, 0x2b40, 0x1202, 0x7a85, 0xc402, 0x6a51, 0x7a85,
    0x9240, 0x7165, 0x7a50, 0x2a42, 0x005e, 0x266c, 0x315e, 0xbac6,
    0x2200, 0x0782, 0x260a, 0x3080, 0x7210, 0x26ca, 0x300d, 0x7251,
    0x202f, 0x0788, 0x260a, 0x3080, 0x4697, 0x26ca, 0x3285, 0x222f,
    0x1788, 0x0bc3, 0x9084, 0x7041, 0x6819, 0x7334, 0xb300, 0x734c,
    0x22ca, 0x004e, 0x2280, 0x0ac4, 0xef8a, 0x2100, 0x0f82, 0x0000,
    0x0127, 0x7334, 0x22ca, 0x0f8d, 0x0000, 0x012e, 0xba9f, 0x8a40,
    0x1600, 0x708c, 0x8000, 0x000d, 0x7263, 0xbce5, 0x7a4f, 0xf211,
    0x2044, 0x0fcc, 0x2459, 0x110c, 0x247c, 0x184c, 0xb826, 0xb8c0,
    0x7887, 0x2115, 0x03cc, 0x2495, 0x1744, 0xbc9f, 0xac00, 0x9300,
    0x08a3, 0x0085, 0x1b00, 0x0005, 0x7124, 0xf197, 0x1c08, 0x3f80,
    0x9002, 0x0020, 0xf17d, 0x2940, 0x0340, 0x2005, 0x0f8a, 0x9002,
    0x0158, 0x1200, 0x1102, 0x2245, 0x004b, 0x1a00, 0x12c4, 0xbaa0,
    0x1a00, 0x1084, 0x1600, 0x700a, 0x8000, 0x041c, 0x2205, 0x130a,
    0x2a40, 0x1042, 0x2205, 0x0f82, 0x9002, 0x015a, 0x9240, 0x7a50,
    0x7454, 0x24ca, 0x102d, 0xf70c, 0x2256, 0x068c, 0x2405, 0x128c,
    0x6c91, 0xbc91, 0xbc9c, 0xbc9f, 0x9480, 0x7c90, 0x2005, 0x0f80,
    0x9002, 0x01aa, 0x9000, 0x7810, 0x7a0a, 0x7a82, 0x6a56, 0x2a05,
    0x0002, 0x1600, 0x7080, 0x8000, 0x0403, 0x780f, 0x7114, 0x20ca,
    0x0f8e, 0x0000, 0x00a0, 0x20ca, 0x0f8d, 0x0000, 0x0120, 0x7842,
    0xf185, 0x7842, 0xb300, 0xf1b2, 0xc0f1, 0x1cfc, 0xb6c8, 0xc7e1,
    0xc6e1, 0xc5e1, 0x2458, 0x3e5c, 0xc157, 0x4508, 0x1c68, 0x3001,
    0x1c6c, 0x3001, 0x1c60, 0x3001, 0x1c64, 0x3001, 0x4648, 0x702c,
    0xda24, 0xc09c, 0x0ffe, 0xfd4f, 0xbde1, 0xf23d, 0xd8d4, 0xc047,
    0x41c3, 0x0001, 0x0026, 0x6d11, 0x2044, 0x0080, 0x6038, 0xc048,
    0x1600, 0x7100, 0x8000, 0x0006, 0x706f, 0x7810, 0x263d, 0x7000,
    0x0000, 0x0c7f, 0xc04f, 0x2e41, 0x1200, 0xc046, 0x1600, 0x7081,
    0x8000, 0x0040, 0x1600, 0x7080, 0x8000, 0x0025, 0x7825, 0x780f,
    0xc050, 0x710c, 0x2800, 0x06c0, 0x2354, 0x304e, 0x200f, 0x038e,
    0xc010, 0x78cb, 0xf415, 0x2340, 0x3040, 0x716f, 0x08e7, 0x8091,
    0x2455, 0x3e5c, 0xc5c1, 0xc6c1, 0xc7c1, 0x1404, 0x341b, 0xc0d1,
    0x7ee0, 0xd880, 0x41c3, 0x0001, 0x0010, 0xc047, 0xf1c5, 0x1e00,
    0x76c2, 0x8000, 0x0b67, 0x730c, 0x0836, 0x02c0, 0x1600, 0x7080,
    0x8000, 0x0b68, 0x1600, 0x7081, 0x8000, 0x0b69, 0x780f, 0x792f,
    0xc14d, 0x1600, 0x7081, 0x8000, 0x0b98, 0x4200, 0x792f, 0xc14c,
    0x1600, 0x7001, 0x8000, 0x041c, 0xc045, 0xc14b, 0xc00d, 0x08a5,
    0x0085, 0x1c08, 0x3001, 0x1c04, 0x3041, 0x1c00, 0x3001, 0x41a1,
    0x4063, 0xc79a, 0xc398, 0x42e1, 0x0bc2, 0xffcf, 0x73b5, 0x21ca,
    0x0381, 0x20ca, 0x0061, 0x20e2, 0x0f81, 0x0000, 0x1fe4, 0x4497,
    0x1c08, 0x3001, 0xc041, 0xc740, 0x43c1, 0x42a1, 0xd908, 0xc09c,
    0x0c92, 0xff0f, 0x42c3, 0x0000, 0x8480, 0x702c, 0x40c3, 0x8000,
    0x6318, 0x0ee2, 0xfd4f, 0xc09c, 0xc044, 0x4497, 0xc317, 0xc042,
    0xc00f, 0x1c0c, 0x3001, 0xc040, 0xc741, 0x744c, 0x41a1, 0xd808,
    0x0ba2, 0xfe8f, 0xc09c, 0x0b16, 0xfe8f, 0x0d0f, 0x10d1, 0x41c1,
    0x700c, 0x0d56, 0xfe0f, 0xc00d, 0x458f, 0x7030, 0x070a, 0xffc5,
    0xc00c, 0x458f, 0x0885, 0x0047, 0x448f, 0x7104, 0xc045, 0xf1f5,
    0xc00c, 0x080b, 0x0087, 0x7144, 0xf1aa, 0xc10b, 0xc008, 0x7825,
    0x2a40, 0x0301, 0x2005, 0x06c0, 0x7825, 0x702c, 0x0915, 0x0211,
    0x4797, 0x7b6b, 0x02b0, 0x0002, 0x7124, 0x09f5, 0x8291, 0xf1ed,
    0x0d23, 0x10d1, 0x09f5, 0x8251, 0x6811, 0xb89c, 0xb89f, 0x9020,
    0x225a, 0x0500, 0x2056, 0x04c0, 0xc393, 0x6078, 0x18c2, 0x8044,
    0xf1db, 0x09b7, 0x8250, 0x2940, 0x0203, 0x7b05, 0x6b71, 0xbb9c,
    0xbb9f, 0x9380, 0x225a, 0x0283, 0x633b, 0x2455, 0x3e4f, 0x2714,
    0x10c3, 0x1bb0, 0x8304, 0xf1da, 0x448f, 0x264a, 0x3000, 0x2840,
    0x0301, 0xc00b, 0x7905, 0x2105, 0x06c0, 0xc049, 0xc008, 0x2005,
    0x06c0, 0x7825, 0xc04a, 0xc009, 0x6811, 0x2005, 0x0f80, 0x9002,
    0x0044, 0xc051, 0x2b40, 0x3040, 0x7825, 0x6811, 0x2005, 0x0f80,
    0x9002, 0x0032, 0xc052, 0x448f, 0x205a, 0x0140, 0xc054, 0x0e15,
    0x3211, 0x4497, 0x780b, 0x021a, 0x0002, 0x2640, 0x305e, 0xf1f9,
    0x73b5, 0xf4c2, 0x0ef7, 0xb251, 0xc014, 0x2614, 0x3001, 0x219f,
    0x040d, 0x2100, 0x0f80, 0x8000, 0x6594, 0x8800, 0x202f, 0x8007,
    0x24ca, 0x1021, 0x20ca, 0x0021, 0xf218, 0x2172, 0x0f8c, 0x8000,
    0x6318, 0x7114, 0x7c8f, 0xf2ad, 0x7314, 0x8901, 0x20d3, 0x01e2,
    0xf40c, 0x8922, 0x469f, 0x792f, 0x780f, 0x7a22, 0x4893, 0x7350,
    0x24ca, 0x1045, 0x013a, 0x0005, 0x458f, 0x2455, 0x3e42, 0x2214,
    0x0041, 0x468f, 0x2455, 0x3e43, 0x225a, 0x0282, 0x2200, 0x0782,
    0x2314, 0x0082, 0x12b0, 0x810b, 0x71b5, 0x1184, 0x8101, 0x23ca,
    0x02cd, 0xf70e, 0x2353, 0x1182, 0x2b41, 0x1043, 0x236c, 0x0143,
    0x635b, 0x7a3d, 0xb9c6, 0x226c, 0x0142, 0x6159, 0x4b32, 0x71b5,
    0x7a82, 0x6038, 0x21ca, 0x008e, 0x7862, 0xc309, 0x22ca, 0x000e,
    0x20ca, 0x004e, 0x2e40, 0x3201, 0xc14e, 0x7e10, 0x7965, 0x222f,
    0x1088, 0x6931, 0x0dd7, 0x1011, 0x2105, 0x0f83, 0x9002, 0x00d0,
    0x9360, 0x2105, 0x0f8c, 0x9002, 0x00d4, 0x7b6f, 0xc453, 0x9480,
    0x73d1, 0x20ca, 0x00c5, 0x2105, 0x0f83, 0x9002, 0x0024, 0x9360,
    0x1c56, 0x3304, 0x1c58, 0x30c4, 0x1456, 0x3083, 0x2105, 0x0f8c,
    0x9002, 0x0020, 0x9480, 0x1600, 0x708f, 0x8000, 0x0111, 0x26ca,
    0x1005, 0x7351, 0x7fef, 0x22ca, 0x00c5, 0xef1b, 0xc316, 0xbcc6,
    0xbbc6, 0x0e0b, 0x10c5, 0x0e0f, 0x1304, 0x4cf0, 0x0b07, 0x0305,
    0x4bf0, 0x7e50, 0x2300, 0x038a, 0x228c, 0x9f81, 0xf604, 0x669e,
    0xe6fe, 0xf6c7, 0x0c4f, 0x10c4, 0x2487, 0x1fc1, 0x4cf2, 0x2105,
    0x0f83, 0x9002, 0x00d0, 0xb300, 0x2105, 0x0f83, 0x9002, 0x00d8,
    0xb300, 0xc013, 0x2105, 0x0f81, 0x9002, 0x00dc, 0xb040, 0xb140,
    0x0e81, 0x3251, 0xc00a, 0x6811, 0xb89c, 0xb89f, 0x1800, 0x02c4,
    0x05a9, 0xffcf, 0x264c, 0xb240, 0xf540, 0x05a1, 0xffcf, 0x449f,
    0xf164, 0x2387, 0x0fc1, 0x4bf2, 0xf1db, 0x0d1f, 0x1091, 0x2105,
    0x0f80, 0x9002, 0x0038, 0xb0c0, 0x2105, 0x0f81, 0x9002, 0x003c,
    0x1900, 0x0284, 0xf1de, 0x0d31, 0x1051, 0x2105, 0x0f80, 0x9002,
    0x00d0, 0xb0c0, 0x2105, 0x0f80, 0x9002, 0x00d8, 0xb0c0, 0x2105,
    0x0f80, 0x9002, 0x00d4, 0x2105, 0x0f81, 0x9002, 0x00dc, 0x1800,
    0x0284, 0xf1e8, 0xc012, 0xb0c0, 0xc011, 0x1800, 0x0284, 0xf1c2,
    0xc00e, 0xc10a, 0x7825, 0x6811, 0xb89c, 0xb89f, 0x1800, 0x02c4,
    0x05fb, 0xffcf, 0x73b5, 0x0582, 0xffc2, 0x0551, 0xffcf, 0x73b5,
    0x05f8, 0xffc2, 0x05e7, 0xffcf, 0xc0f1, 0x1cfc, 0xb6c8, 0xc7e1,
    0xc6e1, 0xc5e1, 0x2495, 0x30fa, 0xc34d, 0xc14c, 0xc247, 0xc048,
    0x0bc6, 0xfd4f, 0xda68, 0xc045, 0x702c, 0x2400, 0x3f80, 0x0000,
    0x0274, 0x0b82, 0xfd4f, 0xda68, 0x702c, 0x2400, 0x3f80, 0x0000,
    0x02dc, 0x0b72, 0xfd4f, 0xda68, 0x702c, 0x2400, 0x3f80, 0x0000,
    0x0344, 0x0b62, 0xfd4f, 0x702c, 0x228a, 0x0388, 0x2400, 0x3f80,
    0x0000, 0x03ac, 0x0b4e, 0xfd4f, 0x449f, 0x4898, 0xc00d, 0xe091,
    0x05b6, 0x0002, 0x1600, 0x7080, 0x8000, 0x0102, 0xc06a, 0x2400,
    0x3f80, 0x0000, 0x05b8, 0x1800, 0x0003, 0x2400, 0x3f80, 0x0000,
    0x05b6, 0xa820, 0xd862, 0x2400, 0x3f81, 0x0000, 0x05ae, 0xb100,
    0x2400, 0x3f80, 0x0000, 0x05b0, 0x1800, 0x0f80, 0x0001, 0x0064,
    0x2400, 0x3f80, 0x0000, 0x05b4, 0x1800, 0x0005, 0x0e72, 0xfe0f,
    0x2400, 0x3f80, 0x0000, 0x05b9, 0x1800, 0x0043, 0x2400, 0x3f80,
    0x0000, 0x03ac, 0x1c08, 0x3001, 0x2056, 0x0083, 0x4200, 0x1c04,
    0x3041, 0x1c00, 0x3001, 0x2400, 0x3f80, 0x0000, 0x05b2, 0x9020,
    0xc008, 0x0f6a, 0xff8f, 0x2400, 0x3f80, 0x0000, 0x05b4, 0x1c08,
    0x3001, 0x1c04, 0x3041, 0x1c00, 0x3001, 0x9020, 0xc008, 0x2400,
    0x3f83, 0x0000, 0x03c4, 0x2400, 0x3f82, 0x0000, 0x03b4, 0x0f3e,
    0xff8f, 0x1600, 0x7080, 0x8000, 0x0b68, 0x1600, 0x7081, 0x8000,
    0x0b69, 0x780f, 0x792f, 0xc046, 0xc149, 0x4708, 0xc009, 0x7710,
    0x0394, 0x000e, 0x1600, 0x7080, 0x8000, 0x00e4, 0x262f, 0xf007,
    0xf40a, 0x1600, 0x7080, 0x8000, 0x00e6, 0x262f, 0xf007, 0x20ca,
    0x0121, 0xf203, 0xd807, 0x2400, 0x3f81, 0x0000, 0x05b7, 0xa900,
    0xc00a, 0xb8e1, 0xf215, 0x081a, 0xfdcf, 0x2400, 0x3f81, 0x0000,
    0x05ac, 0xa900, 0x081b, 0x00d1, 0x1600, 0x7000, 0x8000, 0x041c,
    0x6811, 0x2005, 0x0f80, 0x9003, 0xe012, 0x1800, 0x0005, 0x1600,
    0x701b, 0x8000, 0x041c, 0xc009, 0x4597, 0x7030, 0x03c0, 0x0006,
    0x1600, 0x7000, 0x8000, 0x041c, 0xc046, 0x6811, 0x2005, 0x0f80,
    0x9003, 0xe00e, 0x1800, 0x0045, 0x4597, 0x2400, 0x3f80, 0x0000,
    0x05ae, 0x9000, 0xc049, 0x7825, 0x6811, 0xb891, 0xb89c, 0xb89f,
    0x9000, 0x1c4c, 0x3004, 0x2400, 0x3f80, 0x0000, 0x05b0, 0x9000,
    0xc04a, 0x7825, 0xc108, 0x6811, 0xb891, 0xb89c, 0xb89f, 0x9000,
    0x1c50, 0x3004, 0x750c, 0x7838, 0xc048, 0xc00d, 0xe091, 0x0522,
    0x0001, 0x1c2c, 0x3041, 0x706f, 0xda50, 0x702c, 0x2455, 0x3940,
    0x0992, 0xfd4f, 0xda50, 0x702c, 0x2455, 0x3e40, 0x0986, 0xfd4f,
    0xda50, 0x702c, 0x2400, 0x3f80, 0x0000, 0x0134, 0x0976, 0xfd4f,
    0xc013, 0x234e, 0x3301, 0x206c, 0x01c0, 0xc04e, 0x2005, 0x06c0,
    0x792f, 0x6974, 0x7b05, 0xc014, 0x206c, 0x01c0, 0xc04f, 0xc20f,
    0x2b40, 0x3100, 0x7845, 0x7905, 0x1600, 0x7080, 0x8000, 0x0b68,
    0x1600, 0x7082, 0x8000, 0x0b69, 0x7f0f, 0x7a4f, 0xc251, 0x42e1,
    0xc011, 0x7050, 0x04c2, 0x0006, 0x0d62, 0xfe4f, 0x702c, 0x211f,
    0x0f80, 0x0000, 0x0350, 0x70c3, 0x0000, 0x6594, 0xb89f, 0x1800,
    0x0003, 0x7124, 0x09eb, 0x8a11, 0x2400, 0x3f80, 0x0000, 0x05b9,
    0x8800, 0x2400, 0x3f8d, 0x0000, 0x03ac, 0xc042, 0x449f, 0xc540,
    0xc041, 0x2400, 0x3f80, 0x0000, 0x05b2, 0xc308, 0x8840, 0x2400,
    0x3f80, 0x0000, 0x05b7, 0x8820, 0xc695, 0x40c1, 0x0e76, 0xfecf,
    0xc644, 0x2400, 0x3f80, 0x0000, 0x05b9, 0x8800, 0xc541, 0xc043,
    0x449f, 0xc30c, 0xc042, 0xc00b, 0x744c, 0xc040, 0x2400, 0x3f80,
    0x0000, 0x05b2, 0x8820, 0x2400, 0x3f80, 0x0000, 0x05b7, 0x8800,
    0x0d82, 0xfe4f, 0x2400, 0x3f80, 0x0000, 0x05b8, 0x8800, 0xe81c,
    0xc108, 0x710c, 0x0f32, 0xfdcf, 0xc644, 0x1c0c, 0x3001, 0x1c08,
    0x3001, 0xc541, 0x1c00, 0x3041, 0xc30c, 0x2400, 0x3f80, 0x0000,
    0x05b7, 0x8800, 0x732c, 0x744c, 0x0d4a, 0xfe4f, 0xc108, 0x700c,
    0x0f06, 0xfdcf, 0xc095, 0x0cb6, 0xfe4f, 0x2400, 0x3f80, 0x0000,
    0x03bc, 0x2400, 0x3f83, 0x0000, 0x0134, 0x2455, 0x3e42, 0x2455,
    0x3941, 0x0936, 0xfd0f, 0x2400, 0x3f80, 0x0000, 0x05b4, 0x90a0,
    0x258c, 0x9fc3, 0xf259, 0x702c, 0x211f, 0x0f80, 0x0000, 0x0350,
    0x70c3, 0x0000, 0x6594, 0xb89f, 0x1800, 0x0003, 0x7124, 0x09ed,
    0x8a11, 0x78af, 0xc050, 0x2400, 0x3f80, 0x0000, 0x05b9, 0x8800,
    0x2400, 0x3f8d, 0x0000, 0x03ac, 0xc042, 0x449f, 0xc308, 0xc041,
    0x4d18, 0xc040, 0xc210, 0xc052, 0x2400, 0x3f80, 0x0000, 0x05b7,
    0x8820, 0x40c1, 0xc695, 0x0d7e, 0xfecf, 0xc644, 0x2400, 0x3f80,
    0x0000, 0x05b9, 0x8800, 0xc30c, 0xc043, 0x449f, 0xc110, 0xc042,
    0xc012, 0x744c, 0xc041, 0xc00b, 0xc040, 0x2400, 0x3f80, 0x0000,
    0x05b7, 0x8800, 0x0c8e, 0xfe4f, 0x40c1, 0x0c02, 0xfe4f, 0x4d38,
    0x2400, 0x3f83, 0x0000, 0x0224, 0x2400, 0x3f82, 0x0000, 0x01d4,
    0x2400, 0x3f81, 0x0000, 0x0184, 0x087e, 0xfd0f, 0x2400, 0x3f80,
    0x0000, 0x05b4, 0x90a0, 0x2400, 0x3f80, 0x0000, 0x05b6, 0x8880,
    0xc011, 0x70f1, 0x0332, 0x0006, 0x7167, 0x234c, 0xb340, 0x05cc,
    0xffc2, 0x1600, 0x7080, 0x8000, 0x0b68, 0x1600, 0x708d, 0x8000,
    0x0b69, 0x780f, 0x7daf, 0x7510, 0x03da, 0x0006, 0x1600, 0x700d,
    0x8000, 0x0470, 0xc10d, 0x1600, 0x7080, 0x8000, 0x0b68, 0x1600,
    0x708c, 0x8000, 0x0b69, 0x780f, 0x7c8f, 0xe191, 0x0554, 0x0002,
    0x1600, 0x708f, 0x8000, 0x0102, 0x2400, 0x3f81, 0x0000, 0x05ac,
    0xbfe1, 0x89c0, 0xf20a, 0x0e15, 0x10d1, 0x6d31, 0x2105, 0x0f81,
    0x9003, 0xe012, 0x1900, 0x0105, 0x7091, 0x043e, 0x000e, 0x0ac2,
    0xfe0f, 0x2495, 0x3f45, 0xc5c1, 0xc6c1, 0xc7c1, 0x1404, 0x341b,
    0xc0d1, 0x7ee0, 0x2400, 0x3f8e, 0x0000, 0x03ac, 0x78f0, 0x6811,
    0x2056, 0x005b, 0x2300, 0x339b, 0x2674, 0x1000, 0x2400, 0x3f81,
    0x0000, 0x01d4, 0x1c75, 0x3019, 0x1c89, 0x3019, 0x0e9a, 0xfccf,
    0x1300, 0x3100, 0x2400, 0x3f81, 0x0000, 0x0224, 0x0e8a, 0xfccf,
    0x2400, 0x3f8d, 0x0000, 0x01f4, 0x15e0, 0x9080, 0x1530, 0x1081,
    0x7030, 0xf7d4, 0x2400, 0x3f80, 0x0000, 0x01d4, 0x7932, 0xb9c0,
    0x0e7e, 0xfccf, 0x15e0, 0x9080, 0x15e1, 0x9081, 0x6817, 0x6038,
    0xb600, 0x71e5, 0x03f9, 0xffcf, 0xf77d, 0x7912, 0x2400, 0x3f80,
    0x0000, 0x0224, 0xb9c0, 0x0e5a, 0xfccf, 0x1530, 0x1080, 0x1531,
    0x1081, 0x6817, 0x6038, 0x1b00, 0x3004, 0xf1ed, 0x4497, 0x708d,
    0xb80c, 0x2005, 0x06cb, 0x4497, 0x205a, 0x014a, 0x458f, 0x2c40,
    0x1200, 0x49aa, 0x2005, 0x02c0, 0x7905, 0x6931, 0xb991, 0xb99c,
    0xb99f, 0x91a0, 0x2400, 0x3f8f, 0x0000, 0x03ac, 0x2414, 0x1281,
    0x2156, 0x0082, 0x7a50, 0x2714, 0x1083, 0xb3a0, 0x478f, 0x2400,
    0x3f8d, 0x0000, 0x05f4, 0xe310, 0x7b05, 0x6b71, 0xbb91, 0xbb9c,
    0xbb9f, 0x9360, 0x2514, 0x1082, 0x1a04, 0x80dc, 0xc20a, 0xbae1,
    0xf223, 0x2400, 0x3f82, 0x0000, 0x05ac, 0x8a40, 0x0a3b, 0x00d1,
    0x6811, 0x2005, 0x0f80, 0x9002, 0x009c, 0x9060, 0x9041, 0x90c2,
    0x90a3, 0x7b70, 0x7a50, 0x7ed0, 0x7db0, 0x49b8, 0x7930, 0x2716,
    0x1041, 0xb160, 0xb141, 0xb1c2, 0xb1a3, 0x63db, 0x7b7d, 0xb060,
    0x62ba, 0x7a5d, 0xb041, 0x7185, 0x0c65, 0x9251, 0x4497, 0x7104,
    0xc046, 0x0387, 0xffcf, 0x2400, 0x3f80, 0x0000, 0x05b7, 0x1800,
    0x0083, 0xd85e, 0x2400, 0x3f82, 0x0000, 0x05ae, 0xb200, 0x2400,
    0x3f80, 0x0000, 0x05b0, 0x2400, 0x3f82, 0x0000, 0x05b4, 0x1800,
    0x0f80, 0x0002, 0x0060, 0xd8ff, 0xb200, 0x1600, 0x7080, 0x8000,
    0x0096, 0x2400, 0x3f82, 0x0000, 0x05b6, 0xb8c3, 0x780b, 0x21ca,
    0x02a2, 0xaa20, 0x2400, 0x3f81, 0x0000, 0x05b8, 0xa900, 0x2400,
    0x3f80, 0x0000, 0x03ac, 0x2056, 0x0083, 0x4200, 0xc008, 0x1c08,
    0x3001, 0x1c04, 0x3041, 0x1c00, 0x3001, 0x722c, 0x09be, 0xff8f,
    0x1600, 0x7080, 0x8000, 0x0b68, 0x1600, 0x708d, 0x8000, 0x0b69,
    0x1600, 0x700e, 0x8000, 0x041c, 0x7daf, 0x780f, 0x70b1, 0x02f4,
    0xffcd, 0x458f, 0x205a, 0x0143, 0x2154, 0x04cc, 0x2840, 0x030f,
    0x7cc5, 0x6b71, 0x7ce5, 0xe310, 0x702c, 0x2940, 0x0202, 0x7a85,
    0x6a51, 0xba91, 0xba9c, 0xba9f, 0x1200, 0x010a, 0x2400, 0x3f8b,
    0x0000, 0x03ac, 0x617a, 0x7a50, 0x2314, 0x1082, 0x1a00, 0x0284,
    0x7124, 0x09db, 0x8251, 0x458f, 0x2400, 0x3f83, 0x0000, 0x03de,
    0x49d8, 0x79c5, 0x79e5, 0x6931, 0xb991, 0xb99c, 0xb99f, 0x9140,
    0x205f, 0x0141, 0x2315, 0x0041, 0x7104, 0xb140, 0xf1c8, 0x1600,
    0x7100, 0x8000, 0x0006, 0x7810, 0x263d, 0x7000, 0x0000, 0x0c7f,
    0xc04b, 0x02d7, 0xffcf, 0x4497, 0xc505, 0x2a40, 0x030c, 0x7c05,
    0xc009, 0x7144, 0x60b8, 0x7885, 0x6811, 0xb891, 0xb89c, 0xb89f,
    0xb060, 0xc00a, 0x60b8, 0x7885, 0x6811, 0xb891, 0xb89c, 0xb89f,
    0xb020, 0x0311, 0xffcf, 0x7c8b, 0x20ca, 0x0f81, 0x0000, 0x007f,
    0xf250, 0x704c, 0x706c, 0xd97f, 0x275a, 0x128e, 0x665e, 0x2400,
    0x3f80, 0x0000, 0x0134, 0x2455, 0x3e4a, 0x20f4, 0x0380, 0x22f4,
    0x138e, 0x7144, 0x78c2, 0x780d, 0x2109, 0x0001, 0x6078, 0x4300,
    0x0ad9, 0x8304, 0x2715, 0x16c2, 0x2400, 0x3f83, 0x0000, 0x01f4,
    0x2314, 0x0082, 0x1a80, 0x0004, 0xedab, 0x704c, 0x264a, 0x3000,
    0xd87f, 0x275a, 0x1283, 0x635b, 0x2400, 0x3f8e, 0x0000, 0x01f4,
    0x2400, 0x3f8b, 0x0000, 0x01d4, 0x2614, 0x10ca, 0x23f4, 0x10c3,
    0x1230, 0x108a, 0x7144, 0x2202, 0x10ca, 0x222f, 0x1285, 0x2009,
    0x0280, 0x2200, 0x178a, 0x260a, 0x3280, 0x0acb, 0x8304, 0x2715,
    0x16c2, 0x2614, 0x1082, 0x1ae8, 0x0284, 0x0825, 0x0042, 0x4020,
    0x2715, 0x16c1, 0x2400, 0x3f82, 0x0000, 0x01f4, 0x780f, 0x2214,
    0x0041, 0x71e5, 0x19a8, 0x001c, 0x0409, 0xffcf, 0x1a80, 0x0284,
    0xf1f0, 0x77cd, 0x704c, 0xd9ff, 0x47c9, 0x2400, 0x3f8a, 0x0000,
    0x01f4, 0x2015, 0x008c, 0x2214, 0x130c, 0x14a8, 0x1703, 0x1c1c,
    0x30c4, 0x141c, 0x30c3, 0x73f1, 0xf606, 0xf40e, 0x1480, 0x114c,
    0x0e15, 0x1303, 0x2015, 0x008c, 0x2214, 0x130c, 0x1480, 0x114e,
    0x794f, 0x4768, 0x7144, 0x0ac7, 0x8351, 0x1600, 0x710c, 0x8000,
    0x0428, 0x2000, 0x0f82, 0x0000, 0x1cf3, 0x7c90, 0x7a50, 0x6c91,
    0x2416, 0x1082, 0xba9f, 0x7b2d, 0xb260, 0xc20e, 0xc705, 0x7a25,
    0x214e, 0x030c, 0x7c8f, 0x6cd4, 0x7e45, 0xc209, 0x2840, 0x0303,
    0x62fa, 0xc706, 0x6934, 0x7ae5, 0x7a65, 0x6a51, 0xba91, 0xba9c,
    0xba9f, 0xb2c0, 0x2405, 0x1042, 0xc10f, 0xc405, 0x7a25, 0xc10a,
    0x7104, 0x6199, 0x79e5, 0x7965, 0x6931, 0xb991, 0xb99c, 0xb99f,
    0xb140, 0x0377, 0xffcf, 0x205f, 0x0141, 0x2940, 0x008b, 0x2840,
    0x0302, 0x6931, 0x7aa5, 0x49b8, 0xc247, 0xc146, 0x706c, 0x469f,
    0x2400, 0x3f8a, 0x0000, 0x03ac, 0x7970, 0x2314, 0x1041, 0x7141,
    0x1170, 0x011b, 0x1120, 0x011e, 0x2b40, 0x0201, 0x7945, 0x468f,
    0xbfe1, 0xe210, 0x7a25, 0x6a51, 0xba91, 0xba9c, 0xba9f, 0x1a04,
    0x0784, 0x1a00, 0x06c4, 0xf21c, 0x0e35, 0x10d1, 0x4697, 0x6931,
    0x635a, 0x7a50, 0x2216, 0x1082, 0x1200, 0x010a, 0x2105, 0x0f81,
    0x9002, 0x009c, 0x1900, 0x0284, 0x1202, 0x010a, 0x1902, 0x0284,
    0x1204, 0x010a, 0x1904, 0x0284, 0x9243, 0xb143, 0x7164, 0x0b93,
    0x8251, 0x7104, 0x0335, 0xffcf, 0x2400, 0x3f81, 0x0000, 0x05f4,
    0x205f, 0x0142, 0x2115, 0x0082, 0x458f, 0x2840, 0x030e, 0x2154,
    0x04cf, 0x2296, 0x0efe, 0x7fa5, 0x706c, 0x7fc5, 0x7970, 0x22f4,
    0x004a, 0x2b40, 0x0201, 0x79e5, 0x6931, 0xb991, 0xb99c, 0xb99f,
    0x1900, 0x0284, 0x7164, 0x0be9, 0x8251, 0x9249, 0x458f, 0x7104,
    0x49d8, 0x79a5, 0x79c5, 0x6931, 0xb991, 0xb99c, 0xb99f, 0xb140,
    0x0ca9, 0x9005, 0x02df, 0xffcf, 0xc0f1, 0x1cfc, 0xb6c8, 0xc7e1,
    0xc6e1, 0xc5e1, 0x2459, 0x399c, 0x1cac, 0x3000, 0x1451, 0x3600,
    0xc346, 0xc054, 0x1452, 0x3600, 0xc150, 0x1cbc, 0x3000, 0x2a41,
    0x020d, 0x702c, 0xda30, 0x1cd0, 0x3001, 0x1cd4, 0x3001, 0x1cc8,
    0x3001, 0x1ccc, 0x3001, 0x2456, 0x3800, 0x098a, 0xfd0f, 0x4597,
    0x2544, 0x1040, 0xc05a, 0x0ee6, 0xfe8f, 0x1cc4, 0x3000, 0x0f52,
    0xfd4f, 0xc04e, 0x1600, 0x7080, 0x8000, 0x000d, 0xc110, 0x780f,
    0x792b, 0x0324, 0x0002, 0xb824, 0x1c70, 0x3001, 0x2606, 0x7000,
    0x0000, 0x0001, 0x1c90, 0x3000, 0xc00e, 0x080f, 0x00d1, 0x4497,
    0x7214, 0x0312, 0x0002, 0x1c74, 0x3041, 0xc01c, 0x1600, 0x708e,
    0x8000, 0x0040, 0x7104, 0x1600, 0x708d, 0x8000, 0x0025, 0x1c88,
    0x3000, 0xc010, 0x2042, 0x00c0, 0xc056, 0xc01a, 0xe804, 0xc016,
    0x0813, 0x0154, 0x1600, 0x7080, 0x8000, 0x00e7, 0xb8e0, 0x02de,
    0x0001, 0x0c7e, 0xfdcf, 0x1c48, 0x3041, 0xc014, 0x780b, 0xc00e,
    0x02d2, 0x0001, 0x780b, 0x030e, 0x0002, 0x4497, 0x1c2c, 0x3001,
    0x780b, 0x0330, 0x0001, 0xd84f, 0x1c1c, 0x3001, 0x1c14, 0x3001,
    0xc049, 0x4497, 0x7114, 0x02c4, 0x0002, 0xd850, 0xc049, 0x449f,
    0x780b, 0x0382, 0x0001, 0xc051, 0x1c14, 0x3041, 0xd84f, 0xc05b,
    0x7dc5, 0x1c20, 0x3001, 0x78af, 0x1cb8, 0x3000, 0xc008, 0xc208,
    0x6822, 0x710c, 0x7858, 0x200f, 0x0040, 0xc053, 0xea07, 0x14b8,
    0x3000, 0xc113, 0x782b, 0x0236, 0x0001, 0xc008, 0x1e00, 0x7002,
    0x8000, 0x0b67, 0x730c, 0x094a, 0x0240, 0xc01c, 0x4597, 0xc042,
    0x1490, 0x3000, 0x2456, 0x3643, 0xc041, 0x14bc, 0x3000, 0x2456,
    0x3682, 0xc040, 0xc008, 0x0d06, 0xff4f, 0x4497, 0x7214, 0x032e,
    0x0001, 0x1600, 0x7100, 0x8000, 0x0006, 0x1c78, 0x3001, 0x7810,
    0x263d, 0x7000, 0x0000, 0x0c7f, 0x1c80, 0x3000, 0xd880, 0xc05f,
    0xc012, 0xc313, 0xc042, 0xc01a, 0x4697, 0xc110, 0xc041, 0x2456,
    0x3680, 0xc040, 0x2456, 0x3800, 0x0dba, 0xfe8f, 0x1488, 0x3000,
    0x1c40, 0x3019, 0x1c42, 0x3018, 0xc01f, 0x1c41, 0x3059, 0x7704,
    0x1c94, 0x3000, 0xc008, 0x780b, 0x02ec, 0x0002, 0xd84e, 0xc057,
    0xd84f, 0xc058, 0xc011, 0x780b, 0x02fa, 0x0002, 0x449f, 0x780b,
    0x02de, 0x0002, 0xc013, 0xc108, 0x7838, 0x7104, 0xc059, 0xc008,
    0x1c54, 0x3001, 0x201f, 0x0f80, 0x0000, 0x14a0, 0x1cb4, 0x3000,
    0xd87f, 0xc04d, 0x448f, 0x780b, 0x033c, 0x0002, 0x4497, 0x780b,
    0x02d2, 0x0002, 0xc00e, 0x7314, 0x0314, 0x0002, 0xc015, 0xc115,
    0x780b, 0x20ca, 0x0f81, 0x0000, 0x004f, 0x70df, 0x0000, 0x0051,
    0xc04c, 0xc019, 0x23ca, 0x3f81, 0x0000, 0x004e, 0x23ca, 0x3f82,
    0x0000, 0x0050, 0x7838, 0xc114, 0x792b, 0x02c2, 0x0001, 0x7414,
    0x21ca, 0x0121, 0xf20b, 0x4100, 0xc016, 0x216c, 0x0002, 0x207d,
    0x0140, 0x7254, 0x6811, 0x20c0, 0x0061, 0x2056, 0x08c0, 0xb89f,
    0x88ca, 0x7ecb, 0x02ee, 0x0002, 0xc034, 0xc04f, 0xc016, 0x7434,
    0x0042, 0x0041, 0x7414, 0x0298, 0x000e, 0x1600, 0x7100, 0x8000,
    0x000a, 0xb8ed, 0xf20a, 0xc00d, 0x60de, 0xd87f, 0xe6ff, 0x20ca,
    0x038e, 0x780f, 0xc04d, 0x70cd, 0x1600, 0x7100, 0x8000, 0x000a,
    0xb8ed, 0x0018, 0x0041, 0xc008, 0x780b, 0x02b6, 0x0001, 0x1c28,
    0x3041, 0x70ad, 0x42c3, 0x0000, 0x8480, 0x702c, 0x40c3, 0x8000,
    0x6318, 0x0ef2, 0xfccf, 0x43c1, 0xc00d, 0x70d1, 0x0352, 0x0006,
    0x1600, 0x7080, 0x8000, 0x0b68, 0x1600, 0x7081, 0x8000, 0x0b69,
    0x780f, 0x792f, 0x1ca4, 0x3040, 0x1600, 0x7081, 0x8000, 0x0b98,
    0xc04c, 0x792f, 0x1ca0, 0x3040, 0x1488, 0x3001, 0xc015, 0x2e05,
    0x7041, 0x0000, 0x0040, 0x1c98, 0x3040, 0x14b4, 0x3001, 0x201f,
    0x0f80, 0x0000, 0x2940, 0x6038, 0xc10c, 0x1c8c, 0x3000, 0x14a4,
    0x3000, 0x7030, 0x0476, 0x0006, 0x14a4, 0x3000, 0xc10c, 0x7030,
    0x0638, 0x0006, 0xc015, 0xc11d, 0x1c54, 0x3041, 0x7104, 0x7110,
    0x06b4, 0xffcd, 0x2456, 0x3800, 0x0ac2, 0xfe0f, 0xc008, 0x1c20,
    0x3041, 0x7104, 0x7214, 0x05b8, 0xffc2, 0xc012, 0xe803, 0x0a22,
    0xfdcf, 0x2456, 0x399c, 0xc5c1, 0xc6c1, 0xc7c1, 0x1404, 0x341b,
    0xc0d1, 0x7ee0, 0xb823, 0x1c90, 0x3001, 0xb8c0, 0xc05c, 0x04ed,
    0xffcf, 0x1c74, 0x3081, 0x04f7, 0xffcf, 0x1c48, 0x3001, 0x052f,
    0xffcf, 0x780b, 0x1c2c, 0x3101, 0xd84e, 0x1c14, 0x3041, 0x1c1c,
    0x3041, 0xc049, 0x053e, 0xffc1, 0x4497, 0xe89e, 0xc00e, 0x085d,
    0x0051, 0x448f, 0x780b, 0x053a, 0xffc2, 0xd851, 0x1c44, 0x3041,
    0x1c1c, 0x3041, 0x1c14, 0x3041, 0xc05b, 0x1c2c, 0x3081, 0x0535,
    0xffcf, 0xd84f, 0x1c2c, 0x3001, 0x1c14, 0x3001, 0x1c1c, 0x3001,
    0xc049, 0xf1e4, 0x4497, 0x0825, 0x0051, 0x448f, 0x208e, 0x0441,
    0xc049, 0xc00e, 0x085f, 0x0050, 0x448f, 0xe81c, 0x04f3, 0xffcf,
    0x1c1c, 0x3041, 0x04e7, 0xffcf, 0x448f, 0x780b, 0x04de, 0xffc2,
    0x4497, 0xe88e, 0xc00e, 0x0855, 0x0090, 0xd851, 0xc049, 0x1c44,
    0x3001, 0x1c1c, 0x3001, 0x1c14, 0x3001, 0xf00f, 0xd851, 0xc049,
    0xc00e, 0x08ef, 0x8091, 0x4497, 0x1c44, 0x3001, 0x2078, 0x0040,
    0x1c1c, 0x3001, 0xc045, 0xd850, 0x1c2c, 0x30c1, 0xc05b, 0x04b5,
    0xffcf, 0x448f, 0x780b, 0x049a, 0xffc2, 0x1c44, 0x3041, 0x1c1c,
    0x3041, 0x1c14, 0x3041, 0xf1f1, 0xd851, 0x1c44, 0x3001, 0xc049,
    0xf1f7, 0xd84f, 0x1c44, 0x3041, 0x1c1c, 0x3041, 0x1c14, 0x3041,
    0xc05b, 0x1c2c, 0x3041, 0x047d, 0xffcf, 0x1600, 0x7080, 0x8000,
    0x0096, 0x1c80, 0x3041, 0xb824, 0xb8c0, 0xc05e, 0xd8d4, 0xc05f,
    0x04e1, 0xffcf, 0xd850, 0xc057, 0xd851, 0x051b, 0xffcf, 0xc108,
    0xc010, 0x7838, 0xc118, 0xc059, 0xc017, 0xc157, 0xc058, 0x0523,
    0xffcf, 0xc00b, 0xc059, 0xc009, 0xc058, 0xc01b, 0xc057, 0x0513,
    0xffcf, 0x4497, 0x7114, 0x05f8, 0x0002, 0xc00e, 0x0841, 0x00d1,
    0xc015, 0x780b, 0x05da, 0x0002, 0xd94e, 0xc14c, 0x710c, 0x238a,
    0x33c1, 0xc114, 0x792b, 0x0552, 0xffc2, 0xc116, 0x7434, 0x05a2,
    0x000d, 0x1c3c, 0x3041, 0x1c34, 0x3001, 0x70cd, 0x700c, 0x0f66,
    0x0200, 0x4508, 0x1c28, 0x3001, 0x059d, 0xffcf, 0x40c3, 0x01ab,
    0x0000, 0x0c02, 0x0280, 0xd94f, 0xc019, 0xc14c, 0x238a, 0x3381,
    0x0507, 0xffcf, 0xc117, 0xc019, 0x1460, 0x301b, 0xc14c, 0x04fb,
    0xffcf, 0xd84f, 0x742c, 0xc04c, 0x238a, 0x3381, 0x740c, 0x050f,
    0xffcf, 0x8845, 0xc64f, 0xc24d, 0x88c0, 0x0515, 0xffcf, 0x1600,
    0x7080, 0x8000, 0x0b68, 0x1600, 0x708c, 0x8000, 0x0b69, 0x1600,
    0x708f, 0x8000, 0x0b98, 0x1600, 0x7001, 0x8000, 0x041c, 0x2600,
    0x1f8d, 0x0000, 0x007f, 0xc14a, 0x1600, 0x708b, 0x8000, 0x011b,
    0xc10d, 0x7c8f, 0x7fef, 0x7d22, 0x780f, 0x7410, 0x0512, 0xffc5,
    0x0f09, 0x1007, 0x7104, 0xf1fb, 0xc10a, 0x2840, 0x0303, 0x2105,
    0x06c1, 0x704c, 0x7b25, 0x1434, 0x301e, 0x2a40, 0x0201, 0x7965,
    0x6931, 0xb991, 0xb99c, 0xb99f, 0x9120, 0x222f, 0x1047, 0x2200,
    0x178a, 0x228c, 0x9fc1, 0x21ca, 0x034d, 0xf70c, 0x222f, 0x1045,
    0x262f, 0x32c5, 0x220c, 0x9780, 0x21c2, 0x02ca, 0x21ca, 0x002b,
    0x205a, 0x028a, 0x2255, 0x17ca, 0x2455, 0x3b5e, 0x2200, 0x178a,
    0x2200, 0x108a, 0x1aa8, 0x9042, 0x7144, 0x0aaf, 0x8291, 0xf1cc,
    0x1c34, 0x3001, 0x1c3c, 0x3041, 0x70cd, 0x70ad, 0xf17c, 0xc014,
    0xe809, 0x4497, 0x08ad, 0x0091, 0xc008, 0x734c, 0x41c1, 0x0a6e,
    0x0240, 0x1600, 0x7000, 0x8000, 0x041c, 0x14ac, 0x3003, 0x6811,
    0x2005, 0x0f80, 0x9003, 0xe002, 0x1800, 0x0005, 0x2456, 0x3800,
    0xc044, 0xc012, 0xc20a, 0xc043, 0xc01a, 0x4597, 0xc042, 0x1480,
    0x3000, 0x2456, 0x368f, 0xc040, 0xc010, 0xc741, 0x1c40, 0x3398,
    0x0822, 0xfe0f, 0xc01e, 0xe829, 0xc113, 0x710c, 0x09da, 0xfd8f,
    0xc312, 0xc113, 0xc010, 0x704c, 0x0832, 0xfdcf, 0x2456, 0x3800,
    0xc044, 0xc012, 0x14ac, 0x3003, 0xc043, 0x1480, 0x3000, 0xc20a,
    0xc040, 0xc010, 0x1c08, 0x3001, 0xc741, 0x732c, 0x0fe6, 0xfdcf,
    0xc113, 0xc010, 0xc312, 0x14c4, 0x3002, 0x0802, 0xfdcf, 0xc113,
    0x700c, 0x0996, 0xfd8f, 0xc00f, 0x43c1, 0x661e, 0x03fd, 0xffcf,
    0x1600, 0x7080, 0x8000, 0x0b68, 0x1600, 0x7081, 0x8000, 0x0b69,
    0x780f, 0x792f, 0x1c8c, 0x3040, 0x1600, 0x708b, 0x8000, 0x0b98,
    0x1600, 0x7001, 0x8000, 0x041c, 0x2353, 0x11cb, 0x1c84, 0x3040,
    0x148c, 0x3001, 0x0913, 0x0005, 0x702c, 0x40c3, 0x0004, 0x93e0,
    0x0bc6, 0xfccf, 0xf18f, 0x0b63, 0x1006, 0x1484, 0x3002, 0x2840,
    0x0301, 0x7945, 0xc20a, 0x2305, 0x3043, 0x260a, 0x3380, 0xea27,
    0xc20c, 0x708d, 0x7945, 0x205a, 0x0282, 0x2455, 0x3b4f, 0xe27c,
    0x62fa, 0x629a, 0x12a8, 0x808a, 0x2c40, 0x1202, 0x2200, 0x178a,
    0x2205, 0x00cf, 0x6ff1, 0xbf91, 0xbf9c, 0xbf9f, 0x1f00, 0x1284,
    0xed08, 0x7a25, 0x6a51, 0xba91, 0xba9c, 0xba9f, 0x1a00, 0x0284,
    0x7185, 0x0cc7, 0x9291, 0x7104, 0xf1c4, 0x6b71, 0x2305, 0x0f83,
    0x9002, 0x1e00, 0xb3c0, 0xed79, 0xc20c, 0x7945, 0x6931, 0x2105,
    0x0f81, 0x9002, 0x1e00, 0xb1c0, 0xf1ef, 0x14a0, 0x3000, 0x783a,
    0x1ca8, 0x3000, 0xb8e0, 0xf405, 0x7124, 0x0377, 0xffcf, 0x148c,
    0x3002, 0x215a, 0x0140, 0x1cc0, 0x3000, 0x211f, 0x0f80, 0x0000,
    0x0528, 0x6058, 0x1cb0, 0x3000, 0x704c, 0x14c0, 0x3000, 0x704d,
    0x2214, 0x0000, 0x209f, 0x040d, 0x2000, 0x0f8c, 0x8000, 0x6594,
    0x268a, 0x3fff, 0x1c9c, 0x3300, 0x70ad, 0x706f, 0x708d, 0x70ed,
    0x70cd, 0x149c, 0x300b, 0x2300, 0x128b, 0x1300, 0x108b, 0x2353,
    0x11cb, 0x0fbf, 0x1010, 0x0b21, 0x1011, 0x2602, 0x338f, 0x2d40,
    0x104b, 0x230c, 0x93c0, 0x25ca, 0x13cb, 0x23ca, 0x378b, 0x24ca,
    0x138b, 0x70ed, 0x2240, 0x104b, 0x260a, 0x3280, 0x147c, 0x300a,
    0x0b8b, 0x1282, 0xef0c, 0x1494, 0x300f, 0x2d40, 0x104a, 0x7fc2,
    0x0a0d, 0x13c3, 0x1494, 0x301b, 0x45e9, 0x44c9, 0x1498, 0x300e,
    0x0e09, 0x1343, 0x2302, 0x338c, 0x14b0, 0x300e, 0x221f, 0x0f8d,
    0x0000, 0x0084, 0x65dd, 0x70c3, 0x8000, 0x6318, 0x2500, 0x1f9e,
    0x8000, 0x0dc8, 0x1c84, 0x3000, 0x75c3, 0x8000, 0x0e48, 0xb580,
    0x70ed, 0xc01c, 0x149c, 0x300d, 0x2f01, 0x100e, 0xc014, 0x669e,
    0x7ecf, 0x65dd, 0x8da0, 0x7daf, 0x08c3, 0x0010, 0x0dc9, 0x1010,
    0x1484, 0x3000, 0x265a, 0x10ce, 0x2000, 0x038a, 0x0d23, 0x1051,
    0x1200, 0x108e, 0x7ecf, 0x7d6f, 0xf01b, 0x4269, 0xf19b, 0x0b69,
    0x9010, 0x14a8, 0x300e, 0x2644, 0x104f, 0x4649, 0xf1ac, 0x1484,
    0x3000, 0x2640, 0x104b, 0x2300, 0x100b, 0x0d4f, 0x1091, 0x1200,
    0x108e, 0xc00f, 0x1300, 0x108d, 0x7ecf, 0x7d02, 0x7daf, 0x222f,
    0x1345, 0x232f, 0x1385, 0x2202, 0x12ca, 0x0a6b, 0x1152, 0xc00a,
    0xe804, 0x76b1, 0x017c, 0x000e, 0x222f, 0x13c8, 0x2614, 0x328a,
    0x1a00, 0x1382, 0x1a01, 0x1342, 0x71e5, 0xe7c0, 0xf5b3, 0x7144,
    0xe28a, 0xf555, 0xf142, 0x1484, 0x3000, 0x1200, 0x108a, 0x661e,
    0x1300, 0x108d, 0xc00f, 0x8ec2, 0x2253, 0x11ca, 0x7daf, 0x7ecf,
    0x2502, 0x128b, 0x2302, 0x039b, 0x2302, 0x100b, 0x0b6b, 0x96c4,
    0xc00f, 0x4649, 0x7d02, 0x7daf, 0xf1cb, 0xbd81, 0x7daf, 0x73b5,
    0xf28b, 0x70ad, 0xde7f, 0xf1d2, 0x14a0, 0x3000, 0xc10c, 0x783a,
    0xc04a, 0xb8e0, 0xf406, 0xc00c, 0x7104, 0xc04c, 0x01ad, 0xffcf,
    0xc00c, 0x148c, 0x3001, 0x209f, 0x0a14, 0x6038, 0xc04f, 0x70cd,
    0xc01a, 0xe884, 0x0ec5, 0x1210, 0xc01e, 0xe884, 0x0edb, 0x9250,
    0xc00f, 0x261f, 0x1f8d, 0x0000, 0x0084, 0x651d, 0x704c, 0x2500,
    0x1f9e, 0x8000, 0x0dc8, 0x702c, 0x776d, 0x700c, 0x704d, 0x708d,
    0x706c, 0x7f50, 0x2614, 0x33cf, 0x1700, 0x109b, 0x8fe1, 0x2353,
    0x31db, 0x7fef, 0x0f8d, 0x16c4, 0x792b, 0xc10a, 0x4448, 0x23ca,
    0x0081, 0xb9c0, 0x7144, 0xe2c0, 0xf5ed, 0xe909, 0x4c71, 0x230c,
    0x9040, 0x20ca, 0x030b, 0x22ca, 0x10cb, 0x1600, 0x7081, 0x8000,
    0x0015, 0x2200, 0x100f, 0xb9e2, 0xf414, 0x1600, 0x7081, 0x8000,
    0x00ce, 0x2f44, 0x108f, 0x262f, 0xf047, 0x20c2, 0x0282, 0x71df,
    0x01b1, 0x0006, 0x20fd, 0x01a2, 0x20e2, 0x0f82, 0x0000, 0x1ca0,
    0xc30c, 0x42a1, 0x2456, 0x3981, 0x2274, 0x0f80, 0x8000, 0x0e48,
    0x7974, 0x1488, 0x3003, 0x1198, 0x8101, 0x786a, 0x6038, 0xb200,
    0x75c3, 0x8000, 0x0e4a, 0xade0, 0x71c5, 0x0e39, 0x9291, 0xf18d,
    0xe942, 0x4c71, 0x7171, 0x23ca, 0x1049, 0x20ca, 0x0309, 0x22ca,
    0x10c9, 0x702c, 0xf1b8, 0xc00a, 0xdd7f, 0x70cd, 0x780b, 0xf346,
    0x215a, 0x028a, 0x2255, 0x17c0, 0x2455, 0x3b4a, 0x2200, 0x100a,
    0x2200, 0x108a, 0x12a8, 0x908a, 0x7641, 0x7541, 0xf136, 0x7414,
    0x0370, 0xffc1, 0x1c3c, 0x3041, 0x1c34, 0x3001, 0x70cd, 0x07ed,
    0xff8f, 0x7414, 0x0258, 0xffce, 0x70ad, 0x025d, 0xffcf, 0xd950,
    0x730c, 0xc14c, 0x238a, 0x3441, 0x022b, 0xffcf, 0xc014, 0x780b,
    0x0272, 0xffc2, 0xd94f, 0x740c, 0xc14c, 0x238a, 0x3381, 0x021f,
    0xffcf, 0x78e0, 0xc0f1, 0x1cfc, 0xb6c8, 0xc7e1, 0xc6e1, 0xc5e1,
    0x2459, 0x369c, 0xc05b, 0xc154, 0xc247, 0xc346, 0x47cb, 0x8000,
    0x0020, 0x8f60, 0x46cb, 0x8000, 0x0021, 0x8e20, 0x256f, 0x1bc3,
    0x246f, 0x1c43, 0x8d40, 0x2344, 0x07de, 0x8c00, 0x1f00, 0x1782,
    0x2144, 0x07db, 0x1e00, 0x16c2, 0x2244, 0x07cb, 0x1d00, 0x12c2,
    0x2044, 0x07ca, 0x1c00, 0x1282, 0x7965, 0x214b, 0x87c0, 0xf40a,
    0x1e00, 0x7043, 0x8000, 0x0020, 0x1e00, 0x7043, 0x8000, 0x0021,
    0x7845, 0x204b, 0x87c0, 0xf40a, 0x1e00, 0x7043, 0x8000, 0x0017,
    0x1e00, 0x7043, 0x8000, 0x0018, 0x4497, 0x2079, 0x0040, 0xc053,
    0x4497, 0x2078, 0x0080, 0xc04a, 0x1600, 0x7080, 0x8000, 0x00ce,
    0x202f, 0x8007, 0xc055, 0xf49c, 0x1600, 0x7080, 0x8000, 0x0100,
    0x780f, 0xc051, 0x1600, 0x7080, 0x8000, 0x0401, 0x262f, 0xf007,
    0xf291, 0x1c48, 0x3081, 0x1c10, 0x3001, 0x4487, 0x4797, 0xc041,
    0xc011, 0x469f, 0xc040, 0xc114, 0xc01b, 0x0c32, 0xff8f, 0x1600,
    0x7080, 0x8000, 0x000b, 0xb8e0, 0xf205, 0x459f, 0xc00a, 0x0c9a,
    0xfd0f, 0xc015, 0xe89d, 0x469f, 0xc00a, 0x702c, 0x0f0e, 0xfe0f,
    0x250a, 0x9000, 0xf407, 0x469f, 0xc00a, 0x712c, 0x0efe, 0xfe0f,
    0x4508, 0x459f, 0xc00a, 0x77a5, 0x0c6e, 0xfd0f, 0x0d13, 0x11d5,
    0xbd10, 0x2500, 0x1f80, 0x009d, 0x0003, 0x0d1a, 0x0240, 0xc014,
    0x780b, 0x04c8, 0x0041, 0x0b7a, 0xfd0f, 0x1c20, 0x3001, 0xc049,
    0x1600, 0x7081, 0x8000, 0x0025, 0x1600, 0x7080, 0x8000, 0x0040,
    0x7825, 0xc108, 0x780f, 0x0895, 0x0047, 0xc008, 0x1c20, 0x3041,
    0x7104, 0x08e1, 0x8091, 0x4497, 0x7214, 0x02de, 0x0041, 0x4487,
    0x0822, 0x0200, 0x2047, 0x0040, 0xc04e, 0x1600, 0x7000, 0x8000,
    0x041c, 0x70ad, 0xc056, 0x1600, 0x7081, 0x8000, 0x0025, 0x1600,
    0x7080, 0x8000, 0x0040, 0x7825, 0x780f, 0x2011, 0x8340, 0x017c,
    0x0002, 0x6d01, 0x71ad, 0x08e3, 0x8091, 0x1600, 0x7080, 0x8000,
    0x0401, 0x262f, 0xf007, 0x04f6, 0x0002, 0x4487, 0xc112, 0x1c10,
    0x3041, 0x7104, 0x7110, 0x0706, 0xffcd, 0x2456, 0x369c, 0xc5c1,
    0xc6c1, 0xc7c1, 0x1404, 0x341b, 0xc0d1, 0x7ee0, 0x1c44, 0x3001,
    0xf16a, 0x1c48, 0x3041, 0xf171, 0x1600, 0x7080, 0x8000, 0x0b68,
    0x1600, 0x7081, 0x8000, 0x0b69, 0x232f, 0x3007, 0x792f, 0xc14b,
    0xc108, 0x1e00, 0x7042, 0x8000, 0x0406, 0xc008, 0x201f, 0x0f80,
    0x0000, 0x14a0, 0xc04c, 0xc00b, 0x0843, 0x86c4, 0x1600, 0x7080,
    0x8000, 0x0b98, 0x780f, 0x080b, 0x06c7, 0x7167, 0xf1f5, 0x1e00,
    0x76c2, 0x8000, 0x0407, 0xc00c, 0x231f, 0x3f8d, 0x0000, 0x0528,
    0x1c14, 0x3001, 0x651d, 0x2500, 0x1f8e, 0x8000, 0x3708, 0x75c3,
    0x8000, 0x0dc8, 0xc009, 0x458f, 0x0831, 0x0046, 0x1e00, 0x7042,
    0x8000, 0x0408, 0xc009, 0x08ad, 0x00d1, 0x1600, 0x708f, 0x8000,
    0x000e, 0x7fed, 0x6ff9, 0xef93, 0x700c, 0x41c3, 0x019f, 0x0003,
    0x2078, 0x0000, 0x0fae, 0xfd0f, 0xd884, 0x661e, 0x651d, 0x448f,
    0x7104, 0xc045, 0x08c1, 0x8291, 0xf1c9, 0x40a1, 0x092e, 0xfccf,
    0xe8b6, 0x40c1, 0x0926, 0xfccf, 0xe8b2, 0x1680, 0x1102, 0x1682,
    0x10c1, 0x1580, 0x1103, 0x1582, 0x10c0, 0x6159, 0x6078, 0x7930,
    0x7810, 0x0913, 0x0004, 0x0f13, 0x1053, 0x7842, 0x1e82, 0x1002,
    0xf006, 0x0ffb, 0x9053, 0x7962, 0x1d82, 0x1042, 0x1582, 0x10c0,
    0x1583, 0x1081, 0x2514, 0x1000, 0x8840, 0x0925, 0x0084, 0x8801,
    0x081d, 0x0044, 0x1682, 0x10c0, 0x1683, 0x1081, 0x2614, 0x1000,
    0x8840, 0x090d, 0x0084, 0x8801, 0x0871, 0x8045, 0xd807, 0xf1b7,
    0x40a1, 0x08ba, 0xfccf, 0xf1b3, 0x1600, 0x7080, 0x8000, 0x0b68,
    0x1600, 0x7081, 0x8000, 0x0b69, 0x780f, 0xc045, 0x2500, 0x1f80,
    0x2000, 0x011d, 0xc05a, 0x251f, 0x1f80, 0x0000, 0x14a0, 0x792f,
    0xc058, 0xc157, 0x448f, 0xc117, 0x7030, 0x065a, 0xffcd, 0x1600,
    0x7080, 0x8000, 0x0b98, 0x458f, 0x780f, 0x080f, 0x0047, 0x448f,
    0x7104, 0xc045, 0xf1f0, 0x458f, 0xc01a, 0x706f, 0x2115, 0x0000,
    0x8800, 0x780f, 0xc04b, 0x4020, 0xc118, 0x209f, 0x0a14, 0x6038,
    0xc059, 0x448f, 0x205a, 0x0140, 0x6811, 0xc050, 0x449f, 0x2011,
    0x86c0, 0x0218, 0x0001, 0xc116, 0x2b40, 0x3200, 0x7825, 0x458f,
    0xb90c, 0x7825, 0xc119, 0xb890, 0xc048, 0x231f, 0x3f80, 0x0000,
    0x0084, 0x6038, 0x4100, 0x70c3, 0x8000, 0x378b, 0x2174, 0x0f82,
    0x8000, 0x0e48, 0x8800, 0x89c2, 0x780f, 0xc04c, 0x8903, 0x7ecd,
    0x780f, 0xc04d, 0xc008, 0x665e, 0x78a5, 0x6811, 0xc049, 0x4497,
    0x7114, 0x0240, 0x0001, 0x4487, 0x1c98, 0x3001, 0x1ca0, 0x3001,
    0x780b, 0xf4e3, 0x1600, 0x7080, 0x8000, 0x0401, 0x262f, 0xf007,
    0xf2db, 0xc010, 0x2500, 0x1f81, 0xc000, 0x304c, 0x7063, 0x7810,
    0x2114, 0x0000, 0x6811, 0x9000, 0x2044, 0x0fc1, 0xb826, 0x1c99,
    0x3042, 0x1c98, 0x3002, 0x2644, 0x1fc0, 0xc04f, 0x1ca1, 0x3002,
    0xc00e, 0x7fd0, 0xbf26, 0x1ca0, 0x33c2, 0xe887, 0xc00f, 0x1c98,
    0x33c2, 0x1c99, 0x3002, 0x1600, 0x7080, 0x8000, 0x0401, 0x262f,
    0xf007, 0xf20c, 0x4587, 0x2456, 0x34c0, 0x0a76, 0xfc4f, 0x4587,
    0x2456, 0x3500, 0x0a6a, 0xfc4f, 0x1600, 0x7080, 0x8000, 0x000d,
    0xb8e5, 0xf231, 0xc10b, 0x2456, 0x34c0, 0x0a56, 0xfc4f, 0xc10b,
    0x2456, 0x3500, 0x0a4a, 0xfc4f, 0x1498, 0x3080, 0x14a0, 0x3081,
    0x7822, 0x7104, 0x083f, 0x00d4, 0xc009, 0x2456, 0x34c1, 0x2005,
    0x0f80, 0x9000, 0x0024, 0x9000, 0x7810, 0x0a0e, 0xfc4f, 0xc00f,
    0x1ca0, 0x33c2, 0x1ca1, 0x3002, 0xc00b, 0x2078, 0x000f, 0x2456,
    0x34c0, 0x41e1, 0x0a0a, 0xfc4f, 0x41e1, 0x2456, 0x3500, 0x0a02,
    0xfc4f, 0x1600, 0x7080, 0x8000, 0x0401, 0x2456, 0x3501, 0x262f,
    0xf007, 0x2456, 0x34c0, 0x22ca, 0x00a2, 0x22ca, 0x0061, 0x0daa,
    0xfd0f, 0x4487, 0x08db, 0x0010, 0x1499, 0x3081, 0x1498, 0x3080,
    0x6817, 0x6038, 0xc109, 0x2105, 0x0f81, 0x9000, 0x0024, 0xb100,
    0x14a1, 0x3081, 0x14a0, 0x3080, 0x6817, 0x6038, 0xc109, 0xb985,
    0xb99c, 0xb99f, 0xb100, 0x1600, 0x7080, 0x8000, 0x00ce, 0x262f,
    0xf007, 0xf43c, 0xc013, 0x702c, 0x42a1, 0x084a, 0x01c0, 0xc108,
    0x7825, 0xc10d, 0x6811, 0xb89c, 0xb89f, 0xb020, 0x4497, 0xc10e,
    0x2005, 0x804e, 0xf40d, 0x702c, 0x42a1, 0x700c, 0x0826, 0x01c0,
    0xc108, 0x7825, 0xc10d, 0x6811, 0xb89c, 0xb89f, 0xb020, 0x0f42,
    0xfccf, 0x0839, 0x00d1, 0xc013, 0x712c, 0x42a1, 0x0806, 0x01c0,
    0xc108, 0x7825, 0xc10c, 0x6811, 0xb89c, 0xb89f, 0xb020, 0xee8e,
    0x712c, 0x42a1, 0x700c, 0x0fee, 0x0180, 0xc108, 0x7825, 0xc10c,
    0x6811, 0xb89c, 0xb89f, 0xb020, 0x7167, 0x234c, 0xb240, 0x05e0,
    0xffc2, 0x05af, 0xffcf, 0xc009, 0x2456, 0x34c1, 0x2005, 0x0f80,
    0x9000, 0x0024, 0x9000, 0x7810, 0x08ee, 0xfc4f, 0xf12d, 0x1498,
    0x3082, 0x1499, 0x308c, 0xc010, 0x6a56, 0x629a, 0x7063, 0x7810,
    0x2514, 0x1000, 0x7910, 0x6931, 0x2100, 0x0f83, 0x8000, 0x6098,
    0x71c3, 0x8000, 0x6138, 0xb340, 0xc20d, 0xb1c0, 0x2000, 0x0f81,
    0x8000, 0x6228, 0xa940, 0xc10c, 0x70c3, 0x8000, 0x62c8, 0xa820,
    0x1600, 0x7080, 0x8000, 0x0401, 0x262f, 0xf007, 0xf36e, 0xf17a,
    0x4487, 0xe898, 0xc010, 0xc20d, 0x7063, 0x7810, 0x2514, 0x1000,
    0x2000, 0x0f81, 0x8000, 0x61d8, 0xa940, 0x2000, 0x0f81, 0xc000,
    0x304c, 0x6931, 0xb1c0, 0xc10c, 0x70c3, 0x8000, 0x6278, 0xa820,
    0x1ca0, 0x3001, 0x78d0, 0xbec5, 0xb826, 0x1ca1, 0x3382, 0x1ca0,
    0x3002, 0x1600, 0x7080, 0x8000, 0x0401, 0x262f, 0xf007, 0xf207,
    0x4587, 0x2456, 0x3500, 0x085a, 0xfc4f, 0x1600, 0x7080, 0x8000,
    0x000d, 0xb8e5, 0xf206, 0xc10b, 0x2456, 0x3500, 0x0842, 0xfc4f,
    0x14a1, 0x3080, 0x14a0, 0x3081, 0x6937, 0x6119, 0xc009, 0x2005,
    0x0f80, 0x9000, 0x0024, 0xb020, 0xf13f, 0x1600, 0x7080, 0x8000,
    0x0025, 0x1600, 0x708d, 0x8000, 0x0040, 0x7d05, 0x4487, 0x7daf,
    0xe896, 0x70cd, 0x0d1d, 0x1386, 0x40c1, 0x083e, 0xfc8f, 0x1600,
    0x7081, 0x8000, 0x0004, 0x42c1, 0x4100, 0x700c, 0x0b52, 0xfdcf,
    0x6e01, 0x71cd, 0x08e1, 0x8091, 0x02d3, 0xffcf, 0x4497, 0x7114,
    0x7ec0, 0x02da, 0xffc1, 0x0d1f, 0x1386, 0x40c1, 0x080a, 0xfc8f,
    0x1600, 0x7081, 0x8000, 0x0004, 0x42c1, 0x4100, 0x700c, 0x0b22,
    0xfdcf, 0x6e01, 0xc045, 0x0e63, 0x1051, 0x0d96, 0xfccf, 0xc04e,
    0x1600, 0x7081, 0x8000, 0x0025, 0x1600, 0x7080, 0x8000, 0x0040,
    0x7825, 0x780f, 0x0809, 0x00d0, 0x4487, 0xc045, 0x1600, 0x7080,
    0x8000, 0x0b68, 0x780f, 0xc046, 0x1600, 0x7080, 0x8000, 0x0b69,
    0x780f, 0xc04c, 0xc00c, 0x4597, 0x7030, 0x0272, 0xffc5, 0x1600,
    0x7080, 0x8000, 0x0b98, 0x4597, 0x780f, 0x0813, 0x0047, 0x4497,
    0x7104, 0xc046, 0xf1f0, 0xc604, 0xf1bf, 0x4497, 0x1c20, 0x3001,
    0x205a, 0x0140, 0xc04d, 0x449f, 0xc108, 0x0813, 0x0047, 0xc008,
    0x7104, 0xc048, 0x08f3, 0x8251, 0xf1eb, 0x1600, 0x7001, 0x8000,
    0x041c, 0x4497, 0x70ad, 0xb80c, 0x7825, 0xc108, 0xb908, 0x2005,
    0x005b, 0xc00d, 0xc108, 0x2114, 0x0000, 0x7810, 0xc049, 0xc009,
    0x2456, 0x3683, 0x2514, 0x1002, 0x2200, 0x0f80, 0x0000, 0x304c,
    0x7810, 0x6811, 0x204f, 0x07c1, 0x9120, 0x7bb5, 0x1bd0, 0x8044,
    0x2200, 0x0f81, 0x0000, 0x61d8, 0xb99f, 0x8920, 0x2305, 0x334e,
    0x1bd2, 0x8042, 0x2200, 0x0f81, 0x0000, 0x6278, 0xb99f, 0x8920,
    0x6ed1, 0x1bd3, 0x8042, 0x2056, 0x0501, 0xb99f, 0x9100, 0x2456,
    0x3683, 0x6d22, 0x2315, 0x0041, 0x19d0, 0x8004, 0x2200, 0x0f80,
    0x0000, 0x6228, 0xb89f, 0x8800, 0x6de4, 0x19d2, 0x8002, 0x2200,
    0x0f80, 0x0000, 0x62c8, 0xb89f, 0x8800, 0x2315, 0x03cf, 0x19d3,
    0x8002, 0x2605, 0x1f80, 0x9002, 0x0024, 0x9000, 0x42a1, 0x7810,
    0x791d, 0xb8c6, 0x2184, 0x0007, 0x6038, 0x1fd0, 0x9004, 0x702c,
    0x700c, 0x0d22, 0x0180, 0x2005, 0x06c0, 0x6811, 0xb891, 0xb89c,
    0xb89f, 0x9000, 0x42a1, 0x1fd2, 0x9002, 0x712c, 0x700c, 0x0d06,
    0x0180, 0x2005, 0x06c0, 0x6811, 0xb891, 0xb89c, 0xb89f, 0x9000,
    0x2605, 0x1f8e, 0x9002, 0x0020, 0x1fd3, 0x9002, 0x9600, 0x2456,
    0x3681, 0x7810, 0x6dc6, 0x2115, 0x038e, 0x791d, 0xb8c6, 0x2184,
    0x0007, 0x6038, 0x1ed0, 0x9004, 0x42a1, 0x702c, 0x710c, 0x0cc6,
    0x0180, 0x2005, 0x06c0, 0x6811, 0xb891, 0xb89c, 0xb89f, 0x9000,
    0x42a1, 0x1ed2, 0x9002, 0x712c, 0x710c, 0x0caa, 0x0180, 0x2005,
    0x06c0, 0x6811, 0xb891, 0xb89c, 0xb89f, 0x9000, 0x71a5, 0x1ed3,
    0x9002, 0x448f, 0x70b1, 0x01e8, 0x000d, 0x70ad, 0x2456, 0x3680,
    0x78b5, 0xc04a, 0x10d0, 0x8100, 0x2456, 0x3681, 0x2114, 0x034e,
    0x2841, 0x0181, 0xb8c5, 0x1eb1, 0x9002, 0x78b0, 0x6811, 0x1eb0,
    0x9042, 0xc049, 0x702c, 0x2456, 0x340f, 0x671f, 0x40e1, 0x0da2,
    0xfc0f, 0xc00a, 0x10d8, 0x8100, 0x2841, 0x0181, 0x1eb8, 0x9042,
    0xc109, 0xb8c5, 0x1eb9, 0x9002, 0x2456, 0x3440, 0x6038, 0x702c,
    0xc04b, 0x0d7e, 0xfc0f, 0xc10b, 0x724c, 0x40e1, 0x093a, 0xfd0f,
    0xc00a, 0x2456, 0x348f, 0x10e0, 0x8100, 0x2841, 0x0181, 0xb8c5,
    0x1ec1, 0x9002, 0xc009, 0x1ec0, 0x9042, 0x671f, 0x712c, 0x40e1,
    0x0d4e, 0xfc0f, 0xc00a, 0x10e8, 0x8100, 0x2841, 0x0181, 0x1ec8,
    0x9042, 0xc109, 0xb8c5, 0x1ec9, 0x9002, 0x2456, 0x34c0, 0x6038,
    0x712c, 0xc049, 0x0d2a, 0xfc0f, 0xc109, 0x724c, 0x40e1, 0x08ea,
    0xfd0f, 0x16b1, 0x9080, 0x2556, 0x1381, 0xe0c0, 0x20ce, 0x0f8e,
    0x0000, 0x0040, 0x20d9, 0x022d, 0xc298, 0x6159, 0x19a0, 0x8002,
    0x2456, 0x3680, 0x78b4, 0x10b9, 0x8080, 0x2556, 0x1381, 0xe0c0,
    0x20ce, 0x0f8e, 0x0000, 0x0040, 0x20d9, 0x022d, 0xc298, 0x6159,
    0x19a4, 0x8002, 0x2456, 0x3680, 0x78b4, 0x10c1, 0x8080, 0x2556,
    0x1381, 0xe0c0, 0x20ce, 0x0f8e, 0x0000, 0x0040, 0x20d9, 0x022d,
    0xc298, 0x6159, 0x19a8, 0x8002, 0x2456, 0x3680, 0x78b4, 0x10c9,
    0x8080, 0x2556, 0x1381, 0xe0c0, 0x20ce, 0x0f8e, 0x0000, 0x0040,
    0x20d9, 0x022d, 0xc298, 0x6159, 0x19ac, 0x8002, 0x448f, 0x71a5,
    0x0da3, 0x1004, 0xc00e, 0x2057, 0x004d, 0xbda1, 0xed0f, 0x1600,
    0x7080, 0x8000, 0x00ce, 0x262f, 0xf007, 0x27ca, 0x1021, 0x26ca,
    0x1021, 0x20ca, 0x0021, 0xf242, 0x70ad, 0xc298, 0x2556, 0x1381,
    0x6159, 0x11ac, 0x8082, 0x11a8, 0x808c, 0x7e4f, 0x798f, 0x7630,
    0x22ca, 0x0305, 0xc498, 0x2556, 0x1381, 0x6199, 0x11a0, 0x808c,
    0x11a4, 0x8081, 0x7e8f, 0x7f2f, 0x77d1, 0x21ca, 0x0305, 0x2456,
    0x350c, 0x78b0, 0xc443, 0x6811, 0x2456, 0x344c, 0x641c, 0xc442,
    0x2456, 0x340c, 0x641c, 0x2456, 0x3483, 0xc441, 0x631b, 0x2456,
    0x34cc, 0x6098, 0xc040, 0x7a4f, 0x40a1, 0x792f, 0x0a52, 0x0180,
    0x448f, 0x71a5, 0x0d9f, 0x1005, 0xc504, 0xf1c9, 0xc504, 0x04e3,
    0xffcf, 0xc504, 0xf10c, 0x4487, 0xc298, 0x2056, 0x0381, 0x6159,
    0x11a0, 0x8082, 0x11a4, 0x8081, 0x7b4f, 0x7c2f, 0x7470, 0x21ca,
    0x0085, 0xc298, 0x792f, 0x7630, 0x21ca, 0x0386, 0x4628, 0x2056,
    0x0381, 0x6159, 0x11a8, 0x8082, 0x11ac, 0x8081, 0x7b4f, 0x7c2f,
    0x7470, 0x21ca, 0x0085, 0x792f, 0x7730, 0x21ca, 0x03c6, 0x4728,
    0x458f, 0x7104, 0x08b3, 0x8044, 0x70ad, 0x2456, 0x3500, 0x79b0,
    0xc043, 0x2456, 0x3440, 0x7834, 0xc042, 0x2456, 0x3400, 0x7834,
    0xc041, 0x2456, 0x34c0, 0x7834, 0xc040, 0x2456, 0x3483, 0x40a1,
    0x7b34, 0x42e1, 0x41c1, 0x09ba, 0x0180, 0x448f, 0x71a5, 0x0dd7,
    0x1004, 0x70ad, 0x2456, 0x3681, 0x2556, 0x104f, 0x2115, 0x03cf,
    0x17d0, 0x9102, 0x2305, 0x3340, 0x6811, 0x2005, 0x0f81, 0x9002,
    0x0024, 0xb140, 0x2456, 0x3681, 0x2554, 0x114e, 0x2115, 0x038e,
    0x16d0, 0x9101, 0x2005, 0x0f80, 0x9002, 0x0020, 0xb020, 0x1600,
    0x7080, 0x8000, 0x00ce, 0x262f, 0xf007, 0xf43e, 0x42a1, 0x702c,
    0x700c, 0x09c2, 0x0180, 0x17d2, 0x9081, 0x2005, 0x06c0, 0x6811,
    0xb891, 0xb89c, 0xb89f, 0xb020, 0x42a1, 0x702c, 0x710c, 0x09a6,
    0x0180, 0x16d2, 0x9081, 0x2005, 0x06c0, 0x6811, 0xb891, 0xb89c,
    0xb89f, 0xb020, 0x08ba, 0xfccf, 0x083d, 0x00d1, 0x42a1, 0x712c,
    0x700c, 0x0982, 0x0180, 0x17d3, 0x9081, 0x2005, 0x06c0, 0x6811,
    0xb891, 0xb89c, 0xb89f, 0xb020, 0x42a1, 0x712c, 0x710c, 0x0966,
    0x0180, 0x16d3, 0x9081, 0x2005, 0x06c0, 0x6811, 0xb891, 0xb89c,
    0xb89f, 0xb020, 0x448f, 0x71a5, 0x70b1, 0x0356, 0xffce, 0xc504,
    0xf19a, 0xc504, 0xf17b, 0x1600, 0x7000, 0x8000, 0x041c, 0x1c30,
    0x3f80, 0x8000, 0x0e4a, 0xc04d, 0x1c2c, 0x3f80, 0x8000, 0x0e48,
    0x706f, 0xc20b, 0x1600, 0x7083, 0x8000, 0x0025, 0x4140, 0x2196,
    0x050a, 0x1600, 0x7080, 0x8000, 0x0040, 0xc14b, 0xc10c, 0x7865,
    0x4428, 0x2496, 0x150a, 0xc44c, 0x780f, 0x0815, 0x06c7, 0x2340,
    0x3040, 0x716f, 0x08cf, 0x8091, 0x0523, 0xff8f, 0x1600, 0x708d,
    0x8000, 0x0b68, 0x1600, 0x7080, 0x8000, 0x0b69, 0x7daf, 0x780f,
    0xc04e, 0x251f, 0x1f80, 0x0000, 0x0528, 0x605a, 0x6038, 0xc049,
    0x231f, 0x3f80, 0x0000, 0x14a0, 0x70c3, 0x8000, 0x0e4b, 0xc248,
    0xc04f, 0xc00e, 0x08bb, 0x8344, 0x1600, 0x7080, 0x8000, 0x0b98,
    0x780f, 0x083f, 0x0346, 0xc10d, 0xc409, 0xc608, 0x2d40, 0x1300,
    0x2105, 0x06c1, 0x706c, 0x7825, 0x9620, 0x8c40, 0x7a4d, 0x623a,
    0x0b33, 0x0251, 0x6811, 0x2005, 0x0f80, 0x9002, 0x0050, 0xb040,
    0x1600, 0x7080, 0x8000, 0x00ce, 0x262f, 0xf007, 0xf219, 0xc008,
    0x71a5, 0x2096, 0x0942, 0xc048, 0xc009, 0x2096, 0x0942, 0xc049,
    0xf1d1, 0xd984, 0x663e, 0x643c, 0x2b40, 0x0201, 0x7164, 0x7905,
    0x6931, 0x2105, 0x0f81, 0x9002, 0x004c, 0xb140, 0xf1d6, 0xc10f,
    0x251f, 0x1f80, 0x0000, 0x0528, 0x6038, 0x88e0, 0x1600, 0x7080,
    0x8000, 0x0b6b, 0x7fef, 0x780f, 0x7510, 0x203c, 0x034e, 0xc045,
    0x20ca, 0x00ad, 0x20ca, 0x006e, 0x0a26, 0x0180, 0x41a1, 0x4063,
    0x0b42, 0xfd8f, 0x1e00, 0x7382, 0x8000, 0x0b66, 0x2314, 0x338e,
    0xe818, 0x2694, 0x1e56, 0xbe9f, 0xaee0, 0x4063, 0x714c, 0x41e1,
    0x081a, 0x01c0, 0x448f, 0x0817, 0x0345, 0x2356, 0x3280, 0xb89f,
    0xa8e0, 0x730c, 0x09ea, 0x0180, 0xf1b3, 0x2340, 0x3d40, 0xf1f9,
    0x2694, 0x1ed6, 0xbe9f, 0xaee0, 0x4063, 0x724c, 0x41e1, 0x0fee,
    0x0180, 0x448f, 0x0815, 0x0345, 0x230b, 0xb6c0, 0x70df, 0x0000,
    0x00df, 0xf5e7, 0xd8da, 0xf1e5, 0x230b, 0xb6c0, 0x70df, 0x0000,
    0x00d5, 0xf5df, 0xd8d0, 0xf1dd, 0x4497, 0x7214, 0xf325, 0x1c38,
    0x3041, 0x037b, 0xff8f, 0x78e0, 0xc0f1, 0x1cfc, 0xb6c8, 0xc7e1,
    0xc6e1, 0xc5e1, 0xc1b6, 0xc041, 0xe8ba, 0x1e00, 0x7405, 0x8000,
    0x0014, 0x1e00, 0x7fc3, 0x8000, 0x0039, 0x1e00, 0x7fc3, 0x8000,
    0x003d, 0x1e00, 0x7fc3, 0x8000, 0x003a, 0x1e00, 0x7fc3, 0x8000,
    0x003e, 0x1e00, 0x7fc5, 0x8000, 0x0054, 0x1e00, 0x7fc5, 0x8000,
    0x0058, 0xd808, 0x08a2, 0x0240, 0x1e00, 0x7043, 0x8000, 0x0402,
    0x1e00, 0x7003, 0x8000, 0x0402, 0x740c, 0x0d2a, 0xfc4f, 0x40c3,
    0xffff, 0x8010, 0x1e00, 0x7004, 0x8000, 0x0014, 0xc0b6, 0xc5c1,
    0xc6c1, 0xc7c1, 0x1404, 0x341b, 0xc0d1, 0x7ee0, 0x1600, 0x700e,
    0x8000, 0x041c, 0x1600, 0x708f, 0x8000, 0x0b68, 0x1600, 0x7080,
    0x8000, 0x0b69, 0x232f, 0x33c7, 0x780f, 0xc040, 0x70ad, 0x0c5e,
    0xfd4f, 0xc182, 0x40a1, 0x094e, 0xfe8f, 0x083e, 0xfc4f, 0x235a,
    0x3243, 0x7aef, 0x4087, 0x081d, 0x0085, 0x4d4e, 0x706c, 0x714c,
    0xc184, 0x78c5, 0x0f16, 0xfd0f, 0x0da5, 0x9050, 0xc501, 0xf1e9,
    0x2a40, 0x0301, 0x4d5a, 0x78c5, 0x7825, 0x6811, 0x2005, 0x0f8b,
    0x9002, 0x0000, 0x1300, 0x110c, 0xc196, 0x7954, 0x11b0, 0x8101,
    0xbcc5, 0x49c8, 0x6199, 0x708d, 0xc096, 0x2014, 0x00ca, 0x1ab8,
    0x9044, 0x7185, 0x7164, 0x0cf5, 0x9251, 0x1bfc, 0x9044, 0x7144,
    0xf1d2, 0x78e0, 0xc0f1, 0x1cfc, 0xb6c8, 0xc7e1, 0xc6e1, 0xc5e1,
    0x2495, 0x38fe, 0x26ab, 0x70c4, 0x0000, 0x0002, 0x26ab, 0x70c4,
    0x0000, 0x0001, 0x20aa, 0x0104, 0x1e00, 0x7000, 0x8000, 0x0300,
    0x1e00, 0x7045, 0x9004, 0x0120, 0x1600, 0x7080, 0x8000, 0x0001,
    0xb8e0, 0xf216, 0x1e00, 0x7005, 0x9007, 0xe034, 0x1e00, 0x7005,
    0x9003, 0xe034, 0x1e00, 0x7005, 0x9004, 0x0034, 0x1e00, 0x7005,
    0x9004, 0x0154, 0x1e00, 0x70c5, 0x9004, 0x0034, 0x0842, 0xfc4f,
    0x1e00, 0x7043, 0x8000, 0x046b, 0x1600, 0x7081, 0x8000, 0x0420,
    0x1600, 0x7100, 0x9018, 0x01dc, 0x792f, 0xe1a0, 0x078c, 0x000d,
    0x26f4, 0x7041, 0x0000, 0x8230, 0x71c3, 0x0000, 0x8230, 0x7900,
    0x072e, 0x0042, 0x078e, 0x0778, 0x075a, 0x0778, 0x0778, 0x0778,
    0x0766, 0x0778, 0x0778, 0x0778, 0x0778, 0x0778, 0x0778, 0x0778,
    0x0778, 0x075a, 0x0760, 0x0766, 0x076c, 0x0772, 0x0778, 0x0778,
    0x0778, 0x0778, 0x0794, 0x0778, 0x0778, 0x0778, 0x0778, 0x0778,
    0x0754, 0x700c, 0x41c3, 0x8000, 0x0403, 0xa900, 0x8900, 0x42c3,
    0x0000, 0x230b, 0x1e00, 0x7084, 0x8000, 0x0420, 0x262f, 0xf007,
    0x21ca, 0x0f81, 0x9012, 0x0052, 0x71df, 0x9012, 0x005c, 0x1900,
    0x0f84, 0x0000, 0x715d, 0x20ca, 0x0f81, 0x9012, 0x0054, 0x70df,
    0x9012, 0x005e, 0xdace, 0xb040, 0x1600, 0x7102, 0x9018, 0x01de,
    0x42c3, 0x9018, 0x01dc, 0x9260, 0x1600, 0x7103, 0x9018, 0x01da,
    0x9240, 0x1600, 0x7102, 0x9004, 0x01d8, 0x1600, 0x7102, 0x8000,
    0x0424, 0x9120, 0x7a50, 0x7930, 0x0a17, 0x0041, 0x1600, 0x7101,
    0x8000, 0x0426, 0x9000, 0x7930, 0x7810, 0x090f, 0x0000, 0xd889,
    0xb812, 0x0db2, 0x01c0, 0x1600, 0x7081, 0x8000, 0x0004, 0x782f,
    0xb9e7, 0x28c0, 0x0521, 0x78c0, 0x20c4, 0x0f81, 0x0010, 0x0000,
    0x1e00, 0x7000, 0x8000, 0x041c, 0x1600, 0x7102, 0x8000, 0x0010,
    0x6811, 0xc047, 0x2005, 0x0f80, 0x9004, 0x0012, 0x9000, 0x7950,
    0x1c46, 0x3004, 0xc143, 0x1600, 0x7083, 0x8000, 0x0001, 0x1600,
    0x7081, 0x8000, 0x0008, 0x1600, 0x7100, 0x8000, 0x0006, 0x792f,
    0x219f, 0x0703, 0x7810, 0x7704, 0x6038, 0x2805, 0x0040, 0x1e00,
    0x7043, 0x8000, 0x0a7c, 0x1e00, 0x7103, 0x8000, 0x0b65, 0x1e00,
    0x7002, 0x8000, 0x0b64, 0x1e00, 0x7fc3, 0x8000, 0x0037, 0x1e00,
    0x7fc3, 0x8000, 0x003b, 0x1e00, 0x7fc3, 0x8000, 0x0038, 0x1e00,
    0x7fc3, 0x8000, 0x003c, 0x1e00, 0x7fc5, 0x8000, 0x0052, 0x1e00,
    0x7fc5, 0x8000, 0x0056, 0x1e00, 0x7fc3, 0x8000, 0x0039, 0x1e00,
    0x7fc3, 0x8000, 0x003d, 0x1e00, 0x7fc3, 0x8000, 0x003a, 0x1e00,
    0x7fc3, 0x8000, 0x003e, 0x1e00, 0x7fc5, 0x8000, 0x0054, 0x1e00,
    0x7fc5, 0x8000, 0x0058, 0x7b6f, 0xbae0, 0x00b8, 0x0081, 0x2b41,
    0x01c0, 0xc044, 0x0ee2, 0xfc0f, 0x1600, 0x7080, 0x8000, 0x0019,
    0x4587, 0x7825, 0x262f, 0xf007, 0xf405, 0x1e00, 0x7085, 0x9004,
    0x00c0, 0x1600, 0x7100, 0x9004, 0x0148, 0x43c3, 0x8000, 0x040c,
    0x7810, 0x2841, 0x0102, 0xb8c3, 0xbac1, 0x1e00, 0x7080, 0x8000,
    0x0410, 0x784a, 0xa300, 0x1600, 0x708d, 0x8000, 0x0040, 0x252f,
    0x9347, 0x058a, 0x0001, 0x1600, 0x7081, 0x8000, 0x003f, 0x6812,
    0x792f, 0x2084, 0x0e03, 0x6119, 0x2144, 0x01c0, 0x792f, 0x2079,
    0x0000, 0xb923, 0x6038, 0x1e00, 0x7002, 0x8000, 0x042c, 0x1600,
    0x708e, 0x8000, 0x0025, 0x1600, 0x7100, 0x8000, 0x0010, 0x1600,
    0x7080, 0x8000, 0x0012, 0x1600, 0x7080, 0x8000, 0x0001, 0x1600,
    0x7100, 0x8000, 0x0006, 0x1600, 0x7080, 0x8000, 0x0004, 0xbee0,
    0x78c0, 0x20e2, 0x0f82, 0x0000, 0x16c4, 0xbee1, 0x20ca, 0x0062,
    0x20e2, 0x0f82, 0x0000, 0x16c4, 0xbde0, 0x20ca, 0x00a2, 0x20e2,
    0x0f82, 0x0000, 0x16c4, 0xbde1, 0x20ca, 0x00e2, 0x20e2, 0x0f82,
    0x0000, 0x16c4, 0x1600, 0x7000, 0x8000, 0x041c, 0x6811, 0x2005,
    0x0f81, 0x9004, 0x0094, 0x9120, 0x2005, 0x0f81, 0x9004, 0x0096,
    0x2005, 0x0f80, 0x9004, 0x0098, 0x9120, 0x9000, 0x1600, 0x7100,
    0x9004, 0x0110, 0x1600, 0x7100, 0x9004, 0x0112, 0x1600, 0x7100,
    0x9004, 0x0114, 0x1600, 0x7100, 0x9004, 0x0118, 0x1600, 0x7100,
    0x9018, 0x0100, 0x41c3, 0x0008, 0x0008, 0x1e00, 0x7040, 0x8000,
    0x043c, 0x1e00, 0x7040, 0x8000, 0x0440, 0x7810, 0xb822, 0x7812,
    0xb8c0, 0x1e00, 0x7002, 0x8000, 0x0404, 0x1e00, 0x7045, 0x9004,
    0x0050, 0x1e00, 0x7045, 0x9005, 0xe14a, 0x1e00, 0x7005, 0x9005,
    0xe0ee, 0x40c3, 0x004a, 0x4802, 0x8820, 0x1e00, 0x7043, 0x8000,
    0x045a, 0x1e00, 0x7103, 0x8000, 0x046a, 0x8800, 0x1600, 0x7100,
    0x8000, 0x0010, 0x7810, 0x7114, 0x045a, 0x0002, 0x1600, 0x7080,
    0x8000, 0x00f4, 0x262f, 0xf007, 0xf26c, 0x1600, 0x7001, 0x8000,
    0x041c, 0x26f4, 0x704e, 0x9006, 0x0084, 0x6911, 0x26f4, 0x704d,
    0x9006, 0x0080, 0x26f4, 0x704c, 0x9006, 0x0082, 0x26f4, 0x7043,
    0x9006, 0x0066, 0x26f4, 0x7042, 0x9006, 0x0068, 0x26f4, 0x7041,
    0x9006, 0x005c, 0xb88d, 0x1e00, 0x7042, 0x8000, 0x0448, 0x1e00,
    0x7384, 0x8000, 0x0444, 0x1e00, 0x7344, 0x8000, 0x0450, 0x1e00,
    0x7304, 0x8000, 0x0454, 0x1e00, 0x70c2, 0x8000, 0x044a, 0x1e00,
    0x7082, 0x8000, 0x044c, 0x2000, 0x0f81, 0x9006, 0x0084, 0x91a0,
    0x2000, 0x0f81, 0x9006, 0x0080, 0x9180, 0x2000, 0x0f81, 0x9006,
    0x0082, 0x9160, 0x2000, 0x0f81, 0x9006, 0x0066, 0x9140, 0x2000,
    0x0f81, 0x9006, 0x0068, 0x70c3, 0x9006, 0x005c, 0x9120, 0x9000,
    0x1e00, 0x7344, 0x8000, 0x0446, 0x1e00, 0x7304, 0x8000, 0x0452,
    0x1e00, 0x70c4, 0x8000, 0x0456, 0x1e00, 0x7082, 0x8000, 0x044b,
    0x1e00, 0x7042, 0x8000, 0x044d, 0x1e00, 0x7002, 0x8000, 0x0449,
    0x714c, 0xba1f, 0x1224, 0x0080, 0x2200, 0x0f83, 0x0000, 0x0c00,
    0x1240, 0x0081, 0x1b6a, 0x8003, 0x780f, 0x6807, 0xb823, 0x2042,
    0x004d, 0x7daf, 0x1b6b, 0x8342, 0x262f, 0xf047, 0x03d4, 0x0001,
    0x123f, 0x0081, 0x2200, 0x0f80, 0x0000, 0x0800, 0x1003, 0x8600,
    0x792f, 0x781d, 0x780f, 0x1b6c, 0x8002, 0x6927, 0x2042, 0x004c,
    0x693b, 0x6199, 0x792f, 0x1b6d, 0x8042, 0x2200, 0x0f8c, 0x0000,
    0x0a00, 0x14b8, 0x9083, 0x70cd, 0x230f, 0x0383, 0x71c5, 0x0dfd,
    0x9383, 0x1cb8, 0x90c2, 0x0911, 0x0004, 0x7030, 0x038e, 0x000c,
    0x1cb8, 0x90c2, 0x8a7c, 0x702c, 0x7b6f, 0x6b9a, 0x1224, 0x0080,
    0x780f, 0x2311, 0x8040, 0x0380, 0x0002, 0x481f, 0x681c, 0x2100,
    0x0f8d, 0x0000, 0x0b20, 0x655d, 0xad00, 0x123f, 0x0080, 0x780f,
    0x2411, 0x9040, 0x0368, 0x0002, 0x481f, 0x681c, 0x2100, 0x0f8d,
    0x0000, 0x0b22, 0x655d, 0xad00, 0x6901, 0xc04b, 0x712c, 0x08c1,
    0x8091, 0x1600, 0x708d, 0x8000, 0x0001, 0xbde5, 0xf241, 0x1600,
    0x7100, 0x9004, 0x0110, 0x1e00, 0x7004, 0x8000, 0x0130, 0x1600,
    0x7100, 0x9004, 0x0112, 0x1e00, 0x7004, 0x8000, 0x0132, 0x1600,
    0x7100, 0x9004, 0x0114, 0x1e00, 0x7004, 0x8000, 0x0134, 0x1600,
    0x7100, 0x9004, 0x0118, 0x1e00, 0x7004, 0x8000, 0x0136, 0x1600,
    0x7000, 0x8000, 0x041c, 0x6811, 0x2005, 0x0f81, 0x9004, 0x0098,
    0x9120, 0x1e00, 0x7044, 0x8000, 0x013c, 0x2005, 0x0f81, 0x9004,
    0x0094, 0x9120, 0x2005, 0x0f80, 0x9004, 0x0096, 0x1e00, 0x7044,
    0x8000, 0x0138, 0x9000, 0x1e00, 0x7004, 0x8000, 0x013a, 0xda12,
    0x41c3, 0x8000, 0x04c6, 0x2455, 0x39c0, 0x097a, 0xfc0f, 0x2455,
    0x39c0, 0xd912, 0x08ee, 0x0140, 0xbde7, 0x25d3, 0x1021, 0x7dc0,
    0x1e00, 0x7344, 0x9004, 0x0116, 0x42c3, 0x8000, 0x0025, 0x8a00,
    0x780f, 0x1e00, 0x7004, 0x9004, 0x00e4, 0x1600, 0x7080, 0x8000,
    0x0040, 0x780f, 0x1e00, 0x7004, 0x9004, 0x00e6, 0x1600, 0x7080,
    0x8000, 0x0019, 0x262f, 0xf007, 0x026c, 0x0001, 0x46cb, 0x9004,
    0x0606, 0x96a0, 0x1e00, 0x7045, 0x9004, 0x0620, 0x7daf, 0x2545,
    0x1400, 0xb600, 0x1e00, 0x7005, 0x9004, 0x0620, 0x1e00, 0x7045,
    0x9004, 0x061a, 0x1e00, 0x7005, 0x9004, 0x061a, 0x1e00, 0x7045,
    0x9004, 0x0622, 0x702c, 0x40c3, 0x07bf, 0xa480, 0x09fa, 0xfc0f,
    0x1e00, 0x7005, 0x9004, 0x0622, 0x1e00, 0x7005, 0x9004, 0x0640,
    0x1e00, 0x7045, 0x9004, 0x0640, 0x1e00, 0x7005, 0x9004, 0x0640,
    0xb6a0, 0x1600, 0x7000, 0x8000, 0x041c, 0x45cb, 0x9004, 0x0000,
    0x6811, 0x2005, 0x0f81, 0x9002, 0x001e, 0x9120, 0x2005, 0x0f80,
    0x9003, 0xe01e, 0x2184, 0x0e3d, 0x2145, 0x0181, 0xb020, 0x1dc2,
    0x1045, 0x1600, 0x7080, 0x8000, 0x0005, 0x2500, 0x1f8f, 0x0000,
    0x0800, 0x262f, 0xf007, 0x2500, 0x1f8e, 0x0000, 0x0400, 0x028a,
    0x0002, 0x740c, 0x08ee, 0xfc0f, 0x208a, 0x0c07, 0x1d92, 0x1004,
    0x1dc2, 0x1005, 0x1de1, 0x101d, 0x1f10, 0x901d, 0x1de0, 0x101d,
    0x1dc3, 0x101d, 0x702c, 0x40c3, 0x000f, 0x4240, 0x095a, 0xfc0f,
    0x1de2, 0x10dd, 0x702c, 0x40c3, 0x0007, 0xa120, 0x094a, 0xfc0f,
    0x1de2, 0x109d, 0x702c, 0x40c3, 0x0098, 0x9680, 0x093a, 0xfc0f,
    0x1de2, 0x101d, 0x1df0, 0x1045, 0xd833, 0xb600, 0x1da2, 0x101d,
    0x760c, 0x0892, 0xfc0f, 0x1df0, 0x1085, 0x41c3, 0x0000, 0x2710,
    0x700c, 0x0916, 0xfc0f, 0x1da2, 0x109d, 0x0255, 0x0000, 0xb8cb,
    0x2000, 0x0f81, 0xffff, 0xfeff, 0x7434, 0x20c0, 0x006e, 0x0108,
    0xffce, 0x208c, 0x8404, 0xf228, 0x2052, 0x827e, 0x20ca, 0x0262,
    0x00f4, 0xffc2, 0xd808, 0x00f1, 0xffcf, 0x720c, 0x00e9, 0xffcf,
    0x730c, 0x00e5, 0xffcf, 0x740c, 0x00dd, 0xffcf, 0x750c, 0x00d9,
    0xffcf, 0x760c, 0x00d1, 0xffcf, 0x40c3, 0x0219, 0x0001, 0x0f06,
    0x0180, 0x1600, 0x7080, 0x8000, 0x0403, 0x00bd, 0xffcf, 0x710c,
    0x00b5, 0xffcf, 0xd807, 0x00b1, 0xffcf, 0x1600, 0x7081, 0x8000,
    0x0024, 0x7254, 0x792f, 0x0284, 0xffc2, 0x781d, 0xa300, 0x027d,
    0xffcf, 0x1600, 0x7080, 0x8000, 0x0004, 0x206c, 0x00c0, 0x780f,
    0xe0a0, 0x039c, 0xffc2, 0x1600, 0x7080, 0x8000, 0x0025, 0x70ad,
    0x44cb, 0x8000, 0x0b82, 0x706c, 0x780f, 0xe819, 0x26f4, 0x70c0,
    0x8000, 0x00e8, 0x70cd, 0x7810, 0x6812, 0xb88c, 0xb892, 0x1600,
    0x708f, 0x8000, 0x0409, 0x2600, 0x130a, 0x7fef, 0x704c, 0x0a25,
    0x03c4, 0x6e21, 0x71cd, 0x09eb, 0x8091, 0x6b01, 0x7285, 0x716c,
    0x7214, 0x034c, 0xffc1, 0x1600, 0x7080, 0x8000, 0x0040, 0xf1de,
    0x2200, 0x0f81, 0x8000, 0x046c, 0x8920, 0x7144, 0x79af, 0x6119,
    0x6931, 0xb99c, 0xb99f, 0x9120, 0x71a5, 0x1a04, 0x1052, 0xf1e1,
    0x1b6c, 0x8002, 0x41a1, 0x0453, 0xffcf, 0x230f, 0x0003, 0x7104,
    0x046b, 0xffcf, 0x6807, 0x681b, 0x0487, 0xffcf, 0x6807, 0x681b,
    0x049d, 0xffcf, 0x1600, 0x7000, 0x8000, 0x0470, 0x70c3, 0x4802,
    0x0011, 0x6811, 0x9020, 0x1e00, 0x7044, 0x8000, 0x042a, 0x2184,
    0x07fe, 0xb020, 0x8a00, 0x262f, 0xf007, 0xf41f, 0x1600, 0x7080,
    0x8000, 0x0040, 0x262f, 0xf007, 0xf433, 0x1600, 0x7003, 0x8000,
    0x040c, 0x7b6b, 0x0558, 0xffc1, 0x700c, 0x2840, 0x0341, 0x2174,
    0x0f82, 0x9002, 0x0146, 0x7104, 0x2244, 0x0302, 0xb140, 0x08ef,
    0x80c4, 0x053d, 0xffcf, 0x1600, 0x7080, 0x8000, 0x0b6a, 0x1600,
    0x7082, 0x8000, 0x0b6b, 0x780f, 0x7a4f, 0x0ab5, 0x8004, 0x2840,
    0x0341, 0x71c3, 0x9002, 0x0146, 0x9160, 0x2000, 0x0f81, 0x0000,
    0x0218, 0x7104, 0x7930, 0x6931, 0xb99f, 0xb160, 0xf1ef, 0x1600,
    0x7080, 0x8000, 0x0b6c, 0x1600, 0x7082, 0x8000, 0x0b6d, 0x780f,
    0x7a4f, 0x0a8b, 0x8004, 0x2840, 0x0341, 0x71c3, 0x9002, 0x0146,
    0x9160, 0x2000, 0x0f81, 0x0000, 0x0218, 0x7104, 0x7930, 0x6931,
    0xb99f, 0xb160, 0xf1ef, 0x742c, 0x700c, 0x0efe, 0xfbcf, 0x1dc2,
    0x1005, 0x1de1, 0x105d, 0x1de0, 0x105d, 0x1f10, 0x901d, 0x702c,
    0x40c3, 0x0098, 0x9680, 0x0ee2, 0xfbcf, 0x1dc3, 0x101d, 0xd833,
    0xb600, 0x1da2, 0x101d, 0xd820, 0x0e3a, 0xfbcf, 0x1df0, 0x1045,
    0x1da2, 0x109d, 0x208a, 0x0010, 0x0e2a, 0xfbcf, 0x1df0, 0x1005,
    0x1da2, 0x101d, 0x700c, 0xd920, 0x0eae, 0xfbcf, 0x1e00, 0x1005,
    0x1df8, 0x101d, 0x1da2, 0x109d, 0x1600, 0x7100, 0x8000, 0x0006,
    0x7810, 0x208c, 0x8fd8, 0x0158, 0x000e, 0x1600, 0x7080, 0x8000,
    0x008e, 0x204b, 0x80c0, 0xf2a4, 0x1600, 0x7080, 0x8000, 0x0403,
    0x1600, 0x7001, 0x8000, 0x041c, 0x780f, 0xc145, 0x7114, 0x0458,
    0x000d, 0x2145, 0x0500, 0xc046, 0x72cd, 0x448f, 0x4597, 0x6811,
    0xc048, 0x40c3, 0x0000, 0x1000, 0x1e00, 0x7004, 0x9003, 0xe1b2,
    0xc008, 0xc208, 0x2005, 0x0f80, 0x9002, 0x001e, 0xc049, 0x9000,
    0x2205, 0x0f9b, 0x9003, 0xe01e, 0x206c, 0x0080, 0x2045, 0x0180,
    0x1b00, 0x3004, 0x6911, 0x204f, 0x0441, 0xb99c, 0xb99f, 0xc14e,
    0x9120, 0x2005, 0x0f80, 0x9003, 0xe000, 0x79c6, 0xb020, 0xc04a,
    0x1600, 0x7100, 0x9002, 0x0158, 0x7ad0, 0xb8a0, 0xc24f, 0x7ad2,
    0xc250, 0x1e00, 0x7004, 0x9003, 0xe158, 0xc009, 0x90a0, 0x2545,
    0x1140, 0x1b00, 0x3004, 0x2546, 0x114d, 0x286f, 0x0c0f, 0xbd82,
    0x0d42, 0xfbcf, 0x1b00, 0x3344, 0x1600, 0x7080, 0x8000, 0x0b6a,
    0x1600, 0x708f, 0x8000, 0x0b6b, 0x1600, 0x708d, 0x8000, 0x0b6c,
    0x7fef, 0x79af, 0xc14c, 0x1600, 0x7081, 0x8000, 0x0b6d, 0x278c,
    0x9fc3, 0x792f, 0xc14d, 0x1e00, 0x7002, 0x8000, 0x0b68, 0x1e00,
    0x73c2, 0x8000, 0x0b69, 0x7dc0, 0x039a, 0x0002, 0xc00c, 0xc10d,
    0x7030, 0x03a8, 0x000e, 0xc00e, 0xc10a, 0x90a0, 0xc00f, 0x78a5,
    0xb100, 0xc009, 0x90c0, 0x266c, 0x1040, 0xb880, 0x1b00, 0x3004,
    0xc008, 0xbea0, 0x2005, 0x0f80, 0x9002, 0x0028, 0x9000, 0x6811,
    0x2084, 0x0f87, 0x205a, 0x0140, 0x6817, 0x4858, 0x0cb6, 0xfbcf,
    0xc010, 0x7d04, 0xc00a, 0xb0a0, 0x1b00, 0x3384, 0x1600, 0x7000,
    0x8000, 0x041c, 0x45cb, 0x9004, 0x01c0, 0xc046, 0x95e3, 0x9505,
    0x274f, 0x12db, 0x1c14, 0x3004, 0x448f, 0x71cd, 0x206c, 0x0100,
    0xb505, 0x1d06, 0x16c4, 0x274f, 0x1280, 0xb88b, 0xb503, 0xd80a,
    0x0c72, 0xfbcf, 0x1414, 0x3102, 0x1d06, 0x16c4, 0x1600, 0x7101,
    0x9006, 0x017e, 0x1600, 0x7100, 0x9002, 0x01c0, 0xb5e3, 0xb545,
    0x4697, 0xb9c8, 0x6ab1, 0xbd92, 0xbd9c, 0xbd9f, 0xb52a, 0xb8c8,
    0xb517, 0xbe1f, 0x8e08, 0x96c3, 0x202f, 0x8007, 0x7ed0, 0x20ca,
    0x00a1, 0x2e04, 0x100e, 0x7214, 0x02fa, 0x0002, 0x6e11, 0xc10b,
    0x7e2a, 0x0c2e, 0xfb8f, 0x4708, 0x40c1, 0x0c26, 0xfb8f, 0x2841,
    0x0101, 0x2840, 0x0202, 0xb90c, 0x2204, 0x0f82, 0x0000, 0x0f00,
    0x7945, 0x79e5, 0xb532, 0x2596, 0x1002, 0x1d0c, 0x9004, 0x1600,
    0x7100, 0x9002, 0x01aa, 0x41c3, 0x9002, 0x01b2, 0x1d0e, 0x9004,
    0x1600, 0x7003, 0x8000, 0x040c, 0x700c, 0x7310, 0x02b0, 0x000d,
    0x09be, 0xfc8f, 0x704c, 0x742c, 0x700c, 0x0e1e, 0xfd8f, 0x712c,
    0x700c, 0x0842, 0xfc8f, 0xd81f, 0x0bba, 0xfbcf, 0x740c, 0x0bb6,
    0xfbcf, 0x1e00, 0x7005, 0x9004, 0x01f0, 0x41c3, 0x9004, 0x0144,
    0x9100, 0x70ed, 0x206c, 0x0040, 0xb881, 0xb100, 0x40c3, 0x8000,
    0x09a4, 0x096a, 0x01c0, 0xd80b, 0x0b62, 0xfbcf, 0xd811, 0x0b5e,
    0xfbcf, 0xdaef, 0xd912, 0x40c3, 0x8000, 0x09a4, 0x0b26, 0xfbcf,
    0xd812, 0x0b4a, 0xfbcf, 0xd829, 0x0b42, 0xfbcf, 0x271f, 0x1f9b,
    0x0000, 0x006c, 0x70cd, 0x265f, 0x1d8d, 0x7563, 0x75c3, 0x8000,
    0x09a4, 0x8d0b, 0x2084, 0x01fe, 0xad0b, 0x8d01, 0xb8a3, 0xad01,
    0x8d13, 0x2046, 0x0300, 0xad13, 0x0be2, 0xfd8f, 0x8d2d, 0xe807,
    0x8d03, 0xb985, 0x2085, 0x003e, 0xad03, 0xd840, 0xad10, 0x8d11,
    0xb9a4, 0x2045, 0x0e00, 0xad11, 0x8d12, 0x1d14, 0x1083, 0x206c,
    0x0080, 0xad12, 0x1529, 0x1080, 0xad2d, 0xb8c4, 0x1d29, 0x1002,
    0x8d1c, 0xb8a5, 0xad1c, 0x6e01, 0x71cd, 0x089f, 0x8091, 0x6fa1,
    0x71ed, 0x0d8d, 0x9091, 0x1e00, 0x7003, 0x8000, 0x0b96, 0x1e00,
    0x7005, 0x8000, 0x0b66, 0x40c3, 0x8000, 0x09a4, 0x1e00, 0x7000,
    0x8000, 0x0b9c, 0x41c3, 0x8000, 0x09a7, 0x8900, 0xb886, 0xa900,
    0x41c3, 0x8000, 0x09dd, 0x8900, 0xb886, 0xa900, 0x41c3, 0x8000,
    0x0a13, 0x8900, 0xb886, 0xa900, 0x41c3, 0x8000, 0x0a49, 0x8900,
    0xb886, 0xa900, 0x710c, 0x0c36, 0x0100, 0x41c3, 0x8000, 0x041c,
    0x4024, 0x6811, 0x2005, 0x0f80, 0x9004, 0x0018, 0x9000, 0x1e00,
    0x7002, 0x8000, 0x0b97, 0x4024, 0x702c, 0x6811, 0x2005, 0x0f80,
    0x9004, 0x0082, 0x1800, 0x0005, 0x1e00, 0x7045, 0x9004, 0x0054,
    0x40c3, 0x0beb, 0xc200, 0x0af2, 0xfbcf, 0x1600, 0x7080, 0x8000,
    0x000d, 0xb8e2, 0xf20c, 0xd840, 0x1e00, 0x7004, 0x9018, 0x0064,
    0x1e00, 0x7005, 0x9018, 0x0066, 0x0e46, 0xfbcf, 0x1e00, 0x70c5,
    0x9004, 0x00c0, 0x40c3, 0x7735, 0x9400, 0x702c, 0x0aba, 0xfbcf,
    0x1600, 0x7080, 0x8000, 0x000d, 0xb8e0, 0xf206, 0x1e00, 0x7045,
    0x9004, 0x00c0, 0x0ffa, 0xfc4f, 0x702c, 0x40c3, 0x0000, 0x0bb8,
    0x098e, 0xfb8f, 0x1c08, 0x3001, 0x1c04, 0x30c1, 0x1c00, 0x3001,
    0x706c, 0x704c, 0xd907, 0xd880, 0x0c32, 0x0100, 0x700c, 0x712c,
    0x0e62, 0xfc4f, 0x1600, 0x7080, 0x8000, 0x0a7c, 0x262f, 0xf007,
    0xf45e, 0x702c, 0x40c3, 0x001e, 0x8480, 0x0a5e, 0xfbcf, 0x4487,
    0x46cb, 0x0000, 0xe648, 0x780b, 0xf283, 0x1600, 0x7080, 0x8000,
    0x008a, 0x1600, 0x7081, 0x8000, 0x0096, 0x1600, 0x7082, 0x8000,
    0x001c, 0xb8c1, 0x262f, 0xf087, 0xf4d7, 0x214b, 0x83c0, 0x0228,
    0x0001, 0x7114, 0x70df, 0x0000, 0x4650, 0xf4e2, 0x40c3, 0x0000,
    0x5208, 0xf0de, 0x0815, 0x0114, 0x448f, 0x71cd, 0x2045, 0x05c0,
    0xb886, 0xc046, 0x03a7, 0xffcf, 0xd856, 0x72cd, 0xc046, 0x039f,
    0xffcf, 0x4797, 0x458f, 0x40a1, 0x42c1, 0x0aaa, 0x0140, 0x71a5,
    0x0ff3, 0x9345, 0x0459, 0xffcf, 0xc50c, 0xc00d, 0x7510, 0x045a,
    0xffcd, 0x4797, 0x458f, 0x40a1, 0x42c1, 0x71a5, 0x0a86, 0x0140,
    0xf1f5, 0x1c2c, 0x3101, 0x40c1, 0x0507, 0xffcf, 0x2840, 0x0342,
    0xdc9c, 0x623a, 0x7104, 0xb280, 0x0543, 0xffcf, 0x0af6, 0xfc4f,
    0x0efe, 0xfc4f, 0x714c, 0xd908, 0x700c, 0x0b5e, 0xfd8f, 0x1600,
    0x7080, 0x8000, 0x0a7d, 0x780f, 0x7114, 0x22ca, 0x006d, 0x21ca,
    0x002d, 0x20ca, 0x002d, 0x20e2, 0x0f8d, 0x0000, 0x4424, 0x714c,
    0xd90a, 0x700c, 0x0b32, 0xfd8f, 0x714c, 0x702c, 0xd808, 0x0b2a,
    0xfd8f, 0x714c, 0xd996, 0x700c, 0x0b1e, 0xfd8f, 0x0c16, 0xfd8f,
    0x712c, 0x700c, 0x0d3e, 0xfc4f, 0x0962, 0xfc4f, 0xf179, 0x730c,
    0x08ee, 0x0100, 0x1600, 0x7080, 0x8000, 0x0a7c, 0x262f, 0xf007,
    0xf259, 0x1600, 0x7080, 0x8000, 0x0001, 0xb8e3, 0xf453, 0x0a76,
    0xfc4f, 0x710c, 0xd90f, 0x0cfe, 0xfd8f, 0x776c, 0x42c3, 0xeffe,
    0xfffd, 0x712c, 0x40c3, 0x8000, 0x09a4, 0x70ed, 0x0d52, 0x0140,
    0x66f8, 0x1038, 0x0080, 0x71e5, 0x0de6, 0x00c0, 0x0ff5, 0x9111,
    0x1600, 0x708c, 0x8000, 0x0409, 0x704c, 0x7c8f, 0x7291, 0x069e,
    0xffc6, 0x2200, 0x0f80, 0x0000, 0x046c, 0xb89f, 0x1000, 0x008b,
    0x706c, 0x6a11, 0x2353, 0x11cb, 0x2000, 0x0f8a, 0x0000, 0x05b7,
    0x2096, 0x0dc2, 0x2253, 0x13ca, 0x7810, 0x235f, 0x0d81, 0x7161,
    0x2100, 0x0f8f, 0x8000, 0x09a4, 0x1700, 0x109b, 0x2314, 0x028f,
    0xbf9f, 0x1f00, 0x16c2, 0x71c3, 0x8000, 0x0a10, 0x89e0, 0x2314,
    0x0001, 0xb99f, 0xa9e0, 0x6b21, 0x716c, 0x09d3, 0x8091, 0x7144,
    0xf1ce, 0x700c, 0xf1b0, 0x214b, 0x83c0, 0xf20d, 0x7114, 0x70df,
    0x0000, 0x007d, 0x28c0, 0x01e2, 0xf40a, 0x40c3, 0x0000, 0x4a38,
    0xf006, 0x7114, 0x70df, 0x0000, 0x2ee0, 0xf3f9, 0x702c, 0x0f52,
    0xfb4f, 0x7414, 0x74ed, 0x27ca, 0x1006, 0x0ba6, 0xfc4f, 0x1600,
    0x7081, 0x8000, 0x0b66, 0x1600, 0x7082, 0x8000, 0x0b67, 0x1600,
    0x7003, 0x8000, 0x0b9c, 0x792f, 0x7a4f, 0x219e, 0x0b01, 0x225e,
    0x0d82, 0x6159, 0x6179, 0x8943, 0x1600, 0x7081, 0x8000, 0x0008,
    0xbfc7, 0x792f, 0x091f, 0x0091, 0xbae4, 0x25ca, 0x1221, 0xf20d,
    0x74ad, 0xf00b, 0x7114, 0x70df, 0x0000, 0x36b0, 0xf5d0, 0x05e1,
    0xffcf, 0xbae4, 0xf3f6, 0x7104, 0x60f8, 0x60b8, 0xb8a0, 0x4100,
    0x780f, 0xe0dc, 0x21ca, 0x0f8d, 0x0000, 0x005c, 0x1e00, 0x7042,
    0x8000, 0x0400, 0x700c, 0x2614, 0x1002, 0x123d, 0x0081, 0x7104,
    0xb99f, 0x8960, 0x123c, 0x0081, 0xb99f, 0xa960, 0x08eb, 0x8511,
    0x1e00, 0x7045, 0x8000, 0x0014, 0x1600, 0x708e, 0x8000, 0x042c,
    0x708d, 0x7ecf, 0x0c3f, 0x1384, 0x4487, 0x780b, 0xf4ac, 0x1600,
    0x7100, 0x9004, 0x0148, 0x714c, 0xb826, 0xb8c1, 0xba1f, 0xc046,
    0x2200, 0x0f80, 0x0000, 0x0800, 0x1004, 0x8600, 0x708d, 0xc048,
    0x4497, 0x7091, 0x0130, 0x000e, 0x710c, 0x706c, 0x7898, 0xc04b,
    0xf035, 0x245f, 0x1240, 0x6811, 0x70c3, 0x8000, 0x0a7e, 0x1800,
    0x0003, 0x1801, 0x0003, 0x7b90, 0x704c, 0xbb0c, 0x73c3, 0xc801,
    0x0080, 0x6359, 0x6931, 0x91a0, 0x7daf, 0x0d19, 0x1081, 0x8820,
    0x210f, 0x0081, 0xa820, 0x7144, 0x0aeb, 0x8211, 0x7185, 0xf1c4,
    0x8821, 0x71ed, 0x792f, 0x7124, 0xa821, 0x2014, 0x004a, 0x7fb8,
    0x1a00, 0x13c2, 0x1a01, 0x1082, 0xf1ef, 0xeb0e, 0x1240, 0x0080,
    0xc10b, 0x780f, 0x782b, 0xf40b, 0x7164, 0xc008, 0x0bef, 0x8004,
    0x7185, 0xf1c0, 0x1225, 0x0080, 0xf1f4, 0x2414, 0x10ce, 0x710c,
    0x78d8, 0xc049, 0x6b34, 0x7996, 0x2200, 0x0f8d, 0x0000, 0x0c00,
    0xeb34, 0x156c, 0x9080, 0x156d, 0x908d, 0x780f, 0x2100, 0x0f8f,
    0x0000, 0x0b44, 0x7daf, 0x2196, 0x0905, 0xc545, 0xc14a, 0x1600,
    0x7081, 0x8000, 0x001c, 0x675f, 0x792f, 0x79d9, 0xc14c, 0x2200,
    0x0f81, 0x0000, 0x0101, 0x8920, 0x262f, 0x3047, 0x702c, 0xc505,
    0x0d99, 0x9004, 0xc50c, 0x4208, 0x2040, 0x005b, 0x69c1, 0x2700,
    0x104b, 0xbde0, 0xf210, 0x66fe, 0x1b00, 0x1002, 0x1e00, 0x16c2,
    0x69c2, 0x7204, 0x41c1, 0xf1ed, 0x156a, 0x9080, 0x156b, 0x908d,
    0x780f, 0xf1ce, 0xc50a, 0x61b9, 0xc509, 0x6159, 0x260b, 0xb340,
    0xf205, 0x1b00, 0x16c2, 0xa900, 0xf1ed, 0x1900, 0x06c2, 0x1b00,
    0x1002, 0xf1e9, 0x409f, 0xb8ec, 0xf210, 0x0cc6, 0x0140, 0x206f,
    0x0a43, 0x1800, 0x0f84, 0x0000, 0x1000, 0x1800, 0x0f84, 0xffff,
    0x9000, 0xd80d, 0x09be, 0xfbcf, 0x4487, 0x780b, 0x20e2, 0x0f81,
    0x0000, 0xbf78, 0x0b6a, 0xfc4f, 0x702c, 0x40c3, 0x0000, 0x3a98,
    0x0cfe, 0xfb4f, 0x1c08, 0x3001, 0x1c04, 0x3001, 0x1c00, 0x3001,
    0x706c, 0xda08, 0xd907, 0x700c, 0x0fa2, 0x00c0, 0x712c, 0x700c,
    0x09d2, 0xfc4f, 0x700c, 0x097e, 0xfbcf, 0x1e00, 0x7003, 0x8000,
    0x0402, 0x40c3, 0xffff, 0x8001, 0x1e00, 0x7004, 0x8000, 0x0014,
    0x20aa, 0x0104, 0x1e00, 0x7000, 0x8000, 0x0304, 0x0862, 0xfc8f,
    0x409f, 0xdd40, 0x2504, 0x900d, 0xf414, 0xb8e1, 0x20e2, 0x0f82,
    0x0000, 0xe584, 0x409f, 0xb8e2, 0x20e2, 0x0f82, 0x0000, 0xe548,
    0x409f, 0xb8e3, 0x20ca, 0x0062, 0x20e2, 0x0f82, 0x0000, 0xe5ac,
    0x0a3e, 0xfc0f, 0x419f, 0x7314, 0x2104, 0x0f9b, 0x0000, 0x0080,
    0x0326, 0x0042, 0x230b, 0xb6c0, 0x031e, 0x0041, 0x1600, 0x7080,
    0x8000, 0x0102, 0xb8e1, 0x0312, 0x0042, 0x449f, 0x71cd, 0x2005,
    0x0f80, 0x9003, 0xe012, 0x1800, 0x0005, 0xed30, 0x1e00, 0x7fc3,
    0x8000, 0x0039, 0x1e00, 0x7fc3, 0x8000, 0x003d, 0x1e00, 0x7fc3,
    0x8000, 0x003a, 0x1e00, 0x7fc3, 0x8000, 0x003e, 0x1e00, 0x7fc5,
    0x8000, 0x0054, 0x1e00, 0x7fc5, 0x8000, 0x0058, 0x1e00, 0x7043,
    0x8000, 0x0402, 0x276f, 0x1a43, 0xd840, 0xb700, 0xd813, 0x0c0a,
    0x0180, 0x1f00, 0x1f84, 0xffff, 0x8040, 0x760c, 0x0896, 0xfbcf,
    0x1e00, 0x7003, 0x8000, 0x0402, 0x20aa, 0x0104, 0x1e00, 0x7000,
    0x8000, 0x0308, 0x1600, 0x708f, 0x8000, 0x0102, 0xbfe0, 0x0290,
    0x0042, 0x7dab, 0x0288, 0x0041, 0xbfe3, 0xf408, 0x409f, 0xb8e1,
    0x20e2, 0x0f82, 0x0000, 0xe584, 0x20aa, 0x0104, 0x1e00, 0x7000,
    0x8000, 0x030c, 0xbfe4, 0xf408, 0x409f, 0xb8e2, 0x20e2, 0x0f82,
    0x0000, 0xe548, 0x20aa, 0x0104, 0x1e00, 0x7000, 0x8000, 0x0310,
    0x409f, 0xb8e3, 0xf206, 0xbfe5, 0xf404, 0x710c, 0x0fd2, 0x0240,
    0x20aa, 0x0104, 0x1e00, 0x7000, 0x8000, 0x0314, 0x0b3b, 0x3010,
    0x1600, 0x7080, 0x8000, 0x008e, 0xb8e0, 0xf210, 0x256f, 0x1a43,
    0xd880, 0xb500, 0xd811, 0x0b62, 0x0180, 0x1d00, 0x1f84, 0xffff,
    0x8080, 0xd80a, 0x0fee, 0xfb8f, 0x409f, 0xb8e8, 0xf405, 0x1e00,
    0x7005, 0x8000, 0x0428, 0x1600, 0x7080, 0x8000, 0x0102, 0xb8e1,
    0xf413, 0x0b27, 0x3010, 0xee09, 0x449f, 0x2005, 0x0f80, 0x9003,
    0xe012, 0x1800, 0x0105, 0x409f, 0xb8e3, 0x20ca, 0x0062, 0x20e2,
    0x0f82, 0x0000, 0xe5ac, 0x409f, 0xb8ea, 0xf2c3, 0x1600, 0x7081,
    0x8000, 0x0001, 0x1600, 0x7080, 0x8000, 0x0059, 0x208b, 0x8003,
    0x01c8, 0x0041, 0xb9c1, 0x710c, 0x7838, 0x7704, 0xc04a, 0x208a,
    0x0010, 0x1e00, 0x7004, 0x8000, 0x0014, 0xda40, 0x702c, 0x2455,
    0x39c0, 0x0ab2, 0xfb8f, 0xda10, 0x702c, 0x2455, 0x3840, 0x0aa6,
    0xfb8f, 0x1600, 0x7080, 0x8000, 0x0040, 0x780f, 0xc046, 0x1600,
    0x7080, 0x8000, 0x0025, 0x780f, 0xc048, 0x1600, 0x7080, 0x8000,
    0x0b66, 0x262f, 0xf007, 0x017c, 0x0041, 0x4497, 0xc044, 0x1c14,
    0x3001, 0x448f, 0x205f, 0x044d, 0x4487, 0x7daf, 0x204b, 0x8140,
    0x21ca, 0x0162, 0x70bd, 0x20e2, 0x0f82, 0x0000, 0x2240, 0x4487,
    0x204b, 0x8280, 0x70bd, 0x21ca, 0x02a2, 0x20e2, 0x0f82, 0x0000,
    0x2240, 0x1600, 0x7080, 0x8000, 0x0001, 0xb8e2, 0x20ca, 0x0fe2,
    0xf406, 0x1600, 0x7080, 0x8000, 0x0100, 0x780f, 0xc040, 0xc00a,
    0x1c04, 0x3001, 0x726c, 0x228a, 0x0fc7, 0x702c, 0x706f, 0x084e,
    0xfe8f, 0x712c, 0x2900, 0x06c1, 0x2354, 0x3040, 0x210f, 0x0000,
    0x4587, 0x790b, 0x0102, 0x0042, 0x2340, 0x3040, 0x716f, 0x08e7,
    0x8091, 0x448f, 0x7104, 0xc045, 0x087b, 0x8111, 0x70ad, 0x712c,
    0x79b8, 0x6d02, 0x210f, 0x0000, 0x4587, 0x790b, 0x01b4, 0x0042,
    0x6d01, 0x71ad, 0x08eb, 0x8091, 0x70cd, 0x710c, 0x78d8, 0x6ee2,
    0x200f, 0x03cf, 0x4487, 0x7fed, 0x78eb, 0x0216, 0x0042, 0x6e01,
    0x71cd, 0x08eb, 0x8091, 0x42c3, 0x8000, 0x0025, 0x8a00, 0x41c3,
    0x8000, 0x0040, 0x780f, 0x1e00, 0x7004, 0x9004, 0x00e4, 0x8900,
    0x780f, 0x1e00, 0x7004, 0x9004, 0x00e6, 0x40c3, 0xffff, 0x8400,
    0x1e00, 0x7004, 0x8000, 0x0014, 0x1600, 0x7080, 0x8000, 0x0405,
    0x262f, 0xf007, 0x0274, 0x0041, 0xd80e, 0x0e2a, 0xfb8f, 0x409f,
    0xb8e4, 0x029c, 0x0041, 0x700c, 0x0892, 0xff4f, 0x409f, 0xb8e8,
    0x02c4, 0x0041, 0x256f, 0x1a43, 0x208a, 0x0004, 0xb500, 0xd812,
    0x0966, 0x0180, 0x1d00, 0x1f84, 0xffff, 0x8100, 0xd80b, 0x0df6,
    0xfb8f, 0x1e00, 0x7005, 0x8000, 0x0428, 0x1600, 0x7080, 0x8000,
    0x0102, 0xb8e2, 0x0290, 0x0042, 0x409f, 0xb8e4, 0x0272, 0x0041,
    0x700c, 0x084a, 0xff4f, 0x0a46, 0xfd4f, 0x780b, 0x1600, 0x7080,
    0x8000, 0x0001, 0x26ca, 0x1f81, 0x0000, 0x00ff, 0x76df, 0x0000,
    0x01ff, 0xb8e2, 0x1600, 0x7100, 0x8000, 0x042a, 0x7dc0, 0x25ca,
    0x13e1, 0xb8e5, 0x0240, 0x0041, 0x720c, 0x42c1, 0x41a1, 0x08ae,
    0xfe0f, 0x20aa, 0x0104, 0x1e00, 0x7000, 0x8000, 0x0318, 0x1600,
    0x7080, 0x8000, 0x0096, 0xb8e4, 0xf206, 0x42c1, 0x41a1, 0x730c,
    0x088a, 0xfe0f, 0x20aa, 0x0104, 0x1e00, 0x7000, 0x8000, 0x031c,
    0x409f, 0x45cb, 0x8000, 0x0320, 0xb8e3, 0x0216, 0x0041, 0x700c,
    0x0cfe, 0x0240, 0x20aa, 0x0104, 0xa500, 0x09c2, 0xfd4f, 0x780b,
    0x1600, 0x7080, 0x8000, 0x0001, 0x26ca, 0x1f81, 0x0000, 0x00ff,
    0x76df, 0x0000, 0x01ff, 0xb8e2, 0x1600, 0x7100, 0x8000, 0x042a,
    0x7dc0, 0x25ca, 0x13e1, 0xb8e6, 0x01dc, 0x0041, 0x710c, 0x42c1,
    0x41a1, 0x082a, 0xfe0f, 0x20aa, 0x0104, 0x1e00, 0x7000, 0x8000,
    0x0324, 0x42c1, 0x41a1, 0x700c, 0x0812, 0xfe0f, 0x20aa, 0x0104,
    0x1e00, 0x7000, 0x8000, 0x0328, 0x409f, 0xb8e9, 0x0368, 0x0001,
    0x1600, 0x708e, 0x8000, 0x0001, 0x0952, 0xfd4f, 0x4508, 0x730c,
    0x08de, 0x00c0, 0x208a, 0x0008, 0x1e00, 0x7004, 0x8000, 0x0014,
    0x1600, 0x708f, 0x8000, 0x0008, 0x702c, 0x40a1, 0x0d5e, 0xfd0f,
    0xc050, 0x7fef, 0x2778, 0x1081, 0x74f5, 0x017c, 0x0042, 0x1600,
    0x7100, 0x9002, 0x0160, 0x7dab, 0xb882, 0x1e00, 0x7004, 0x9003,
    0xff60, 0x20ca, 0x0f81, 0x0000, 0x0088, 0xf203, 0xd88c, 0x1e00,
    0x7004, 0x900f, 0xe0c0, 0x6911, 0x7204, 0xc04a, 0x770c, 0xb8cf,
    0x090a, 0xfc4f, 0x1e00, 0x7005, 0x900f, 0xe0ca, 0x08de, 0xfc4f,
    0xd8ff, 0x1e00, 0x7004, 0x9003, 0xe172, 0x1e00, 0x7045, 0x9003,
    0xe174, 0x1e00, 0x7005, 0x9003, 0xe14e, 0x208a, 0x0fc7, 0x1e00,
    0x7004, 0x9003, 0xe166, 0x1e00, 0x7004, 0x9003, 0xe168, 0x7dab,
    0x1e00, 0x7045, 0x9003, 0xe162, 0x70df, 0x0000, 0x01ff, 0x20ca,
    0x0f81, 0x0000, 0x00ff, 0x0f7e, 0x0080, 0x208a, 0x0004, 0x1e00,
    0x7004, 0x900f, 0xe1ae, 0x1e00, 0x7004, 0x900f, 0xe1ac, 0x0b7e,
    0xfc8f, 0x1600, 0x7080, 0x8000, 0x0403, 0x780f, 0x7114, 0x20e2,
    0x0f8e, 0x0000, 0x0964, 0x1600, 0x7080, 0x8000, 0x0016, 0xbee2,
    0x780f, 0xc04b, 0x00c0, 0x0041, 0x1c34, 0x3001, 0x1600, 0x7000,
    0x8000, 0x041c, 0x716f, 0xc04c, 0x1600, 0x7080, 0x8000, 0x0b68,
    0xc069, 0x1600, 0x7080, 0x8000, 0x0b69, 0x780f, 0xc045, 0x1600,
    0x7080, 0x8000, 0x0b98, 0x1c10, 0x3fc1, 0x780f, 0xc046, 0x710c,
    0x2800, 0x06c0, 0x2354, 0x304d, 0x200f, 0x034d, 0x1600, 0x7080,
    0x8000, 0x0b66, 0x262f, 0xf007, 0x007a, 0x0041, 0x1600, 0x7080,
    0x8000, 0x0040, 0x780f, 0x78ab, 0xf2b9, 0xc010, 0x70cd, 0x780b,
    0x20ca, 0x05a2, 0x20ca, 0x0421, 0x1e00, 0x7004, 0x900f, 0xe022,
    0x0d1e, 0xfc0f, 0x1e00, 0x7043, 0x8000, 0x045c, 0x0d6a, 0xfb4f,
    0x1c08, 0x3001, 0xc541, 0x1c00, 0x3001, 0xdb80, 0x704c, 0x752c,
    0x710c, 0xb814, 0x0956, 0x00c0, 0xc20a, 0x1c08, 0x31c1, 0xc541,
    0x1c00, 0x3001, 0x706c, 0xd929, 0x710c, 0xb817, 0x093e, 0x00c0,
    0x1600, 0x7082, 0x8000, 0x0400, 0x1c08, 0x3001, 0x1c04, 0x3001,
    0x1c00, 0x3001, 0x706c, 0x7a4f, 0xd907, 0x700c, 0x091e, 0x00c0,
    0x0d16, 0xfb4f, 0x1c08, 0x3001, 0xc541, 0x1c00, 0x3001, 0x238a,
    0x0004, 0x704c, 0x752c, 0x710c, 0xb815, 0x0902, 0x00c0, 0xc20a,
    0x1c08, 0x31c1, 0xc541, 0x1c00, 0x3001, 0x706c, 0xd92a, 0xd841,
    0xb812, 0x08ea, 0x00c0, 0x1c08, 0x3281, 0x1c04, 0x3001, 0x1c00,
    0x3001, 0x706c, 0x744c, 0xd907, 0x700c, 0x08d2, 0x00c0, 0x1e00,
    0x7003, 0x8000, 0x045c, 0x0cc2, 0xfb4f, 0x0cbe, 0xfb4f, 0x1c08,
    0x3001, 0x1c04, 0x3001, 0x1c00, 0x3001, 0xd907, 0x706c, 0x744c,
    0xd880, 0x08aa, 0x00c0, 0xc00c, 0x6811, 0x204f, 0x0441, 0x2005,
    0x0f80, 0x9005, 0xe01a, 0xb99c, 0xc04f, 0xb99f, 0xc14e, 0xc00f,
    0xc729, 0xb0c0, 0x45c9, 0x40e1, 0x458f, 0x7030, 0x0762, 0x000e,
    0xd814, 0x0e32, 0xfb4f, 0x0a5e, 0xfc8f, 0xc00d, 0x712c, 0x0aa6,
    0xfc0f, 0x1c20, 0x3001, 0x448f, 0x7710, 0x075c, 0x000e, 0x0ebe,
    0xfc0f, 0xc008, 0x780b, 0x0772, 0x0002, 0xc00b, 0x651d, 0x2b40,
    0x3080, 0x2000, 0x0f81, 0x0000, 0x043c, 0x2094, 0x07c8, 0xb99f,
    0xb89f, 0xb1a0, 0xb0a0, 0x4487, 0x2008, 0x0380, 0xc044, 0x710c,
    0x41c3, 0x01c3, 0x0001, 0x08ae, 0xfc0f, 0x230b, 0xb6c0, 0x06f0,
    0x0002, 0x4487, 0x41c3, 0x01c5, 0x0000, 0x20b9, 0x0fff, 0x0896,
    0xfc0f, 0x4587, 0xc00b, 0x6038, 0xd91f, 0xe09f, 0x21ca, 0x000e,
    0xc00c, 0x6811, 0x204f, 0x0443, 0x2005, 0x0f80, 0x9005, 0xe01a,
    0xb020, 0xc029, 0xbb9c, 0xbb9f, 0x468f, 0x7050, 0x0708, 0x000e,
    0x09c2, 0xfc8f, 0x1e00, 0x7005, 0x9003, 0xe166, 0x1e00, 0x7005,
    0x9003, 0xe168, 0x1e00, 0x7005, 0x9003, 0xe162, 0x40c3, 0xffff,
    0x8200, 0x1e00, 0x7004, 0x8000, 0x0014, 0x1600, 0x7080, 0x8000,
    0x0405, 0x262f, 0xf007, 0x20e2, 0x0f81, 0x0000, 0x3458, 0xd809,
    0x0982, 0xfb8f, 0x20aa, 0x0104, 0x1e00, 0x7000, 0x8000, 0x032c,
    0x1600, 0x7080, 0x8000, 0x0405, 0x262f, 0xf007, 0xf227, 0x1600,
    0x7080, 0x8000, 0x0025, 0x1600, 0x708e, 0x8000, 0x0040, 0x70ad,
    0x7e05, 0x7ecf, 0x0e19, 0x1346, 0x42a1, 0x41a1, 0x710c, 0x0fe2,
    0xfc8f, 0x42a1, 0x41a1, 0x700c, 0x0fd6, 0xfc8f, 0x6d01, 0x71ad,
    0x08e5, 0x8091, 0x0f86, 0xfc8f, 0x1600, 0x7080, 0x8000, 0x0000,
    0xb8e5, 0x20e2, 0x0f82, 0x0000, 0x347c, 0x2455, 0x39c0, 0x0abe,
    0x0140, 0x1600, 0x7080, 0x8000, 0x09a7, 0xb8e6, 0x21ca, 0x0062,
    0xf407, 0x1600, 0x7081, 0x8000, 0x09ba, 0xb926, 0xb9c0, 0x149f,
    0x3080, 0xb8e6, 0x20ca, 0x0062, 0xf405, 0x14b2, 0x3080, 0xb826,
    0xb8c0, 0x7110, 0x78c0, 0x20e2, 0x0f82, 0x0000, 0xb368, 0xdaf3,
    0xd913, 0x2455, 0x39c0, 0x0c4e, 0xfb4f, 0xda45, 0xd910, 0x2455,
    0x39c0, 0x0c56, 0xfb4f, 0x1600, 0x708c, 0x8000, 0x0409, 0x706c,
    0x7c8f, 0x7391, 0x0604, 0x0005, 0x706c, 0x2a6f, 0x020f, 0x712c,
    0x2455, 0x39c0, 0x094a, 0x0100, 0x2455, 0x39c0, 0xdabc, 0xd910,
    0x0c12, 0xfb4f, 0x14b8, 0x3080, 0xb8e5, 0xf408, 0x724c, 0xd91c,
    0x2455, 0x39c0, 0x0c12, 0xfb4f, 0x776c, 0x42c3, 0xfffe, 0xffff,
    0x712c, 0x2455, 0x39c0, 0x091a, 0x0100, 0x1600, 0x708e, 0x8000,
    0x0040, 0x1600, 0x708d, 0x8000, 0x0025, 0x0a16, 0xfc0f, 0x7dc5,
    0x1c08, 0x3001, 0x1c00, 0x3001, 0xbdc1, 0xc541, 0x706c, 0xda20,
    0xd90b, 0xd880, 0x0e56, 0x0080, 0x712c, 0x700c, 0x0886, 0xfc0f,
    0xd814, 0x0c02, 0xfb4f, 0x09ea, 0xfc0f, 0x1600, 0x7080, 0x8000,
    0x0b66, 0xc18f, 0x780f, 0x209e, 0x0b01, 0x2056, 0x09c0, 0x6038,
    0x1044, 0x8083, 0xbbe5, 0xf40e, 0x1c08, 0x3001, 0x1c04, 0x33c1,
    0x1c00, 0x3701, 0xbb81, 0xda22, 0x762c, 0x700c, 0x0e0e, 0x0080,
    0x1c08, 0x3001, 0x1c04, 0x30c1, 0x1c00, 0x3001, 0x706c, 0x724c,
    0xd928, 0x700c, 0x0df6, 0x0080, 0x1c08, 0x3001, 0x1c04, 0x3001,
    0x1c00, 0x3001, 0x706c, 0xda1e, 0xd907, 0x700c, 0x0dde, 0x0080,
    0x700c, 0x712c, 0x080e, 0xfc0f, 0x1600, 0x7080, 0x8000, 0x0096,
    0xb8e4, 0xf20d, 0x1600, 0x7000, 0x8000, 0x041c, 0x6811, 0x2005,
    0x0f80, 0x9003, 0xe002, 0x1800, 0x0045, 0x0c6e, 0xfb4f, 0x1e00,
    0x7005, 0x9004, 0x00dc, 0x1600, 0x708d, 0x0000, 0x0000, 0x252f,
    0x9347, 0x0530, 0x0001, 0x730c, 0x0b86, 0x0080, 0x1e00, 0x7005,
    0x8000, 0x0b66, 0x0de1, 0x1011, 0x41c3, 0x8000, 0x0025, 0x8900,
    0x1600, 0x7082, 0x8000, 0x0040, 0x780f, 0x1e00, 0x7004, 0x9004,
    0x00e4, 0x1600, 0x7000, 0x8000, 0x0470, 0x1600, 0x7103, 0x8000,
    0x042a, 0x70c3, 0x4802, 0x0011, 0x6811, 0xb060, 0x8900, 0x7a4f,
    0x262f, 0xf007, 0x0522, 0x0002, 0x1600, 0x7080, 0x8000, 0x0040,
    0x262f, 0xf007, 0x054c, 0x0002, 0x1e00, 0x7084, 0x9004, 0x00e6,
    0x1600, 0x7000, 0x8000, 0x041c, 0x6811, 0x2005, 0x0f80, 0x9004,
    0x0018, 0x9000, 0x1e00, 0x7002, 0x8000, 0x0b97, 0x1600, 0x7100,
    0x8000, 0x0006, 0x7810, 0x70d3, 0x0000, 0x0c80, 0x20ca, 0x0f8e,
    0x0000, 0x00ff, 0x21ca, 0x0f8e, 0x0000, 0x00ff, 0xf7c9, 0x1600,
    0x7101, 0x9004, 0x0628, 0x1600, 0x7100, 0x9004, 0x062a, 0x1600,
    0x7083, 0x8000, 0x0403, 0x1600, 0x7002, 0x8000, 0x041c, 0x7b6f,
    0x6a51, 0xe387, 0x0516, 0x000e, 0x2205, 0x0f83, 0x9012, 0x1010,
    0xb908, 0x7124, 0xb320, 0xb808, 0x2205, 0x0f82, 0x9012, 0x1026,
    0x7104, 0xb200, 0x1e00, 0x7005, 0x9003, 0xe166, 0x1e00, 0x7005,
    0x9003, 0xe168, 0x7dab, 0x050a, 0x0001, 0x1600, 0x708f, 0x8000,
    0x0005, 0x700c, 0xd940, 0x0ad2, 0xfb4f, 0x45cb, 0x9005, 0xe000,
    0x2500, 0x1f80, 0x0000, 0x0800, 0x1810, 0x805d, 0x1df8, 0x105d,
    0x1600, 0x710e, 0x9004, 0x0092, 0x262f, 0xf3c7, 0x0562, 0x0002,
    0x2684, 0x1c07, 0x264f, 0x1280, 0x1d92, 0x1004, 0x702c, 0x208a,
    0x0a0f, 0x0a96, 0xfb4f, 0x702c, 0x40c3, 0x000f, 0x4240, 0x0a8a,
    0xfb4f, 0x1de0, 0x105d, 0x1600, 0x7101, 0x9004, 0x019e, 0x1dc3,
    0x105d, 0x1de0, 0x101d, 0xbe89, 0x1d92, 0x1384, 0x1600, 0x7000,
    0x8000, 0x041c, 0xb9c4, 0x6811, 0x2005, 0x0f80, 0x9004, 0x009c,
    0xb020, 0x0513, 0x0000, 0x70cd, 0x0503, 0xff8f, 0x20aa, 0x0104,
    0x1e00, 0x7000, 0x8000, 0x030c, 0x20aa, 0x0104, 0x1e00, 0x7000,
    0x8000, 0x0310, 0x05ad, 0xff8f, 0x1c28, 0x3001, 0x0643, 0xff8f,
    0xc008, 0x068d, 0xff8f, 0x1600, 0x708d, 0x8000, 0x0b6a, 0x1600,
    0x7080, 0x8000, 0x0b6d, 0x7daf, 0x780f, 0x251e, 0x1f8e, 0x0000,
    0x0528, 0xc04b, 0x231f, 0x3f80, 0x0000, 0x14a0, 0x76c3, 0x8000,
    0x0dc8, 0x661e, 0xc00b, 0x0877, 0x0345, 0xc008, 0x70ed, 0x088f,
    0x0011, 0x6f01, 0x71ed, 0x7214, 0x06c0, 0xff81, 0x4497, 0x780b,
    0x06b8, 0xff81, 0x1600, 0x7080, 0x8000, 0x0b6c, 0x780f, 0xc049,
    0x1600, 0x708d, 0x8000, 0x0b6d, 0xc109, 0x1c00, 0x3041, 0x7daf,
    0xdb09, 0x42a1, 0x4063, 0x08de, 0xfccf, 0x458f, 0xdb09, 0x2314,
    0x304e, 0x2400, 0x3f81, 0x0000, 0x0174, 0x2714, 0x138e, 0x2115,
    0x038e, 0xc109, 0x1e28, 0x9004, 0x1c00, 0x3081, 0x42a1, 0x4063,
    0x08b2, 0xfccf, 0x1e2a, 0x9004, 0xf1cd, 0xc649, 0x70ed, 0xc009,
    0x71e5, 0x0f4e, 0xfb4f, 0xc009, 0x2055, 0x0840, 0xc049, 0x0ff3,
    0x9251, 0x2696, 0x1942, 0x71a5, 0xf1b6, 0x1600, 0x7080, 0x8000,
    0x0b6a, 0x780f, 0xc049, 0x1600, 0x708d, 0x8000, 0x0b6b, 0xf1c6,
    0xc008, 0x70cd, 0x780b, 0x7fc0, 0xf437, 0x6e01, 0x71cd, 0x7214,
    0x0640, 0xff81, 0x4497, 0xf1f8, 0x2514, 0x1040, 0x2400, 0x3f8c,
    0x0000, 0x0174, 0x2614, 0x1000, 0x2714, 0x1000, 0x2414, 0x1000,
    0x1028, 0x8100, 0x7210, 0x23ca, 0x0045, 0x22ca, 0x0005, 0x7124,
    0x09d9, 0x8111, 0x2400, 0x3f81, 0x0000, 0x0174, 0x2614, 0x1340,
    0x2714, 0x1000, 0x2114, 0x0000, 0x1810, 0x80c4, 0x7a4b, 0x20ca,
    0x0f81, 0x022e, 0x0003, 0x20e2, 0x0f81, 0x0000, 0xc0b0, 0x6f01,
    0x71ed, 0x089b, 0x8090, 0x706c, 0x704c, 0x702c, 0xf1ce, 0x40c1,
    0x734c, 0xd950, 0x0e86, 0x0080, 0xc008, 0x706f, 0xe830, 0x1600,
    0x7081, 0x8000, 0x0025, 0x700c, 0x792f, 0x1e00, 0x7044, 0x9004,
    0x00e4, 0x1e00, 0x7004, 0x9004, 0x00e6, 0x2400, 0x3f81, 0x0000,
    0x0174, 0x2314, 0x3380, 0x2115, 0x0000, 0x1012, 0x808d, 0x1010,
    0x8080, 0x6db4, 0x41e1, 0x7d05, 0x7daf, 0x40a1, 0x0856, 0xfc0f,
    0x2300, 0x3f80, 0x4000, 0x05bd, 0x2614, 0x1000, 0xa8a0, 0x0b33,
    0x3011, 0xee92, 0x1e00, 0x7342, 0x8000, 0x00d1, 0x4497, 0x716f,
    0x780b, 0x057e, 0xff81, 0x1600, 0x7080, 0x8000, 0x0040, 0x702c,
    0x780f, 0xf1cd, 0x1e00, 0x7342, 0x8000, 0x00d6, 0xf1f0, 0xee88,
    0x1e00, 0x7342, 0x8000, 0x00db, 0x0557, 0xff8f, 0x1e00, 0x7342,
    0x8000, 0x00e0, 0x054b, 0xff8f, 0x8a00, 0x89a0, 0x70cd, 0x7d05,
    0x7daf, 0x0d21, 0x1386, 0x1c9c, 0x3001, 0x1ca0, 0x3001, 0x714c,
    0x2455, 0x39c1, 0x2600, 0x1f80, 0x0100, 0x0040, 0x08f2, 0xfc8f,
    0x6e01, 0x71cd, 0x08df, 0x8091, 0x0561, 0xff8f, 0x409f, 0x7114,
    0x056c, 0xff82, 0x0df6, 0xfecf, 0x1600, 0x7080, 0x8000, 0x0019,
    0x262f, 0xf007, 0xf408, 0xd80f, 0x0ece, 0x0100, 0xf004, 0x710c,
    0x0dda, 0xfecf, 0x20aa, 0x0104, 0x1e00, 0x7000, 0x8000, 0x0318,
    0x05e5, 0xff8f, 0x409f, 0xb8e4, 0x057e, 0xff82, 0xf1f4, 0x20aa,
    0x0104, 0xa500, 0x20aa, 0x0104, 0x1e00, 0x7000, 0x8000, 0x0324,
    0x063d, 0xff8f, 0x7dab, 0x20ca, 0x0322, 0x06a6, 0xff82, 0xd808,
    0x069f, 0xff8f, 0x1c34, 0x33c1, 0x0745, 0xff8f, 0x706f, 0x0773,
    0xff8f, 0x1600, 0x7080, 0x8000, 0x0025, 0x078d, 0xff8f, 0x4597,
    0x090f, 0x0006, 0xc20e, 0x2840, 0x0341, 0x7945, 0xb1a0, 0x7104,
    0x0089, 0xffcf, 0x4497, 0x081d, 0x03c6, 0xc108, 0x2f40, 0x1340,
    0x2005, 0x0f80, 0x9002, 0x017a, 0x9000, 0x7825, 0x7810, 0xc048,
    0x71e5, 0x0087, 0xffcf, 0x71c5, 0xe6a0, 0x0056, 0xffc2, 0x700c,
    0x00b1, 0xffcf, 0x4697, 0x0a0f, 0x0006, 0x2840, 0x0342, 0x7a65,
    0xb220, 0x7104, 0x00e5, 0xffcf, 0x2300, 0x0f80, 0x0000, 0x046c,
    0xb89f, 0x88a0, 0x6b11, 0x2000, 0x0f8e, 0x0000, 0x05b7, 0x2096,
    0x0dc2, 0x7daf, 0x232f, 0x1008, 0x7ed0, 0x700c, 0x2014, 0x0381,
    0xb99f, 0x89e0, 0x205f, 0x0d8a, 0x2556, 0x19c1, 0xc28f, 0x6159,
    0x7141, 0x1928, 0x83c2, 0x2014, 0x02cf, 0xbf9f, 0x8fe0, 0x1994,
    0x83c2, 0x6821, 0x710c, 0x09d9, 0x8091, 0x7164, 0x01a7, 0xffcf,
    0x700c, 0x780b, 0x7104, 0xf21c, 0x1600, 0x7081, 0x8000, 0x0040,
    0x262f, 0xf047, 0xf20b, 0x780f, 0x0e46, 0x0040, 0x09a6, 0xfc8f,
    0x1600, 0x7080, 0x8000, 0x0b66, 0x7104, 0x780f, 0x1e00, 0x7002,
    0x8000, 0x0b66, 0x08cf, 0x8094, 0x029f, 0xffcf, 0x1600, 0x7081,
    0x8000, 0x0025, 0xf1e6, 0x1600, 0x7080, 0x8000, 0x0b6a, 0x1600,
    0x7083, 0x8000, 0x0b6b, 0x780f, 0x7b6f, 0x7070, 0x02cc, 0xffcd,
    0x2000, 0x0f81, 0x0000, 0x0218, 0x7930, 0x6931, 0xb99f, 0x9180,
    0x2840, 0x0341, 0x7104, 0x71c3, 0x9002, 0x0146, 0xb180, 0xf1ef,
    0x1600, 0x7080, 0x8000, 0x0b6c, 0x1600, 0x7083, 0x8000, 0x0b6d,
    0x780f, 0x7b6f, 0x7070, 0x02a4, 0xffcd, 0x2000, 0x0f81, 0x0000,
    0x0218, 0x7930, 0x6931, 0xb99f, 0x9180, 0x2840, 0x0341, 0x7104,
    0x71c3, 0x9002, 0x0146, 0xb180, 0xf1ee, 0x7174, 0x0308, 0xffce,
    0x2205, 0x0f83, 0x9012, 0x1006, 0xb908, 0xb808, 0x7124, 0x7104,
    0xb320, 0x2205, 0x0f82, 0x9012, 0x1012, 0x02eb, 0xffcf, 0x1600,
    0x7100, 0x8000, 0x0010, 0x7810, 0x7114, 0x02f2, 0xffc1, 0x1600,
    0x700d, 0x8000, 0x040c, 0x1600, 0x700e, 0x8000, 0x041c, 0x1600,
    0x7083, 0x8000, 0x0040, 0x1600, 0x708c, 0x8000, 0x0025, 0x7b6f,
    0x7c8f, 0x7fbd, 0x704c, 0xeb22, 0x0a41, 0x03c4, 0x1600, 0x7100,
    0x8000, 0x043e, 0x0b1b, 0x00d1, 0x1600, 0x7101, 0x8000, 0x0442,
    0x222f, 0x1048, 0x220c, 0x9000, 0x21ca, 0x0005, 0x7830, 0x2a40,
    0x0301, 0x79c5, 0x6931, 0xb991, 0xb99c, 0xb99f, 0xb100, 0x7144,
    0x0dc7, 0x9085, 0x0287, 0xffcf, 0x1600, 0x7100, 0x8000, 0x043c,
    0x0cdf, 0x90d1, 0x1600, 0x7101, 0x8000, 0x0440, 0xf1e2, 0x1dc3,
    0x105d, 0x1600, 0x7080, 0x8000, 0x0403, 0x262f, 0xf007, 0x20ca,
    0x0f81, 0x9013, 0xe050, 0x70df, 0x9013, 0xe05a, 0x1800, 0x0045,
    0x409f, 0x7114, 0x0268, 0x0001, 0x1600, 0x7080, 0x8000, 0x0004,
    0xb8e7, 0x03f6, 0x0001, 0x40c3, 0x8000, 0x0dc8, 0x1e00, 0x7000,
    0x8000, 0x0414, 0x45cb, 0x8000, 0x0418, 0xa500, 0xda08, 0x41c3,
    0x8000, 0x04a4, 0xc094, 0x0bde, 0xfb0f, 0xda16, 0x41c3, 0x8000,
    0x04d8, 0x1c48, 0x3045, 0x2455, 0x3840, 0x0bca, 0xfb0f, 0xda1c,
    0x41c3, 0x8000, 0x04ee, 0x2455, 0x39c0, 0x0bba, 0xfb0f, 0xda0c,
    0x41c3, 0x8000, 0x04ac, 0xc096, 0x0baa, 0xfb0f, 0xda0e, 0x41c3,
    0x8000, 0x04b8, 0xc099, 0x0b9e, 0xfb0f, 0x40a5, 0x70cd, 0x781d,
    0x1e00, 0x7004, 0x8000, 0x0108, 0x1600, 0x7100, 0x8000, 0x00f2,
    0xc043, 0x1c4c, 0x3001, 0xda10, 0x702c, 0xc09d, 0x0b66, 0xfb0f,
    0xeea9, 0xc094, 0x1c10, 0x3081, 0xc05d, 0x1c14, 0x3281, 0xc092,
    0xc05e, 0x2600, 0x1f80, 0xe000, 0x0126, 0x6812, 0xc04b, 0x70ad,
    0x2556, 0x19c0, 0xc18f, 0x6038, 0x2059, 0x0940, 0x8800, 0xc04a,
    0x2545, 0x1080, 0x0855, 0x00d0, 0x1c18, 0x3041, 0x706f, 0xc00a,
    0x230c, 0xb000, 0x00fe, 0x0006, 0x202f, 0x06c8, 0x70ed, 0xc04e,
    0xf074, 0x0e2b, 0x1051, 0x2455, 0x39c0, 0xc05d, 0x2455, 0x3840,
    0xc05f, 0xc096, 0x1c80, 0x3000, 0x1600, 0x7000, 0x8000, 0x040c,
    0x1c14, 0x3241, 0xb8c7, 0xc044, 0xf1cd, 0xc099, 0x1c10, 0x3041,
    0xc05d, 0x1c14, 0x3041, 0xf1c7, 0x448f, 0xc046, 0xf1d8, 0xc00b,
    0xc10e, 0x4004, 0xc048, 0x2f40, 0x1300, 0xc04c, 0x2400, 0x3f80,
    0x0000, 0x0174, 0x78b5, 0x1000, 0x8000, 0x7834, 0xc04d, 0x4497,
    0xc049, 0xc00d, 0x9060, 0xc008, 0x7b05, 0xc00c, 0x7b05, 0x6b11,
    0x204f, 0x0701, 0xb99f, 0x9120, 0x7930, 0x0d1b, 0x1095, 0xc008,
    0xb8e0, 0x723c, 0x24ca, 0x10a2, 0x79c0, 0xf40b, 0x718d, 0x704c,
    0xf007, 0x7204, 0xb89c, 0xb89f, 0x9040, 0x738d, 0x7a50, 0x1600,
    0x7100, 0x8000, 0x00f2, 0x262f, 0xf008, 0xf410, 0x1600, 0x7100,
    0x8000, 0x00e8, 0x262f, 0xf008, 0xf408, 0x1600, 0x7100, 0x8000,
    0x00ea, 0x262f, 0xf008, 0xf20c, 0x409f, 0xc440, 0x6812, 0xbbd2,
    0x7810, 0x0ad6, 0x0040, 0x409f, 0x7104, 0xc043, 0xc009, 0x2080,
    0x8fff, 0xc049, 0xf5bf, 0x71e5, 0x4487, 0x0f57, 0x9004, 0x7167,
    0xf17f, 0x71a5, 0x74b5, 0xf56e, 0x71c5, 0x73d5, 0xf553, 0x1600,
    0x7100, 0x8000, 0x00f2, 0x419f, 0x4910, 0x1e00, 0x7004, 0x9018,
    0x021e, 0x1600, 0x7000, 0x8000, 0x0418, 0x781d, 0x1e00, 0x7004,
    0x8000, 0x010c, 0x1600, 0x7101, 0x8000, 0x00f0, 0x1c4a, 0x3044,
    0x1600, 0x7101, 0x8000, 0x0108, 0x7822, 0x1e00, 0x7004, 0x8000,
    0x010a, 0x1c0c, 0x3001, 0x1600, 0x7080, 0x8000, 0x0025, 0x780f,
    0x08b3, 0x0011, 0x409f, 0x1c0c, 0x3041, 0x7104, 0x089d, 0x0091,
    0x1600, 0x7000, 0x8000, 0x0418, 0x1600, 0x7101, 0x8000, 0x010c,
    0x781d, 0x7822, 0x1e00, 0x7004, 0x8000, 0x010e, 0x0d12, 0xfbcf,
    0x449f, 0x1446, 0x3101, 0x2005, 0x0f80, 0x9005, 0xe012, 0xb020,
    0x700c, 0x2000, 0x0f81, 0x8000, 0x0037, 0x8920, 0x7104, 0x08f7,
    0x8211, 0x700c, 0x2000, 0x0f81, 0x8000, 0x0052, 0x8920, 0x7104,
    0x08f5, 0x8211, 0x1e00, 0x7045, 0x9004, 0x0238, 0x1e00, 0x7005,
    0x9004, 0x0238, 0x1e00, 0x71c5, 0x9018, 0x0064, 0x1e00, 0x7005,
    0x9018, 0x0066, 0x0dda, 0xfb0f, 0x20aa, 0x0104, 0x1e00, 0x7000,
    0x8000, 0x0330, 0x700c, 0x2495, 0x3741, 0xc5c1, 0xc6c1, 0xc7c1,
    0x1404, 0x341b, 0xc0d1, 0x7ee0, 0x1600, 0x7080, 0x8000, 0x0040,
    0xf1a7, 0x419f, 0x70ad, 0xe174, 0x6931, 0xb99f, 0x9120, 0x419f,
    0x706f, 0x7838, 0xc044, 0x1600, 0x7080, 0x8000, 0x0409, 0x780f,
    0xc045, 0x448f, 0x0d31, 0x9003, 0x70ed, 0x2500, 0x1f80, 0x0000,
    0x046c, 0xb89f, 0x88c0, 0x4487, 0x7ecf, 0x2094, 0x0dd6, 0x60f8,
    0x78b5, 0xb89f, 0x8820, 0x792f, 0x0b0b, 0x3010, 0xe68c, 0x21cf,
    0x01e1, 0x710c, 0x78f8, 0x2840, 0x0382, 0x6813, 0x2044, 0x0400,
    0x1c82, 0x3004, 0x1c7a, 0x3004, 0x6e17, 0x7845, 0x2045, 0x0600,
    0xb886, 0x1c76, 0x3005, 0x1c74, 0x3004, 0x1c78, 0x3005, 0x6917,
    0x1c7e, 0x3005, 0x2004, 0x0f80, 0x0000, 0x3f80, 0x793d, 0x1c80,
    0x3005, 0x216c, 0x0141, 0x7825, 0x7845, 0xb883, 0x1c7c, 0x3004,
    0x0b2b, 0x3010, 0x0e27, 0x1311, 0x1600, 0x7080, 0x8000, 0x001c,
    0x4587, 0x780f, 0x783a, 0x0817, 0x03c7, 0x1c74, 0x3001, 0x1c78,
    0x3001, 0x1c7c, 0x3001, 0x1c80, 0x3001, 0xc293, 0x2454, 0x3941,
    0xc09d, 0x0fae, 0xfacf, 0xef1f, 0x448f, 0x7704, 0x0825, 0x0340,
    0x1c74, 0x3001, 0x1c78, 0x3f80, 0x1b00, 0x0000, 0x1c7c, 0x3001,
    0x1c80, 0x3001, 0xc293, 0x2454, 0x3941, 0xc09d, 0x0f82, 0xfacf,
    0x0b0f, 0x3011, 0xe68c, 0x25c2, 0x1061, 0x23ca, 0x3061, 0x71a5,
    0xf189, 0x71ed, 0xf18b, 0x2044, 0x0c00, 0xe0a0, 0x20ca, 0x0021,
    0xf204, 0xe090, 0xf52c, 0x710c, 0x0e6e, 0xfd0f, 0xf128, 0x78e0,
    0xea1a, 0x708d, 0x8860, 0x8841, 0x7185, 0xba08, 0x7a65, 0x8862,
    0xbb10, 0x7b45, 0x8843, 0x7604, 0xba18, 0x7a65, 0x6a51, 0xba9c,
    0xba9f, 0x9240, 0x18fe, 0x8082, 0xba28, 0x18ff, 0x8082, 0x0cd9,
    0x9044, 0x7ee0, 0xc5e1, 0x8880, 0x8861, 0x88a4, 0xbb08, 0x7b85,
    0x8882, 0x7144, 0xbc10, 0x7c65, 0x8863, 0xbb18, 0x7b85, 0x8885,
    0x6b71, 0xbc08, 0x2305, 0x0f83, 0x9001, 0xe000, 0x7ca5, 0xb380,
    0x7604, 0x0ad7, 0x8044, 0xc5c1, 0x7ee0, 0x78e0, 0xc7e1, 0xc6e1,
    0xc5e1, 0x1600, 0x708e, 0x8000, 0x0b67, 0x7114, 0x7ecf, 0x74df,
    0x0000, 0x0b6a, 0x6e72, 0xf41a, 0x1600, 0x7082, 0x8000, 0x0040,
    0x262f, 0xf087, 0x74df, 0x0000, 0x0b6c, 0xf410, 0x2300, 0x0f80,
    0x0000, 0x043c, 0xb89f, 0x9000, 0x2394, 0x07c8, 0xbb9f, 0xb300,
    0xc5c1, 0xc6c1, 0xc7c1, 0x7ee0, 0x244f, 0x17c2, 0x7185, 0x8aa0,
    0xbc9f, 0x8c40, 0x7daf, 0x7a4f, 0x72b1, 0x22ca, 0x0f85, 0xffff,
    0xffff, 0xf794, 0x1600, 0x700c, 0x8000, 0x041c, 0x7aa2, 0xe420,
    0x64dc, 0x6932, 0x2d40, 0x130e, 0x2147, 0x0101, 0x70ed, 0x6199,
    0x6a81, 0x774c, 0x0f4f, 0x1304, 0x1600, 0x7081, 0x8000, 0x0008,
    0x1600, 0x708c, 0x8000, 0x0110, 0x792f, 0x7c8d, 0x7234, 0x7285,
    0x25ca, 0x1f81, 0x0000, 0x00ff, 0x21ca, 0x0221, 0x75df, 0x0000,
    0x01ff, 0x21ca, 0x0262, 0x2395, 0x03c4, 0x2a02, 0x0041, 0x2314,
    0x0000, 0x6199, 0x7aa4, 0xb89f, 0x2279, 0x0002, 0x623a, 0xb040,
    0xf1b8, 0x2605, 0x104d, 0x6db1, 0xbd91, 0xbd9c, 0xbd9f, 0x95a0,
    0x2696, 0x1008, 0x7db0, 0x71e5, 0x2208, 0x0342, 0xf1cc, 0x78e0,
    0xc7e1, 0xc6e1, 0xc5e1, 0x1800, 0x0001, 0x1804, 0x0005, 0x180c,
    0x0001, 0x2242, 0x004a, 0xc403, 0xc504, 0xc605, 0x224c, 0x9b80,
    0x014e, 0x000d, 0x26f4, 0x728a, 0x0000, 0xaafe, 0x2b41, 0x020f,
    0x2200, 0x1f8a, 0x0000, 0xaafe, 0xbfc6, 0x2020, 0x0280, 0x005e,
    0x008a, 0x00b6, 0x00e2, 0x0100, 0x0110, 0x0128, 0x0154, 0x0130,
    0x015e, 0x0166, 0x0174, 0x0130, 0x017c, 0x0182, 0x018a, 0x015e,
    0x0130, 0x0130, 0x0130, 0x0130, 0x0130, 0x0130, 0x0130, 0x0194,
    0x01a6, 0x0154, 0x01ae, 0x01d8, 0x01de, 0x01e4, 0x01ee, 0x0184,
    0x01f2, 0x01f6, 0x0202, 0x020a, 0x01ee, 0x0128, 0x0216, 0x0222,
    0x022a, 0x0232, 0x023a, 0x023e, 0x0244, 0x0256, 0x2c40, 0x108a,
    0x2284, 0x1001, 0x6bf3, 0xbcc3, 0x2405, 0x128c, 0x2744, 0x1c0a,
    0x2405, 0x128c, 0xb084, 0x7b7d, 0x2744, 0x120f, 0x2344, 0x0703,
    0x7be5, 0xbb80, 0xb063, 0xf055, 0x2c40, 0x108a, 0x2284, 0x1001,
    0x6bf3, 0xbcc3, 0x7b7d, 0x2405, 0x128c, 0x2344, 0x0603, 0x2744,
    0x1c0a, 0x2744, 0x120f, 0x2405, 0x128c, 0x7be5, 0xb084, 0x2345,
    0x0143, 0xf1ea, 0x2c40, 0x108a, 0x2284, 0x1001, 0x6bf3, 0xbcc3,
    0x7b7d, 0x2405, 0x128c, 0x2344, 0x0603, 0x2744, 0x1c0a, 0x2744,
    0x120f, 0x2405, 0x128c, 0x7be5, 0xb084, 0x2345, 0x0183, 0xf1d4,
    0x6cf2, 0x2784, 0x1001, 0xbcc3, 0x7ce5, 0x6bf3, 0x7b7d, 0x2744,
    0x1c0f, 0x2344, 0x0603, 0x7ce5, 0xbb82, 0xb084, 0xf1c4, 0xbcc6,
    0xbb23, 0xb084, 0x2384, 0x0c01, 0x2345, 0x0303, 0xf1bc, 0xee0a,
    0x2353, 0x018c, 0x7b7d, 0xb084, 0x2384, 0x0001, 0xbb83, 0xf1b4,
    0xb084, 0xdb58, 0xf1b0, 0x1808, 0x0005, 0x1806, 0x0005, 0xb9f0,
    0xf49c, 0x0a0b, 0x0a11, 0x7ecb, 0xf498, 0x2544, 0x10c3, 0xb065,
    0xb9f4, 0xf296, 0x180e, 0x0345, 0xb9f3, 0xf2bc, 0x9067, 0xbb8c,
    0xf0b7, 0xdb78, 0xb063, 0xbcc3, 0xb084, 0xf1eb, 0xdb38, 0xbcc2,
    0xb063, 0xf1fc, 0xdc68, 0x6b75, 0xb083, 0x2384, 0x0801, 0xb064,
    0xf1df, 0x1808, 0x0005, 0xdb28, 0xf186, 0xeecc, 0xb0e4, 0xf1d3,
    0xb084, 0x1806, 0x0605, 0xf1d5, 0xdb38, 0xb063, 0xbcc2, 0xbc86,
    0xf1e4, 0x2353, 0x018c, 0x7b7d, 0xb084, 0x2384, 0x0001, 0x2345,
    0x0c03, 0xf172, 0xdb78, 0xbcc3, 0xb063, 0xf1f3, 0x2c40, 0x108a,
    0x2284, 0x1001, 0x6bf3, 0xbcc3, 0x7b7d, 0x2405, 0x128c, 0x2344,
    0x0703, 0x2744, 0x1c0a, 0x2744, 0x120f, 0x2405, 0x128c, 0x7be5,
    0xb084, 0xbb81, 0xf158, 0xdb58, 0xb064, 0xf156, 0xb0e4, 0xb0e3,
    0xf1a7, 0x7b7d, 0x2384, 0x0001, 0xbb83, 0xf1f8, 0xbbc6, 0xf1f6,
    0xb0e4, 0xf19f, 0xbb23, 0x2384, 0x0c01, 0x2345, 0x0303, 0xf1ee,
    0xbcc6, 0xb084, 0xb083, 0xf195, 0x7b7d, 0x2384, 0x0001, 0x2345,
    0x0c03, 0xf1e4, 0x2647, 0x1043, 0x1808, 0x0005, 0x6b76, 0xf134,
    0x1808, 0x0005, 0xdb60, 0xf130, 0x1808, 0x0005, 0xdb20, 0xf12c,
    0x1808, 0x0005, 0xdb50, 0xf128, 0xdb38, 0xf1d0, 0xbcc2, 0xbc86,
    0xf1e1, 0x6b93, 0x7b7d, 0x2444, 0x120c, 0x2344, 0x0703, 0x7b85,
    0xbb80, 0xf1c4, 0x6cf2, 0x6b73, 0x2784, 0x1001, 0xbcc3, 0x2344,
    0x0c03, 0x7ce5, 0x7b85, 0xf1ba, 0x706c, 0xf16b, 0xb9f5, 0x23ca,
    0x0f82, 0x0000, 0x00d0, 0xf411, 0xb9f6, 0xf207, 0x180e, 0x0f84,
    0x0000, 0x0d00, 0xf162, 0xb9f7, 0xf204, 0x180e, 0x0205, 0xf15e,
    0xb9f8, 0xf205, 0xdb80, 0xb067, 0xf158, 0xb9f9, 0x23ca, 0x0f82,
    0x0000, 0x0400, 0xf5f9, 0xb9fa, 0x23ca, 0x0f82, 0x0000, 0x0100,
    0xf407, 0xb9fb, 0x23ca, 0x0f82, 0x0000, 0x0200, 0xf346, 0xb067,
    0x2242, 0x00c3, 0x0b09, 0x0094, 0x0a37, 0x0a51, 0x180c, 0x0105,
    0x744c, 0xb9f2, 0xf204, 0x2245, 0x00c2, 0xb046, 0x2941, 0x03c2,
    0xbac0, 0xb042, 0x2184, 0x0001, 0x2544, 0x108d, 0x2105, 0x837e,
    0xf203, 0x1800, 0x0045, 0xc5c1, 0xc6c1, 0xc7c1, 0x7ee0, 0x7744,
    0x7154, 0x22ca, 0x002d, 0xf727, 0xb9e3, 0xf209, 0x2144, 0x0302,
    0xe28c, 0x7ac0, 0xf404, 0x714c, 0xf1dd, 0x724c, 0xb046, 0xf1db,
    0x1e00, 0x7001, 0x8000, 0x0dac, 0x1e00, 0x7001, 0x8000, 0x0db0,
    0x1e00, 0x7001, 0x8000, 0x0db4, 0x1e00, 0x7001, 0x8000, 0x0db8,
    0x7ee0, 0x78e0, 0xc0f1, 0xc5e1, 0x41c3, 0x8000, 0x0458, 0x4508,
    0x9100, 0xbdeb, 0xf21e, 0x42c3, 0x8000, 0x0dc0, 0x9200, 0xb880,
    0xb200, 0x8900, 0x204b, 0x81c0, 0xf211, 0x1e00, 0x7001, 0x8000,
    0x0db8, 0x1e00, 0x7001, 0x8000, 0x0db4, 0x1e00, 0x7001, 0x8000,
    0x0db0, 0x1e00, 0x7001, 0x8000, 0x0dac, 0x0b5e, 0xfd0f, 0xf008,
    0x9120, 0x214b, 0x81c0, 0x20d3, 0x03e2, 0xf3f9, 0xbde7, 0xf21d,
    0x1600, 0x7080, 0x8000, 0x0458, 0x204b, 0x81c0, 0xf211, 0x1e00,
    0x7001, 0x8000, 0x0db8, 0x1e00, 0x7001, 0x8000, 0x0db4, 0x1e00,
    0x7001, 0x8000, 0x0db0, 0x1e00, 0x7001, 0x8000, 0x0dac, 0xc5c1,
    0xc0d1, 0x0315, 0xfd0f, 0xc5c1, 0xc0d1, 0x7ee0, 0xc0f1, 0xc5e1,
    0xd908, 0x4508, 0x40c3, 0x0000, 0x3a98, 0x0b7e, 0xfacf, 0x8d74,
    0x1600, 0x7000, 0x8000, 0x0a68, 0x8d21, 0x2344, 0x00c2, 0x2344,
    0x0303, 0x6811, 0xb923, 0xb9c0, 0x7965, 0x2005, 0x0f83, 0x9004,
    0x002a, 0xb320, 0x2278, 0x0002, 0x2005, 0x0f81, 0x9003, 0xe016,
    0x6a71, 0x2005, 0x0f80, 0x9003, 0xe00a, 0xb160, 0xb040, 0xd908,
    0x40c3, 0x0003, 0x0d40, 0xc5c1, 0xc0d1, 0x032d, 0xfacf, 0x78e0,
    0x714c, 0x762c, 0x700c, 0x04e1, 0xfc8f, 0x78e0, 0x7910, 0x6931,
    0x2100, 0x0f82, 0x8000, 0x0bc0, 0x8a40, 0x70c3, 0x8000, 0x0a00,
    0x18a4, 0x8082, 0x2100, 0x0f82, 0x8000, 0x0c2c, 0x8a40, 0x18da,
    0x8082, 0x2100, 0x0f82, 0x8000, 0x0c98, 0x8a40, 0x71c3, 0x8000,
    0x0d04, 0xa850, 0x8920, 0x1846, 0x0042, 0x7ee0, 0xc7e1, 0xc6e1,
    0xc5e1, 0xc706, 0xc403, 0xc604, 0xc505, 0x2715, 0x1000, 0x0933,
    0x0085, 0x1601, 0x1081, 0x9081, 0x1600, 0x1082, 0x9065, 0x6a57,
    0x623a, 0x1500, 0x1081, 0x1501, 0x108d, 0xb091, 0xb075, 0x6937,
    0x61b9, 0xb050, 0xb034, 0xc5c1, 0xc6c1, 0xc7c1, 0x7ee0, 0x1300,
    0x0081, 0x1301, 0x0082, 0x90c9, 0x6937, 0x1401, 0x1083, 0x90ad,
    0x623a, 0x1400, 0x1081, 0xb0d1, 0x6937, 0xb0b5, 0x6179, 0xf1eb,
    0xc0f1, 0xc7e1, 0xc6e1, 0xc5e1, 0x4508, 0x4628, 0x4748, 0x0f22,
    0xfb0f, 0x0825, 0x0091, 0xed89, 0x7feb, 0x70df, 0x0000, 0x0051,
    0xf40e, 0xd84f, 0xf00c, 0x7feb, 0x70df, 0x0000, 0x0050, 0xf408,
    0xd84e, 0xf006, 0x0813, 0x0051, 0x78b3, 0xe051, 0xc5c1, 0xc6c1,
    0xc7c1, 0xc0d1, 0x7ee0, 0xe885, 0x78b3, 0xe04f, 0xf1f8, 0xed84,
    0x7ecb, 0xf1e5, 0x7ecb, 0xf1ea, 0xc7e1, 0xc6e1, 0xc5e1, 0x1600,
    0x7102, 0x8000, 0x045e, 0xe188, 0x7a50, 0xdd10, 0x6a71, 0x25ca,
    0x1221, 0xbb8d, 0x708d, 0xbb93, 0x90e0, 0x234f, 0x070e, 0xbe9f,
    0xb6e0, 0x7185, 0x7204, 0x7264, 0x0cf1, 0x9344, 0x623a, 0x1e00,
    0x7084, 0x8000, 0x0458, 0x1e00, 0x7084, 0x8000, 0x045e, 0xc5c1,
    0xc6c1, 0xc7c1, 0x7ee0, 0x78e0, 0xc0f1, 0xc6e1, 0xc5e1, 0x4608,
    0x4528, 0x0a92, 0xfc0f, 0xe891, 0x1600, 0x7081, 0x8000, 0x0b6b,
    0x1600, 0x7080, 0x8000, 0x001c, 0x2614, 0x1041, 0x780f, 0x7839,
    0xb8c0, 0x203c, 0x0340, 0xc5c1, 0xc6c1, 0xc0d1, 0x7ee0, 0x78e0,
    0xc0f1, 0xc7e1, 0xc6e1, 0xc5e1, 0x2945, 0x018f, 0x4508, 0x70cd,
    0x8d00, 0x8d21, 0x8d43, 0xb908, 0x7905, 0x8d02, 0xba18, 0xb810,
    0x7825, 0x8d24, 0x7a05, 0x8d05, 0x7754, 0xb808, 0x7825, 0xf40d,
    0x08d2, 0xfacf, 0x71c5, 0x76a5, 0x0ed9, 0x93c4, 0xc5c1, 0xc6c1,
    0xc7c1, 0xc0d1, 0x7ee0, 0x6a51, 0xba9c, 0xba9f, 0xb200, 0xf1f4,
    0xc5e1, 0xc501, 0x2840, 0x024c, 0x2405, 0x1f8c, 0x900e, 0x0048,
    0xb420, 0xb441, 0xb422, 0xb443, 0xb464, 0xb4a5, 0xb466, 0xb4a7,
    0xe08f, 0x41c3, 0x900e, 0x00ca, 0x20ca, 0x0f81, 0x0000, 0x01ff,
    0xf204, 0x9140, 0x220f, 0x0000, 0xb100, 0xc5c1, 0x7ee0, 0x78e0,
    0xc6e1, 0xc5e1, 0x1e00, 0x7005, 0x9003, 0xff6a, 0x1600, 0x708d,
    0x8000, 0x0b69, 0x1600, 0x7081, 0x8000, 0x0b68, 0x7daf, 0x792f,
    0x0d0b, 0x1045, 0xc5c1, 0xc6c1, 0x7ee0, 0xe98f, 0x1e00, 0x7045,
    0x0000, 0x1f6a, 0x208c, 0x8fc3, 0xf405, 0x1e00, 0x7005, 0x9003,
    0xf16a, 0x7124, 0xf1ed, 0x2940, 0x034e, 0x4300, 0x708d, 0xbbe0,
    0xf20a, 0x2c40, 0x1242, 0x7ac5, 0x2205, 0x0f82, 0x9002, 0x016a,
    0x1a00, 0x0045, 0x7185, 0x0cdf, 0x9250, 0x2b41, 0x8043, 0xf5f1,
    0xf1e9, 0x78e0, 0xc5e1, 0x6811, 0x2005, 0x0f80, 0x9014, 0x0000,
    0xb020, 0xb041, 0xc401, 0xb062, 0x2b41, 0x040d, 0x6c93, 0x7ca5,
    0xb083, 0x45cb, 0x8000, 0x0418, 0x40a5, 0xb020, 0xb041, 0xb062,
    0xb083, 0x4818, 0xa500, 0xc5c1, 0x7ee0, 0x78e0, 0x1600, 0x7081,
    0x8000, 0x0025, 0x44cb, 0x8000, 0x0040, 0x8c40, 0x08c9, 0x0091,
    0x1e00, 0x7005, 0x9004, 0x00e4, 0x1600, 0x7101, 0x8000, 0x0b6c,
    0x7a4f, 0x1e00, 0x7084, 0x9004, 0x00e6, 0x1e00, 0x7005, 0x9004,
    0x00fc, 0x1e00, 0x7044, 0x8000, 0x0b68, 0x1e00, 0x73c5, 0x9004,
    0x00f4, 0x1600, 0x7101, 0x8000, 0x0010, 0x7930, 0x7134, 0x7ce0,
    0xc0f1, 0x1600, 0x7081, 0x8000, 0x0b67, 0x1600, 0x7082, 0x8000,
    0x0040, 0x792f, 0x6932, 0x71c3, 0x8000, 0x043c, 0x08e5, 0x00d1,
    0x9100, 0x262f, 0xf087, 0xf208, 0x9121, 0x7a30, 0x7210, 0x21ca,
    0x0005, 0x4020, 0x1600, 0x7003, 0x8000, 0x041c, 0x780d, 0x6b31,
    0x2105, 0x0f81, 0x9004, 0x001a, 0xb100, 0x1600, 0x700c, 0x8000,
    0x040c, 0x704c, 0x2a40, 0x0301, 0x7965, 0x6931, 0xb991, 0xb99c,
    0xb99f, 0xb100, 0x7144, 0x0cf1, 0x9085, 0x1e00, 0x7045, 0x9005,
    0xe140, 0xd820, 0x0efe, 0xfa8f, 0x1e00, 0x7005, 0x9005, 0xe140,
    0xc0d1, 0x7ee0, 0x792f, 0x43c3, 0x9004, 0x00e4, 0x0833, 0x0051,
    0xb320, 0x1600, 0x7101, 0x8000, 0x0b6a, 0x1e00, 0x7005, 0x9004,
    0x00e6, 0x1e00, 0x7005, 0x9004, 0x00fc, 0x1e00, 0x7044, 0x8000,
    0x0b68, 0xd9f0, 0x1e00, 0x7044, 0x9004, 0x00f4, 0xf19b, 0x8c40,
    0xb320, 0x7a4f, 0x1e00, 0x7084, 0x9004, 0x00e6, 0x1e00, 0x7005,
    0x9004, 0x00fc, 0x42c3, 0x9004, 0x00f4, 0x9220, 0x2146, 0x0441,
    0xb220, 0x41c3, 0x8000, 0x0b68, 0x8942, 0xa940, 0x8925, 0x1e00,
    0x7005, 0x9004, 0x00f4, 0x1e00, 0x7042, 0x8000, 0x0b69, 0xf17b,
    0xb8a0, 0x6038, 0x8800, 0xf198, 0xc5e1, 0x1600, 0x7003, 0x8000,
    0x041c, 0x780b, 0x44cb, 0x8000, 0x0103, 0x40c3, 0x8000, 0x0104,
    0x8c40, 0x8820, 0x6b71, 0x21ce, 0x0082, 0xf404, 0x7942, 0x8c41,
    0x2305, 0x0f80, 0x9004, 0x0058, 0x9060, 0x2304, 0x0f83, 0x0000,
    0x3f00, 0x7b45, 0xb060, 0x9061, 0x2304, 0x0f83, 0x0000, 0x3f00,
    0x7b45, 0xb061, 0x9064, 0x2304, 0x0f83, 0x0000, 0x3f00, 0x7a65,
    0xb044, 0x90ad, 0x908f, 0x61ba, 0x9070, 0x2504, 0x1f8d, 0x0000,
    0x3f00, 0xbac5, 0x7aa5, 0xb04d, 0xb04e, 0x619a, 0x2404, 0x1f8c,
    0x0000, 0x3f00, 0xbac5, 0x7a85, 0xb04f, 0x6179, 0x2304, 0x0f83,
    0x0000, 0x3f00, 0xb9c5, 0x7965, 0xb030, 0xc5c1, 0x7ee0, 0x78e0,
    0x2843, 0x06c1, 0x8900, 0xb8e6, 0xf206, 0x8907, 0x8928, 0xb823,
    0xb8c0, 0x7ee0, 0x700c, 0x7ee0, 0xc0f1, 0x1cfc, 0xb6c8, 0xc7e1,
    0xc6e1, 0xc5e1, 0xc1a8, 0x4508, 0xc00d, 0xc143, 0xc045, 0xc00e,
    0xc344, 0xc046, 0xc00f, 0x4648, 0xc047, 0x1600, 0x7080, 0x8000,
    0x046b, 0x7f0f, 0x409f, 0x08a3, 0x0191, 0x0f9f, 0x1010, 0x448f,
    0x42c3, 0x8000, 0x0458, 0x92e0, 0x1e00, 0x7004, 0x8000, 0x0d78,
    0xd858, 0x1e00, 0x7004, 0x8000, 0x0d76, 0x4497, 0x4587, 0xb8c1,
    0x1e00, 0x7004, 0x8000, 0x0d8a, 0x1e00, 0x7004, 0x8000, 0x0d7a,
    0xb9c6, 0x1e00, 0x7044, 0x8000, 0x0d88, 0x791d, 0x1e00, 0x7044,
    0x8000, 0x0d80, 0x40c3, 0x8000, 0x0d70, 0xb020, 0x4587, 0x793d,
    0x2184, 0x0001, 0xb983, 0x1e00, 0x7044, 0x8000, 0x0d86, 0x4f98,
    0xb220, 0x0eaa, 0xfa8f, 0x1600, 0x7082, 0x8000, 0x045a, 0x274b,
    0x91c0, 0x7a4f, 0xf403, 0x2800, 0x0082, 0x41a1, 0x4e50, 0x0f16,
    0xfc4f, 0x40a1, 0xc0a8, 0xc5c1, 0xc6c1, 0xc7c1, 0x1404, 0x341b,
    0xc0d1, 0x0165, 0xffcf, 0x1600, 0x7080, 0x8000, 0x0468, 0x780f,
    0x082f, 0x0051, 0x409f, 0x086e, 0xfbcf, 0x1600, 0x7081, 0x8000,
    0x0460, 0x7114, 0x792f, 0x20ca, 0x0f81, 0x0000, 0x00f0, 0x20ca,
    0x0c22, 0xb924, 0x6038, 0x1e00, 0x7002, 0x8000, 0x0460, 0x1600,
    0x711b, 0x8000, 0x0458, 0x459f, 0x2344, 0x31c0, 0x09f1, 0x0010,
    0x7feb, 0x26c0, 0x1061, 0x081b, 0x0111, 0x2355, 0x3040, 0x1e00,
    0x7004, 0x8000, 0x0458, 0x08de, 0xffcf, 0x0d6e, 0xfc4f, 0x40c3,
    0x8000, 0x045b, 0x8820, 0x262f, 0xf047, 0xf407, 0x1600, 0x7081,
    0x8000, 0x045c, 0xa820, 0x4497, 0x4787, 0xc041, 0x448f, 0x429f,
    0xc040, 0x1c08, 0x3001, 0x41a1, 0x40c3, 0x8000, 0x0d9c, 0x0d46,
    0xff8f, 0x409f, 0x0fde, 0xfb8f, 0x084d, 0x0050, 0x0896, 0xffcf,
    0x449f, 0x47cb, 0x8000, 0x0458, 0x1e00, 0x7004, 0x8000, 0x0dbe,
    0x43db, 0x8000, 0x045a, 0x1300, 0x3081, 0x9700, 0x792f, 0x4818,
    0xb700, 0x2617, 0x104e, 0x0e3f, 0x1053, 0x1e00, 0x70c5, 0x8000,
    0x0dc0, 0x1600, 0x7080, 0x8000, 0x045c, 0x1e00, 0x7002, 0x8000,
    0x045b, 0xf181, 0x4497, 0x4787, 0xc041, 0x448f, 0x429f, 0xc040,
    0x1c08, 0x3041, 0x41a1, 0x40c3, 0x8000, 0x0dac, 0x0cd6, 0xff8f,
    0xf1d0, 0x1e00, 0x7085, 0x8000, 0x0dc0, 0x0cbe, 0xfc4f, 0x1300,
    0x3081, 0x9700, 0x792f, 0x663e, 0x77c5, 0x2e05, 0x1041, 0x704c,
    0x7810, 0xbd8b, 0x0d06, 0xfc4f, 0xb700, 0xf1d5, 0x08db, 0x0111,
    0x1600, 0x7080, 0x8000, 0x045b, 0x1600, 0x7081, 0x8000, 0x045c,
    0x780f, 0x792f, 0x09ad, 0x0001, 0x1600, 0x7100, 0x8000, 0x0dc0,
    0x262f, 0xf008, 0xf44e, 0x409f, 0x0f1a, 0xfb8f, 0xc047, 0x4497,
    0x4787, 0xc041, 0x448f, 0x429f, 0xc040, 0x1c08, 0x3001, 0x40c3,
    0x8000, 0x0dac, 0x41a1, 0x0c5e, 0xff8f, 0x2355, 0x3040, 0x43db,
    0x8000, 0x0458, 0x1b00, 0x3004, 0x449f, 0x7feb, 0x47cb, 0x8000,
    0x045a, 0x26c0, 0x1061, 0xe822, 0x0c2e, 0xfc4f, 0x8f00, 0x429f,
    0x780f, 0xc047, 0x4497, 0x4787, 0xc041, 0x448f, 0x1c08, 0x3041,
    0xc040, 0x41a1, 0x40c3, 0x8000, 0x0d9c, 0x0c1a, 0xff8f, 0x1300,
    0x3100, 0x41a1, 0x7404, 0x1b00, 0x3004, 0x8f40, 0x449f, 0x7a4f,
    0x4e10, 0x7842, 0x060b, 0xffcf, 0x8f00, 0x780f, 0x7e02, 0x70d5,
    0x0602, 0xffcc, 0x0be2, 0xfc4f, 0x41a1, 0x40c1, 0x05f3, 0xffcf,
    0x7467, 0x1e00, 0x76c4, 0x8000, 0x0458, 0x0f3a, 0xff8f, 0x0bca,
    0xfc4f, 0x054b, 0xffcf, 0x089d, 0x0011, 0x40c3, 0x8000, 0x045b,
    0x8820, 0x262f, 0xf047, 0xf407, 0x1600, 0x7081, 0x8000, 0x045c,
    0xa820, 0x4497, 0x4787, 0xc041, 0x448f, 0x429f, 0xc040, 0x1c08,
    0x3001, 0x41a1, 0x40c3, 0x8000, 0x0d9c, 0x0b9a, 0xff8f, 0x7feb,
    0x47cb, 0x8000, 0x0458, 0x9700, 0x43db, 0x8000, 0x045a, 0x7404,
    0xb700, 0x1300, 0x3080, 0x26c0, 0x1061, 0x780f, 0x7e02, 0x409f,
    0x0e12, 0xfb8f, 0x0833, 0x0051, 0x4497, 0x4787, 0xc041, 0x448f,
    0x429f, 0xc040, 0x1c08, 0x3041, 0x41a1, 0x40c3, 0x8000, 0x0dac,
    0x0b52, 0xff8f, 0x9700, 0x7404, 0xb700, 0x0a6e, 0xfccf, 0x1300,
    0x3080, 0x780f, 0x7e02, 0x41a1, 0x40c1, 0x0c5a, 0xfc4f, 0xf11b,
    0x700c, 0xc0a8, 0xc5c1, 0xc6c1, 0xc7c1, 0x1404, 0x341b, 0xc0d1,
    0x7ee0, 0x78e0, 0xc0f1, 0x1cfc, 0xb6c8, 0xc7e1, 0xc6e1, 0xc5e1,
    0xc1a3, 0x4608, 0x4728, 0x4358, 0x4568, 0xed8a, 0xc0a3, 0xc5c1,
    0xc6c1, 0xc7c1, 0x1404, 0x341b, 0xc0d1, 0x7ee0, 0x1c08, 0x3001,
    0x1c04, 0x36c0, 0x1c00, 0x3001, 0x77a5, 0x43e1, 0x704c, 0x41c1,
    0x700c, 0x0c3a, 0xffcf, 0xf1eb, 0xc0f1, 0xc1a3, 0xc241, 0xc140,
    0x1c08, 0x3001, 0x4300, 0xda22, 0x762c, 0x700c, 0x0c1e, 0xffcf,
    0xc0a3, 0xc0d1, 0x7ee0, 0x78e0, 0xc0f1, 0xc1a3, 0xc042, 0x1c04,
    0x3001, 0x1c00, 0x3001, 0x706c, 0x724c, 0xd907, 0x700c, 0x0bfe,
    0xffcf, 0xc0a3, 0xc0d1, 0x7ee0, 0xc0f1, 0x1cfc, 0xb6c8, 0xc7e1,
    0xc6e1, 0xc5e1, 0x4748, 0x4508, 0x4338, 0xd8fa, 0x0af6, 0xfa8f,
    0x4608, 0x0f7e, 0xfb0f, 0x1600, 0x7080, 0x8000, 0x0b66, 0x255f,
    0x1d81, 0x780f, 0x70c3, 0xfed0, 0x97cb, 0x209a, 0x0b01, 0x6038,
    0x8810, 0x712c, 0x2900, 0x034d, 0x255f, 0x114d, 0x7daf, 0xb886,
    0x42a1, 0x780f, 0xd910, 0x0f76, 0xffcf, 0x78dd, 0xbfe0, 0x7e0f,
    0xf419, 0x40c1, 0x0f86, 0xffcf, 0x42a1, 0xd90f, 0x4063, 0x0f5e,
    0xffcf, 0x40c1, 0x0f76, 0xffcf, 0xd828, 0x0f72, 0xffcf, 0x712c,
    0x700c, 0xc5c1, 0xc6c1, 0xc7c1, 0x1404, 0x341b, 0xc0d1, 0x05a5,
    0xfb0f, 0x4818, 0x780f, 0x0f56, 0xffcf, 0x42a1, 0xd90e, 0x4063,
    0x0f2a, 0xffcf, 0xbfe1, 0xf3e7, 0xf1dd, 0x78e0, 0xc0f1, 0x1cfc,
    0xb6c8, 0xc7e1, 0xc6e1, 0xc5e1, 0xc1aa, 0x4708, 0xc00f, 0xc143,
    0xc046, 0xc010, 0xc248, 0xc047, 0xc349, 0x0ed6, 0xfb0f, 0x78f2,
    0x712c, 0xb8c0, 0x2900, 0x0000, 0xc045, 0x71cd, 0x70ad, 0xbe1f,
    0x2500, 0x1f80, 0x0000, 0x0480, 0x60d8, 0x8820, 0x710c, 0x232f,
    0x3047, 0x7838, 0xc109, 0x0b09, 0x3814, 0x4597, 0x7824, 0x2079,
    0x0000, 0xe81c, 0x71a5, 0x0ddd, 0x9551, 0x704c, 0xd941, 0x700c,
    0x0af6, 0xfc4f, 0x700c, 0x712c, 0x0d1a, 0xfb0f, 0xc008, 0x780b,
    0xf285, 0x41e1, 0x700c, 0xc0aa, 0xc5c1, 0xc6c1, 0xc7c1, 0x1404,
    0x341b, 0xc0d1, 0x04ed, 0xfc4f, 0x409f, 0x2000, 0x06c0, 0x8800,
    0xc044, 0x0d1d, 0x1111, 0x1c08, 0x3001, 0xc741, 0x1c00, 0x3001,
    0x706c, 0x744c, 0xd910, 0x700c, 0x0aa2, 0xffcf, 0x4787, 0x1c08,
    0x3001, 0xc741, 0x1c00, 0x36c0, 0x704c, 0x762c, 0x700c, 0x0a8e,
    0xffcf, 0x704c, 0xd922, 0x700c, 0x0a8e, 0xfc4f, 0xed97, 0x449f,
    0x08a7, 0x0010, 0x409f, 0x8834, 0x8801, 0xb9c3, 0x2044, 0x0200,
    0x2105, 0x803e, 0xf249, 0x712c, 0x700c, 0x0c9a, 0xfb0f, 0x0e02,
    0xfb0f, 0x409f, 0x0d1a, 0xff8f, 0xf1ae, 0x0d53, 0x13d1, 0x2600,
    0x1f81, 0x0000, 0x0c00, 0x116b, 0x8080, 0x1168, 0x8082, 0x8e3c,
    0x780f, 0x792f, 0x7a4f, 0x203c, 0x0080, 0x6811, 0x2902, 0x0000,
    0x458f, 0x782b, 0xf398, 0x4787, 0x1c08, 0x3001, 0xc741, 0x1c00,
    0x36c0, 0x704c, 0x762c, 0xbb87, 0x700c, 0x0a12, 0xffcf, 0x704c,
    0xd922, 0x700c, 0x0a12, 0xfc4f, 0xf186, 0x2545, 0x1040, 0xe091,
    0x22ca, 0x0f81, 0x0000, 0x00fa, 0xf57e, 0x8e08, 0x9623, 0x202f,
    0x8007, 0x794a, 0x20ca, 0x00a1, 0x209f, 0x041f, 0x2905, 0x0001,
    0x704c, 0x7124, 0xf1e7, 0xdac8, 0xf1f1, 0xc0aa, 0xc5c1, 0xc6c1,
    0xc7c1, 0x1404, 0x341b, 0xc0d1, 0x7ee0, 0x78e0, 0xc0f1, 0xc6e1,
    0xc5e1, 0xc1a2, 0x1600, 0x7081, 0x8000, 0x0b67, 0x75ad, 0x780b,
    0x7d38, 0x7e2f, 0x7daf, 0xd812, 0xf22c, 0x0f32, 0xfa4f, 0xda80,
    0xd912, 0x40c3, 0x8000, 0x09a4, 0x0f0e, 0xfa4f, 0x1600, 0x7081,
    0x8000, 0x0b66, 0x265e, 0x1d8e, 0x1c04, 0x3001, 0x1c00, 0x3fc1,
    0x792f, 0x219e, 0x0b01, 0x40a1, 0x61d9, 0x43c3, 0xfffb, 0xffff,
    0x704c, 0x71c3, 0x8000, 0x09a4, 0x0e16, 0xffcf, 0x702c, 0x40c3,
    0x0000, 0x4e20, 0xc0a2, 0xc5c1, 0xc6c1, 0xc0d1, 0x0799, 0xfa4f,
    0x0c7e, 0xff8f, 0xf1dc, 0x78e0, 0xc0f1, 0xc7e1, 0xc6e1, 0xc5e1,
    0xc1a3, 0x70ed, 0x780b, 0x6ab5, 0x4628, 0x2584, 0x1001, 0x25cf,
    0x16e2, 0x25cf, 0x16a1, 0x1c08, 0x3001, 0x1c04, 0x3001, 0x1c00,
    0x3001, 0x706c, 0x704c, 0xd907, 0x40a1, 0x0912, 0xffcf, 0x71e5,
    0x0fe7, 0x9384, 0xc0a3, 0xc5c1, 0xc6c1, 0xc7c1, 0xc0d1, 0x7ee0,
    0xc0f1, 0x1cfc, 0xb6c8, 0xc7e1, 0xc6e1, 0xc5e1, 0xc1ac, 0xc24a,
    0x2840, 0x0302, 0xb80d, 0x7945, 0xc042, 0x2940, 0x005b, 0x2305,
    0x3f80, 0x9002, 0x01a0, 0x9000, 0xc245, 0x7810, 0xc041, 0x2305,
    0x3f80, 0x9002, 0x01a2, 0x9000, 0xc34b, 0x7810, 0xc043, 0x2305,
    0x3f80, 0x9002, 0x01a4, 0x9000, 0x1c1e, 0x3004, 0x2305, 0x3f80,
    0x9002, 0x01a6, 0x9000, 0x1c24, 0x3004, 0x2305, 0x3f80, 0x9002,
    0x01a8, 0x9000, 0x1c26, 0x3004, 0x4097, 0x2005, 0x0f80, 0x9002,
    0x0158, 0xc040, 0x4287, 0x9000, 0x2045, 0x0041, 0xb8a0, 0xb220,
    0xb200, 0x4097, 0x418f, 0x2005, 0x0f80, 0x9002, 0x01aa, 0x90a0,
    0x409f, 0x7db0, 0x7822, 0x6931, 0x253f, 0x1041, 0xc148, 0x255f,
    0x1381, 0x2905, 0x0f8f, 0x0000, 0x0064, 0x78a2, 0x0f3d, 0x1002,
    0x79f3, 0x213f, 0x0000, 0xc044, 0x1600, 0x7100, 0x8000, 0x0006,
    0x70cd, 0x7810, 0xc046, 0x75d5, 0x0120, 0x000d, 0x26f4, 0x7380,
    0x0000, 0xbbfc, 0x70c3, 0x0000, 0xbbfc, 0x7800, 0x0012, 0x0116,
    0x00e4, 0x011c, 0x010c, 0x0040, 0x1c10, 0x3041, 0xf1e6, 0x4497,
    0x0e21, 0x7004, 0x0000, 0x0c7f, 0x408f, 0x2517, 0x903e, 0xf690,
    0xd943, 0xb910, 0x2679, 0x1100, 0x087a, 0xfb0f, 0x71c5, 0xf1dd,
    0xc008, 0x4587, 0x2005, 0x807e, 0xf5fa, 0x70cd, 0x2305, 0x3f80,
    0x9002, 0x015a, 0xc505, 0xb0c0, 0xc00b, 0x1428, 0x310f, 0x7d05,
    0x6db1, 0xbd91, 0xbd9c, 0xbd9f, 0x9500, 0x2305, 0x3f81, 0x9002,
    0x001e, 0x1c0c, 0x3004, 0x409f, 0x78e5, 0xb500, 0x2305, 0x3f80,
    0x9002, 0x001e, 0x90c0, 0xc041, 0x266c, 0x1040, 0xb880, 0xb100,
    0x2305, 0x3f80, 0x9002, 0x0028, 0x9000, 0xbea0, 0x6811, 0x2084,
    0x0f87, 0x205a, 0x0140, 0x6817, 0x4858, 0x0d3a, 0xfa4f, 0x409f,
    0x4287, 0x2006, 0x03cf, 0x408f, 0xb5e0, 0xb0c0, 0x4087, 0x9000,
    0x2045, 0x0041, 0xb8a0, 0xb220, 0xb200, 0x4097, 0x2005, 0x0f80,
    0x9002, 0x01ac, 0x9020, 0x2305, 0x3f80, 0x9002, 0x015e, 0xb020,
    0xc0ac, 0xc5c1, 0xc6c1, 0xc7c1, 0x1404, 0x341b, 0xc0d1, 0x7ee0,
    0x141e, 0x3100, 0x419f, 0x4697, 0x0e33, 0xf085, 0x0000, 0x0c7f,
    0x2517, 0x903e, 0xf608, 0x7822, 0x78a2, 0x0f0d, 0x1002, 0x79f3,
    0x083d, 0x8043, 0xd947, 0xf18f, 0x1426, 0x3100, 0x1424, 0x3101,
    0xf1eb, 0x409f, 0x418f, 0xf1e9, 0x1424, 0x3100, 0x141e, 0x3101,
    0xf1e3, 0x78e0, 0xc0f1, 0x1cfc, 0xb6c8, 0xc7e1, 0xc6e1, 0xc5e1,
    0xc1ab, 0x4608, 0xc010, 0xc143, 0xc046, 0xc011, 0xc249, 0xc047,
    0xc012, 0xc34a, 0xc048, 0x0e6e, 0xfacf, 0x0a76, 0xfb0f, 0x752c,
    0x700c, 0x714c, 0x0ed2, 0xfc0f, 0x78d2, 0x712c, 0xb8c0, 0x2900,
    0x0000, 0xc045, 0x71ed, 0x70ad, 0xbf1f, 0x2500, 0x1f80, 0x0000,
    0x0480, 0x60f8, 0x8820, 0x710c, 0x232f, 0x3047, 0x7838, 0xc10a,
    0x0b07, 0x3814, 0x4597, 0x7824, 0x2079, 0x0000, 0xe81c, 0x71a5,
    0x0ddb, 0x9551, 0x0f8e, 0xfc0f, 0x712c, 0x700c, 0x08b6, 0xfb0f,
    0xc009, 0x780b, 0x71dd, 0x20ca, 0x0062, 0x20e2, 0x0f82, 0x0000,
    0x4640, 0xc0ab, 0xc5c1, 0xc6c1, 0xc7c1, 0x1404, 0x341b, 0xc0d1,
    0x04b9, 0xfacf, 0x409f, 0x2000, 0x06c0, 0x8800, 0xc044, 0x449f,
    0x780b, 0x22ca, 0x0062, 0x21ca, 0x07a2, 0x78c0, 0x20e2, 0x0f82,
    0x0000, 0x4424, 0x0d39, 0x1111, 0x095a, 0xff8f, 0x1c08, 0x3001,
    0xc641, 0x1c00, 0x3001, 0x706c, 0x704c, 0xd92c, 0x700c, 0x0e1e,
    0xff8f, 0x1c08, 0x3001, 0xc641, 0x1c00, 0x3001, 0x706c, 0x704c,
    0xd92d, 0x700c, 0x0e06, 0xff8f, 0x092a, 0xff8f, 0x4587, 0x42c1,
    0x4063, 0x0e2a, 0xfb0f, 0xeda5, 0xc008, 0xe81b, 0x409f, 0x8834,
    0x8801, 0xb9c3, 0x2044, 0x0200, 0x2105, 0x803e, 0xf211, 0x0ee6,
    0xfc0f, 0x712c, 0x700c, 0x080e, 0xfb0f, 0x0976, 0xfb0f, 0x700c,
    0x714c, 0x752c, 0x0dd2, 0xfc0f, 0x409f, 0x0886, 0xff8f, 0x714c,
    0xd918, 0x700c, 0x0dc2, 0xfc0f, 0x08da, 0xff8f, 0xf191, 0x0dfd,
    0x93d1, 0x2700, 0x1f81, 0x0000, 0x0c00, 0x116b, 0x8080, 0x1168,
    0x8082, 0x8f3c, 0x780f, 0x792f, 0x7a4f, 0x203c, 0x0080, 0x6811,
    0x2902, 0x0000, 0x458f, 0x782b, 0xf3e8, 0x08aa, 0xff8f, 0x4587,
    0x42c1, 0xb987, 0x4063, 0x0da6, 0xfb0f, 0xf1e0, 0xc0f1, 0x1cfc,
    0xb6c8, 0xc7e1, 0xc6e1, 0xc5e1, 0xc1a8, 0xc047, 0xc143, 0xc244,
    0x1600, 0x7080, 0x8000, 0x0040, 0x4768, 0x1c1a, 0x3002, 0x1600,
    0x7080, 0x8000, 0x0025, 0x70ad, 0x1c1b, 0x3002, 0x710c, 0x78b8,
    0xc045, 0x750c, 0x2800, 0x035b, 0x141b, 0x3080, 0x70cd, 0x458f,
    0x790b, 0xf226, 0x710c, 0x78d8, 0x0b16, 0xff8f, 0x479f, 0x1600,
    0x7082, 0x8000, 0x0a7c, 0x255f, 0x1d81, 0x1600, 0x7080, 0x8000,
    0x0001, 0x6179, 0x261f, 0x1f83, 0x0000, 0x006c, 0x6179, 0x262f,
    0xf087, 0xf223, 0xb8e3, 0xf421, 0x4787, 0x429f, 0x1c08, 0x3001,
    0x1c04, 0x3001, 0xc740, 0x4063, 0x0dee, 0xffcf, 0x6e01, 0x71cd,
    0x0821, 0x0091, 0x6d01, 0x71ad, 0x0895, 0x8091, 0x730c, 0xc0a8,
    0xc5c1, 0xc6c1, 0xc7c1, 0x1404, 0x341b, 0xc0d1, 0x02b1, 0xff8f,
    0x141a, 0x3080, 0xf1c5, 0x4787, 0x429f, 0x1c04, 0x3001, 0xc740,
    0x4063, 0x095e, 0xffcf, 0xf1e4, 0xc0f1, 0xc1a3, 0x1600, 0x7082,
    0x8000, 0x005a, 0x712c, 0x2244, 0x0202, 0x40c3, 0x8000, 0x09a4,
    0x0a06, 0xfa4f, 0x704c, 0xd914, 0x40c3, 0x8000, 0x09a4, 0x09e6,
    0xfa4f, 0x1600, 0x7082, 0x8000, 0x008e, 0x40c3, 0x8000, 0x09a4,
    0xbac3, 0xd914, 0x09e2, 0xfa4f, 0x1600, 0x7080, 0x8000, 0x001b,
    0xb8e0, 0xf229, 0x1600, 0x7080, 0x8000, 0x0b96, 0x262f, 0xf007,
    0xf221, 0x1600, 0x7080, 0x8000, 0x0b70, 0x1e00, 0x7002, 0x8000,
    0x0a1c, 0x1600, 0x7080, 0x8000, 0x0b6e, 0x1e00, 0x7002, 0x8000,
    0x09b0, 0x1600, 0x7080, 0x8000, 0x0b6f, 0x1e00, 0x7002, 0x8000,
    0x09e6, 0x1600, 0x7080, 0x8000, 0x0b71, 0x1e00, 0x7002, 0x8000,
    0x0a52, 0xdafb, 0xd910, 0x40c3, 0x8000, 0x09a4, 0x0966, 0xfa4f,
    0xda41, 0xd910, 0x40c3, 0x8000, 0x09a4, 0x096e, 0xfa4f, 0x706c,
    0x704c, 0x702c, 0x40c3, 0x8000, 0x09a4, 0x0e76, 0xffcf, 0xd910,
    0x744c, 0x40c3, 0x8000, 0x09a4, 0x094e, 0xfa4f, 0x730c, 0x09c2,
    0xff8f, 0x1600, 0x7081, 0x8000, 0x0a7c, 0x1600, 0x7080, 0x8000,
    0x0001, 0x262f, 0xf047, 0xf217, 0xb8e3, 0xf415, 0x1c08, 0x3041,
    0x1c04, 0x3001, 0x1c00, 0x3fc1, 0x43c3, 0xfffe, 0xffff, 0x704c,
    0x41c3, 0x8000, 0x09a4, 0xd80f, 0x0c9e, 0xffcf, 0xc0a3, 0xc0d1,
    0x7ee0, 0x1c04, 0x3041, 0x1c00, 0x3fc1, 0x43c3, 0xfffe, 0xffff,
    0x704c, 0x41c3, 0x8000, 0x09a4, 0xd80f, 0x0826, 0xffcf, 0xf1f0,
    0xc0f1, 0x1e00, 0x7000, 0x8000, 0x000c, 0x40c3, 0x9004, 0x0238,
    0x1800, 0x0105, 0x1800, 0x0005, 0xd8ff, 0x1e00, 0x7004, 0x9018,
    0x0064, 0x1e00, 0x7005, 0x9018, 0x0066, 0x0d06, 0xfa4f, 0x2069,
    0x0040, 0x78e0, 0xf000, 0xc0d1, 0x7ee0, 0x78e0, 0xc0f1, 0x1cfc,
    0xb6c8, 0xc7e1, 0xc6e1, 0xc5e1, 0x2495, 0x32f1, 0x218a, 0x0fdf,
    0x710c, 0x098a, 0xfb4f, 0x2a6f, 0x038f, 0x702c, 0x2455, 0x3d40,
    0x0832, 0xfa4f, 0x1600, 0x7080, 0x8000, 0x0001, 0xd925, 0xb823,
    0xb913, 0x2606, 0x7000, 0x0000, 0x0001, 0x0b7a, 0xfacf, 0x1600,
    0x7080, 0x8000, 0x001a, 0x780f, 0xb824, 0xb8e3, 0x0346, 0x0002,
    0xb8e2, 0x034a, 0x0002, 0xb8e1, 0x034a, 0x0001, 0x1c00, 0x3081,
    0x4087, 0x764c, 0x1e00, 0x7002, 0x8000, 0x047c, 0x41c3, 0x8000,
    0x099c, 0xc08f, 0x0fee, 0xfa0f, 0x714c, 0x712c, 0xc08f, 0x0ff6,
    0xff0f, 0xc791, 0xda10, 0x702c, 0x40e1, 0x0fca, 0xfa0f, 0x700c,
    0x26f4, 0x7001, 0x9006, 0x0120, 0x7930, 0x61f9, 0xa900, 0x7104,
    0x08f1, 0x81d1, 0x1600, 0x7080, 0x8000, 0x0040, 0x262f, 0xf007,
    0x02fa, 0x0002, 0x08ce, 0xfa4f, 0x1c30, 0x3001, 0x1c08, 0x3001,
    0x70ad, 0x71b5, 0x0300, 0x000d, 0x1600, 0x7080, 0x8000, 0x0032,
    0x1600, 0x7081, 0x8000, 0x0025, 0x42a1, 0x792f, 0x71cd, 0x706c,
    0xb8c0, 0x7847, 0x7a0f, 0xc243, 0x098d, 0x0006, 0x43db, 0x8000,
    0x0b66, 0x1b00, 0x30c2, 0x1e00, 0x7043, 0x8000, 0x0a7c, 0x40c1,
    0x081e, 0xff8f, 0x1300, 0x3080, 0x1600, 0x7001, 0x8000, 0x041c,
    0x780f, 0xc041, 0xb80c, 0x7825, 0x6811, 0x2005, 0x0f81, 0x9006,
    0x1e02, 0x2005, 0x0f80, 0x9006, 0x0004, 0x1900, 0x0005, 0x1800,
    0x0005, 0x409f, 0x2455, 0x3d42, 0x712c, 0x716f, 0x2b00, 0x301b,
    0x4063, 0x0ace, 0xfc4f, 0x429f, 0xc18c, 0x6159, 0x428f, 0x7954,
    0xa900, 0x2455, 0x3d41, 0x40c1, 0x0902, 0xfacf, 0x2455, 0x3d42,
    0x702c, 0x4063, 0x0aaa, 0xfc4f, 0x2455, 0x3d41, 0x40c1, 0x08ee,
    0xfacf, 0xc642, 0x71a5, 0x0d4f, 0x9111, 0x1600, 0x700d, 0x8000,
    0x041c, 0x702c, 0x2940, 0x0200, 0x78a5, 0x6811, 0x2005, 0x0f80,
    0x9007, 0xe002, 0x1800, 0x0005, 0x7124, 0x09ed, 0x81d1, 0x6d11,
    0x2005, 0x0f80, 0x9007, 0xe004, 0x1800, 0x0005, 0x0ade, 0xfb4f,
    0xc741, 0x70cd, 0x700c, 0x4197, 0x71d1, 0x022a, 0x000d, 0x2047,
    0x0040, 0x41c3, 0x0139, 0x0000, 0x09ea, 0xfacf, 0x0abe, 0xfb4f,
    0x0b42, 0xfb4f, 0x1600, 0x7080, 0x8000, 0x001a, 0xc066, 0x4497,
    0xb8e0, 0x048c, 0x0001, 0x40c3, 0x0000, 0x2000, 0x1e00, 0x7004,
    0x9004, 0x00c0, 0x1e00, 0x7005, 0x8000, 0x0b70, 0x1e00, 0x7005,
    0x8000, 0x0b6e, 0x0f7e, 0xfa0f, 0x1c00, 0x3001, 0x4087, 0x7114,
    0x0304, 0x000d, 0xc020, 0x1600, 0x7082, 0x8000, 0x0032, 0x1600,
    0x7081, 0x8000, 0x0025, 0xc045, 0x4497, 0x792f, 0xb8c0, 0x706c,
    0xc405, 0xbac0, 0xc247, 0x7a87, 0xc242, 0x2111, 0x8080, 0x0414,
    0x0001, 0x45cb, 0x8000, 0x0b66, 0xad60, 0x1e00, 0x7043, 0x8000,
    0x0a7c, 0x0ece, 0xff4f, 0x4297, 0x712c, 0x710c, 0x7858, 0x0bea,
    0xfc0f, 0xc04a, 0x1e00, 0x7003, 0x8000, 0x0a7c, 0x712c, 0x09ea,
    0xfc0f, 0x4097, 0x724c, 0xc18d, 0x1c34, 0x3001, 0x0816, 0xfb0f,
    0xda80, 0x702c, 0xc095, 0x0dce, 0xfa0f, 0xc00a, 0x8dc0, 0x2079,
    0x0040, 0x7ecf, 0xc048, 0x1c04, 0x3041, 0x2096, 0x0c82, 0x2614,
    0x1000, 0xc04b, 0x0f2a, 0xfacf, 0xc00b, 0x71ad, 0xbd1f, 0x6518,
    0x8800, 0xc108, 0x780f, 0xc043, 0x6e14, 0x2095, 0x044b, 0x7836,
    0x6518, 0xc044, 0x47cb, 0x9002, 0x0000, 0x706f, 0x409f, 0x230c,
    0xb000, 0x026a, 0x0005, 0x40c3, 0x0000, 0x4e20, 0x702c, 0x0e9a,
    0xfa0f, 0x408f, 0x706f, 0xb887, 0xc049, 0x409f, 0x7073, 0x026c,
    0x000d, 0xd90c, 0x40c3, 0x0000, 0x1388, 0x706f, 0x0e7a, 0xfa0f,
    0x409f, 0x7073, 0x0280, 0x000d, 0xd90c, 0x40c3, 0x0000, 0x1388,
    0x706f, 0x0e66, 0xfa0f, 0x409f, 0x7073, 0x028e, 0x000d, 0x702c,
    0x40c3, 0x0003, 0xd090, 0x0e52, 0xfa0f, 0x0eee, 0xfa0f, 0x4097,
    0x1c38, 0x3001, 0x724c, 0xc18e, 0x0f5a, 0xfacf, 0xc00e, 0x200b,
    0x8f80, 0x0000, 0x3f00, 0xf207, 0x418f, 0xc095, 0x6038, 0x1800,
    0x0043, 0x408f, 0x7104, 0xc041, 0x2052, 0x81fe, 0xf5a4, 0x77ed,
    0x702c, 0x45e9, 0x40e1, 0xc295, 0x7714, 0x623a, 0x8a40, 0x0260,
    0x0002, 0x7a4b, 0x20ca, 0x0041, 0x7124, 0xe1ff, 0xf5f5, 0x7714,
    0x0282, 0x0001, 0x77b5, 0x0286, 0x0002, 0xdf7f, 0x4508, 0x027f,
    0x0000, 0x1c00, 0x3201, 0x04cd, 0xffcf, 0x1c00, 0x3101, 0x04c5,
    0xffcf, 0x1c00, 0x3041, 0x04bd, 0xffcf, 0x700c, 0x26f4, 0x7001,
    0x9006, 0x2120, 0x7930, 0x61f9, 0xa907, 0x7104, 0x08f1, 0x81d1,
    0x04f5, 0xffcf, 0x1600, 0x7080, 0x8000, 0x004d, 0x1600, 0x7081,
    0x8000, 0x0040, 0x2579, 0x1082, 0x792f, 0x72cd, 0x716c, 0x0505,
    0xffcf, 0x1600, 0x7082, 0x8000, 0x001a, 0x704d, 0x6a53, 0x2606,
    0x7082, 0x0000, 0x0040, 0x2259, 0x0401, 0xc144, 0x2256, 0x0401,
    0xc145, 0x265a, 0x11c1, 0xc143, 0x419f, 0x70ed, 0x7141, 0x7930,
    0xdcff, 0x2940, 0x021e, 0x706c, 0x702c, 0x706f, 0x2455, 0x3d4b,
    0x248c, 0x9fc3, 0x2300, 0x178b, 0x2300, 0x13cb, 0x1300, 0x108b,
    0xf269, 0x0bbf, 0x1011, 0x1400, 0x300b, 0x7361, 0x1400, 0x300b,
    0x7761, 0x278c, 0x9fc3, 0xf7ec, 0xe987, 0x0bc9, 0x0010, 0x2300,
    0x90c1, 0xf260, 0x4399, 0x4787, 0x793d, 0x7163, 0x2100, 0x80c1,
    0x21ca, 0x0024, 0x000a, 0x0004, 0x478f, 0x2109, 0x00c1, 0xc395,
    0x2314, 0x0283, 0xb320, 0x7145, 0x0a91, 0x91d1, 0x2e40, 0x1301,
    0x708d, 0x79a5, 0xc395, 0x23f4, 0x030f, 0x438f, 0x639b, 0x8b60,
    0x7185, 0xbb08, 0x7b25, 0x6b71, 0x2305, 0x0f83, 0x9006, 0x0002,
    0xb3e0, 0x0ce5, 0x91d1, 0xc38c, 0x7cd0, 0x2314, 0x030c, 0x1400,
    0x10c3, 0x6931, 0x635b, 0x2348, 0x0003, 0x2105, 0x0f8f, 0x9006,
    0x1002, 0xb760, 0x438f, 0x71c5, 0x6b67, 0xc341, 0x1401, 0x10c3,
    0x2105, 0x0f8c, 0x9006, 0x1202, 0x635b, 0x2348, 0x0003, 0xb460,
    0x2105, 0x0f81, 0x9006, 0x0004, 0xb140, 0x04cf, 0xffcf, 0x0913,
    0x00c5, 0x278c, 0x9002, 0xf7c5, 0x4187, 0x4399, 0x6179, 0xdcff,
    0xf19e, 0x230b, 0x92c0, 0x24ca, 0x13c1, 0x23ca, 0x0021, 0xf198,
    0x710c, 0xf1b3, 0x4087, 0x1600, 0x7082, 0x8000, 0x004d, 0x2079,
    0x0080, 0x1600, 0x7081, 0x8000, 0x0040, 0xc045, 0x4497, 0x792f,
    0x2044, 0x0043, 0x720c, 0x04fd, 0xffcf, 0x4487, 0x7063, 0x88a0,
    0x7167, 0x7daf, 0xd880, 0x41a1, 0xbd0d, 0x0cfe, 0xfacf, 0x7de5,
    0x1d8c, 0x101c, 0x0579, 0xffcf, 0x4487, 0x7063, 0x88a0, 0xc009,
    0x7daf, 0x41a1, 0xbd0d, 0x0ce2, 0xfacf, 0x7de5, 0x780f, 0x1d8c,
    0x101c, 0x208a, 0x0fc7, 0x1d89, 0x101c, 0x1d8b, 0x101c, 0x7167,
    0x056b, 0xffcf, 0x4487, 0x7063, 0x88a0, 0xc009, 0x7daf, 0x7167,
    0x41a1, 0xbd0d, 0x0cb2, 0xfacf, 0x7de5, 0x780f, 0xb888, 0x1d8c,
    0x101c, 0x0561, 0xffcf, 0x4487, 0x7063, 0x88a0, 0xd880, 0x7daf,
    0x41a1, 0xbd0d, 0x0c92, 0xfacf, 0x7de5, 0x780f, 0xb888, 0x1d89,
    0x101c, 0x1d8b, 0x101c, 0x7167, 0x054f, 0xffcf, 0xe1fe, 0xf208,
    0x7a4b, 0x05a8, 0xffc1, 0x2142, 0x0042, 0xf008, 0x7a4b, 0x22ca,
    0x0f81, 0x0000, 0x007e, 0xf5f9, 0x4fb3, 0x77b5, 0x4a14, 0x23ca,
    0x0341, 0x7470, 0x25ca, 0x1009, 0x27ca, 0x1089, 0x770c, 0x057d,
    0xffcf, 0x77b5, 0x20ca, 0x0021, 0xf204, 0x4fb0, 0x207f, 0x0100,
    0x41c3, 0x0107, 0x0002, 0x0d9e, 0xfa8f, 0x4197, 0x2600, 0x1f80,
    0x0000, 0x05b7, 0x2114, 0x0000, 0xb89f, 0x458f, 0x65fd, 0x7dbd,
    0xa8a0, 0x449f, 0x086b, 0x0041, 0xeeac, 0x1e00, 0x7342, 0x8000,
    0x0033, 0x1e00, 0x7043, 0x8000, 0x0a7c, 0xc00a, 0x0c02, 0xfb0f,
    0x4087, 0x7104, 0xc040, 0x7414, 0x03b4, 0xffc2, 0x1e00, 0x7043,
    0x8000, 0x0b96, 0x1e00, 0x7005, 0x9004, 0x00c0, 0x704c, 0xc08f,
    0x712c, 0x0a02, 0xff0f, 0x702c, 0x700c, 0x0b22, 0xfb0f, 0x2495,
    0x3d4e, 0xc5c1, 0xc6c1, 0xc7c1, 0x1404, 0x341b, 0xc0d1, 0x7ee0,
    0x0eb3, 0x9051, 0x1e00, 0x7342, 0x8000, 0x004e, 0xf1d3, 0xee87,
    0x1e00, 0x7342, 0x8000, 0x0034, 0xf1cd, 0x0e9b, 0x9051, 0x1e00,
    0x7342, 0x8000, 0x004f, 0xf1c7, 0xc0f1, 0xc5e1, 0xda36, 0x4508,
    0x702c, 0x0992, 0xfa0f, 0x40a1, 0x42c3, 0x8000, 0x005a, 0x712c,
    0x0b62, 0xfb0f, 0x40a1, 0x42c3, 0x8000, 0x005e, 0x722c, 0x0b56,
    0xfb0f, 0x40a1, 0x42c3, 0x8000, 0x0062, 0x732c, 0x0b46, 0xfb0f,
    0x40a1, 0x42c3, 0x8000, 0x0066, 0xd90a, 0x0b3a, 0xfb0f, 0x40a1,
    0x42c3, 0x8000, 0x006a, 0xd90b, 0x0b2a, 0xfb0f, 0x40a1, 0x42c3,
    0x8000, 0x006e, 0xd90c, 0x0b1e, 0xfb0f, 0x40a1, 0x42c3, 0x8000,
    0x0072, 0xd90d, 0x0b0e, 0xfb0f, 0x40a1, 0x42c3, 0x8000, 0x0076,
    0xd90e, 0x0b02, 0xfb0f, 0x40a1, 0x42c3, 0x8000, 0x007a, 0xd90f,
    0x0af2, 0xfb0f, 0x40a1, 0x42c3, 0x8000, 0x007e, 0xd910, 0x0ae6,
    0xfb0f, 0x40a1, 0x42c3, 0x8000, 0x0082, 0xd911, 0x0ad6, 0xfb0f,
    0x40a1, 0x42c3, 0x8000, 0x0086, 0xd912, 0x0aca, 0xfb0f, 0x40a1,
    0x42c3, 0x8000, 0x008a, 0xd913, 0x0aba, 0xfb0f, 0x40a1, 0x42c3,
    0x8000, 0x008e, 0xd914, 0x0aae, 0xfb0f, 0x40a1, 0x42c3, 0x8000,
    0x0092, 0xd915, 0x0a9e, 0xfb0f, 0x40a1, 0x42c3, 0x8000, 0x0096,
    0xd916, 0x0a92, 0xfb0f, 0x40a1, 0x42c3, 0x8000, 0x009a, 0xd918,
    0x0a82, 0xfb0f, 0x40a1, 0x42c3, 0x8000, 0x009e, 0xd919, 0x0a76,
    0xfb0f, 0x40a1, 0x42c3, 0x8000, 0x00a2, 0xd91a, 0x0a66, 0xfb0f,
    0x40a1, 0x42c3, 0x8000, 0x00a6, 0xd91b, 0x0a5a, 0xfb0f, 0x40a1,
    0x42c3, 0x8000, 0x00aa, 0xd91c, 0x0a4a, 0xfb0f, 0x40a1, 0x42c3,
    0x8000, 0x00ae, 0xd91e, 0x0a3e, 0xfb0f, 0x40a1, 0x42c3, 0x8000,
    0x00b2, 0xd91f, 0x0a2e, 0xfb0f, 0x40a1, 0x42c3, 0x8000, 0x00b6,
    0xd920, 0x0a22, 0xfb0f, 0x40a1, 0x42c3, 0x8000, 0x00ba, 0xd921,
    0x0a12, 0xfb0f, 0x40a1, 0x42c3, 0x8000, 0x00be, 0xd922, 0x0a06,
    0xfb0f, 0x40a1, 0x42c3, 0x8000, 0x00c2, 0xd925, 0x09f6, 0xfb0f,
    0x40a1, 0x42c3, 0x8000, 0x00c6, 0xd928, 0x09ea, 0xfb0f, 0x42c3,
    0x8000, 0x00ca, 0xd929, 0x40a1, 0x09da, 0xfb0f, 0x1d2e, 0x1003,
    0x1d64, 0x1003, 0x1d9a, 0x1003, 0x1dd0, 0x1003, 0xc5c1, 0xc0d1,
    0x7ee0, 0x78e0, 0xc0f1, 0x1cfc, 0xb6c8, 0xc7e1, 0xc6e1, 0xc5e1,
    0x2495, 0x34fd, 0xc045, 0x2e01, 0x7000, 0x0001, 0x00f9, 0x2606,
    0x7000, 0x0000, 0x0001, 0xc055, 0x448f, 0xb881, 0x2079, 0x0180,
    0xc052, 0x1600, 0x7080, 0x8000, 0x0001, 0xb8e2, 0xf20c, 0x0d82,
    0xfa4f, 0x458f, 0xb9a0, 0x090b, 0x0111, 0x7314, 0xf2ae, 0x1c20,
    0x3001, 0xf004, 0x1c20, 0x33c1, 0x1600, 0x7080, 0x8000, 0x0009,
    0xb8c2, 0xe810, 0x458f, 0x091d, 0x04d0, 0x468f, 0x41c3, 0x0006,
    0x01f0, 0x0911, 0x0086, 0x712c, 0x2900, 0x0000, 0x7704, 0xc048,
    0x1600, 0x7081, 0x8000, 0x0025, 0x1600, 0x7080, 0x8000, 0x0040,
    0x1c10, 0x3001, 0x7825, 0x780f, 0xc053, 0xc013, 0x4587, 0x08b3,
    0x0046, 0x1e00, 0x7042, 0x8000, 0x0b67, 0x1c1c, 0x3001, 0x449f,
    0x1e00, 0x7002, 0x8000, 0x0b66, 0x448f, 0xe093, 0xf279, 0x458f,
    0x40c3, 0x0007, 0x01f8, 0x08eb, 0x0046, 0x0852, 0xfbcf, 0x4508,
    0x1600, 0x7080, 0x8000, 0x0072, 0x1600, 0x7080, 0x8000, 0x0062,
    0x1600, 0x7080, 0x8000, 0x0b66, 0x4587, 0x780f, 0x71cd, 0x7e38,
    0x08c3, 0x0051, 0x1600, 0x7080, 0x8000, 0x0040, 0x780f, 0x78cb,
    0x20ca, 0x00a2, 0xf461, 0x449f, 0x1c1c, 0x3041, 0x7104, 0x08a3,
    0x8091, 0x448f, 0x2042, 0x0440, 0x0811, 0x0095, 0x41c3, 0x8000,
    0x0428, 0x9100, 0x7104, 0xb100, 0x730c, 0x0f86, 0xff0f, 0x1e00,
    0x7003, 0x8000, 0x0b66, 0x1600, 0x7080, 0x8000, 0x0405, 0x262f,
    0xf007, 0xf407, 0x4687, 0xc015, 0x6a21, 0x09f6, 0xfb4f, 0x4487,
    0x1c10, 0x3041, 0x7104, 0x0847, 0x8091, 0x1600, 0x7080, 0x8000,
    0x0001, 0xb8e6, 0x016c, 0x00c1, 0x448f, 0x7114, 0x0164, 0x00c2,
    0x1600, 0x7080, 0x8000, 0x0025, 0x71ad, 0x780f, 0x7314, 0x00b2,
    0x00c1, 0x72b5, 0x009c, 0x00c2, 0x730c, 0x0f26, 0xff0f, 0x1e00,
    0x7003, 0x8000, 0x000f, 0x2495, 0x3b42, 0xc5c1, 0xc6c1, 0xc7c1,
    0x1404, 0x341b, 0xc0d1, 0x7ee0, 0x1c20, 0x3141, 0xf156, 0x70ad,
    0xf198, 0xe8be, 0x1600, 0x7080, 0x8000, 0x0025, 0x780f, 0x78cb,
    0x20ca, 0x0062, 0xf3a1, 0x0eea, 0xff0f, 0x448f, 0x2058, 0x0040,
    0x080f, 0x0155, 0x449f, 0x4587, 0x2005, 0x807e, 0xf595, 0x0a3e,
    0xfb0f, 0xda50, 0x702c, 0x2455, 0x3840, 0x0dfa, 0xf9cf, 0x448f,
    0x0817, 0x8515, 0x26f5, 0x7000, 0x0000, 0xcb64, 0x70c3, 0x0000,
    0xcb64, 0x7800, 0x002c, 0x039c, 0xff02, 0xff02, 0x0f28, 0x0f28,
    0x0f28, 0x0f28, 0x0f7e, 0xff02, 0xff02, 0xff02, 0xff02, 0xff02,
    0xff02, 0x0fd4, 0x0fe6, 0x12d2, 0x12e2, 0x12e6, 0x730c, 0xf1cd,
    0x1600, 0x7000, 0x8000, 0x041c, 0xdf15, 0xc046, 0x1e00, 0x7005,
    0x9007, 0xe108, 0x4497, 0x1e00, 0x7005, 0x9003, 0xe014, 0x6811,
    0x2005, 0x0f81, 0x9004, 0x0054, 0x1900, 0x0045, 0x2005, 0x0f80,
    0x9004, 0x0082, 0x1800, 0x0045, 0xc049, 0x700c, 0x0ece, 0xfa8f,
    0x1c00, 0x3001, 0x706c, 0x704c, 0x702c, 0xd8ff, 0x0d46, 0xff0f,
    0xd954, 0x40c3, 0x0000, 0xe6ac, 0x0cea, 0xff0f, 0x1600, 0x7080,
    0x8000, 0x0403, 0x75ad, 0x262f, 0xf007, 0x20ca, 0x0f81, 0x0000,
    0x0208, 0x70df, 0x0000, 0x0200, 0x1e00, 0x7004, 0x9003, 0xe14e,
    0x1e00, 0x7085, 0x9003, 0xe144, 0x0e22, 0xfb8f, 0x0e5e, 0xfa8f,
    0x0d46, 0xf9cf, 0xd80a, 0x0d86, 0xf9cf, 0x704c, 0xd90a, 0x40c3,
    0x8000, 0x09a4, 0x0d4e, 0xf9cf, 0xda59, 0xd90a, 0x40c3, 0x8000,
    0x09a4, 0x0d56, 0xf9cf, 0xd82e, 0x0d62, 0xf9cf, 0x704c, 0xd92e,
    0x40c3, 0x8000, 0x09a4, 0x0d2e, 0xf9cf, 0xd812, 0x0d4e, 0xf9cf,
    0xda10, 0xd912, 0x40c3, 0x8000, 0x09a4, 0x0d2e, 0xf9cf, 0x4487,
    0x1600, 0x7081, 0x8000, 0x0b66, 0x205f, 0x0d9b, 0x1c04, 0x3001,
    0x1c00, 0x3f80, 0xffff, 0xbfff, 0x792f, 0x219e, 0x0b01, 0x43c3,
    0xfffb, 0xfbff, 0x704c, 0x7d18, 0x7f18, 0x71c3, 0x8000, 0x09a4,
    0x40e1, 0x7163, 0x0c2a, 0xff4f, 0xd80a, 0x0aa6, 0xff0f, 0xd812,
    0x0a9e, 0xff0f, 0xd82e, 0x0a9a, 0xff0f, 0xc540, 0x706c, 0x704c,
    0x702c, 0x700c, 0x0912, 0xfacf, 0x1e00, 0x7045, 0x9003, 0xe172,
    0x1e00, 0x7045, 0x9003, 0xe174, 0x702c, 0x40a1, 0x0c66, 0xfa8f,
    0x712c, 0xd860, 0x096e, 0xfa8f, 0x0e0e, 0xfa8f, 0x712c, 0x700c,
    0x0962, 0xfa8f, 0x1c8f, 0x3fd9, 0x0d82, 0xfa8f, 0x40a1, 0x712c,
    0x0c42, 0xfa8f, 0x208a, 0x0fc7, 0x1e00, 0x7004, 0x9003, 0xe166,
    0x1e00, 0x7004, 0x9003, 0xe168, 0xc605, 0xd881, 0x1e00, 0x7004,
    0x9003, 0xe162, 0xd830, 0x1e00, 0x7004, 0x9003, 0xe160, 0x712c,
    0x700c, 0x0922, 0xfa8f, 0x1600, 0x7081, 0x8000, 0x0b68, 0xc505,
    0x1600, 0x7083, 0x8000, 0x0b69, 0x792f, 0x7b6f, 0x7170, 0x011e,
    0x000e, 0x0d2a, 0xfa8f, 0x71c5, 0x0e07, 0x1a10, 0xede9, 0x2547,
    0x1040, 0xd9fb, 0xb911, 0x0f3e, 0xfa4f, 0x1600, 0x708d, 0x8000,
    0x0b68, 0x1600, 0x708e, 0x8000, 0x0b69, 0x7daf, 0x7ecf, 0x75d1,
    0x012e, 0x000e, 0x1e00, 0x7005, 0x9003, 0xe166, 0x1e00, 0x7005,
    0x9003, 0xe168, 0x0d62, 0xfa8f, 0x1e00, 0x7005, 0x9003, 0xe160,
    0x1e00, 0x7005, 0x9003, 0xe16a, 0x75d1, 0x0124, 0x000e, 0xd881,
    0x1e00, 0x7004, 0x9003, 0xe162, 0x712c, 0xd840, 0x0896, 0xfa8f,
    0x724c, 0x712c, 0x2455, 0x3840, 0x0c26, 0xfacf, 0x75d1, 0x012e,
    0x000e, 0x4487, 0x0ba2, 0xf9cf, 0xc406, 0x716c, 0x714c, 0x2455,
    0x3841, 0x4848, 0x7885, 0x0a76, 0xfacf, 0x1e00, 0x7005, 0x9003,
    0xe14e, 0xd820, 0x1e00, 0x7004, 0x9003, 0xe144, 0x1e00, 0x7005,
    0x9003, 0xe144, 0x1e00, 0x7005, 0x9005, 0xe0b2, 0x1e00, 0x7005,
    0x9003, 0xe162, 0x1e00, 0x7045, 0x9007, 0xe108, 0x1e00, 0x7045,
    0x9003, 0xe014, 0x0fde, 0xfacf, 0xc009, 0x43c3, 0xfffb, 0xfbff,
    0x1800, 0x0005, 0x1600, 0x7081, 0x8000, 0x0b66, 0x1c04, 0x3001,
    0x1c00, 0x3f80, 0xffff, 0xbfff, 0x792f, 0x219e, 0x0b01, 0x71c3,
    0x8000, 0x09a4, 0x704c, 0x7163, 0x40e1, 0x0a76, 0xff4f, 0x712c,
    0x449f, 0x0b6e, 0xfecf, 0x0403, 0xffcf, 0x7a30, 0x2400, 0x3f8c,
    0x0000, 0x023c, 0xba0d, 0x2472, 0x104a, 0x2200, 0x0f80, 0x9002,
    0x016e, 0x9000, 0x2a40, 0x104a, 0x7810, 0x2079, 0x0000, 0x2005,
    0x0280, 0xac00, 0x204b, 0x81c0, 0xf209, 0x2274, 0x0f80, 0x9002,
    0x0154, 0x71ad, 0x2096, 0x0002, 0xb200, 0x7124, 0xf150, 0x41a1,
    0x71d1, 0x06d4, 0xffcd, 0x7830, 0xb80d, 0x2074, 0x0f82, 0x9002,
    0x0154, 0x7124, 0x2296, 0x0004, 0xb040, 0xf1f4, 0x41a1, 0x71d1,
    0x06de, 0xffcd, 0x7830, 0x7124, 0xb80d, 0x70c3, 0x9002, 0x016a,
    0x1800, 0x0045, 0xf1f5, 0x2455, 0x3841, 0x78b0, 0x2114, 0x0000,
    0x9020, 0x71a5, 0x2159, 0x0401, 0xb020, 0x0eef, 0x9345, 0xf16b,
    0x4487, 0x1600, 0x700d, 0x8000, 0x041c, 0x7204, 0x260f, 0x1000,
    0xc046, 0x0e56, 0xfa4f, 0xc04e, 0x0ea6, 0xfa4f, 0x208c, 0x8e82,
    0x4708, 0x20e2, 0x0f8e, 0x0000, 0x1dbc, 0x4487, 0x2d40, 0x105b,
    0x0a46, 0xf9cf, 0xc04a, 0x1600, 0x7080, 0x8000, 0x0004, 0x1600,
    0x7080, 0x8000, 0x0b66, 0x2545, 0x1041, 0xd893, 0x1ce5, 0x301c,
    0x2545, 0x1140, 0xb890, 0x1c74, 0x3018, 0xd88b, 0xb986, 0x1ceb,
    0x301c, 0xb991, 0xd874, 0x1cfd, 0x305c, 0xb930, 0x1cf1, 0x301c,
    0x1cfe, 0x305c, 0xd82a, 0x2545, 0x1dc1, 0xb991, 0x1cf7, 0x301c,
    0x1c80, 0x3058, 0x1c71, 0x3f98, 0x0001, 0x0097, 0x1ce4, 0x301d,
    0x1ce6, 0x305d, 0x1ce7, 0x301d, 0x1cea, 0x301d, 0x1cec, 0x305d,
    0x1ced, 0x301d, 0x1c77, 0x3f98, 0x0001, 0x0095, 0x1cf0, 0x301d,
    0x1cf2, 0x309d, 0x1cf3, 0x301d, 0x1c7a, 0x3f98, 0x0002, 0x0057,
    0x1cf6, 0x301d, 0x1cf8, 0x309d, 0x1cf9, 0x301d, 0x1cfc, 0x301d,
    0x1cff, 0x301d, 0x2400, 0x3f81, 0x0000, 0x0204, 0x2545, 0x1fc0,
    0xb891, 0x1c7d, 0x3018, 0x1900, 0x0005, 0x2400, 0x3f81, 0x0000,
    0x0206, 0xb100, 0xb830, 0x2400, 0x3f81, 0x0000, 0x0208, 0xb100,
    0x2400, 0x3f80, 0x0000, 0x020a, 0x1800, 0x0005, 0x2545, 0x1f40,
    0xb891, 0x1c83, 0x3018, 0x2400, 0x3f80, 0x0000, 0x0210, 0x1800,
    0x0005, 0x2400, 0x3f81, 0x0000, 0x0212, 0x2545, 0x1f80, 0xb891,
    0xb100, 0xb830, 0x2400, 0x3f81, 0x0000, 0x0214, 0xb100, 0x2400,
    0x3f80, 0x0000, 0x0216, 0x1800, 0x0005, 0x1c86, 0x3f98, 0x0007,
    0x0011, 0x2400, 0x3f80, 0x0000, 0x021c, 0x1800, 0x0005, 0x714c,
    0xd90f, 0x2400, 0x3f80, 0x0000, 0x01c4, 0x08fa, 0xfecf, 0x1e00,
    0x7005, 0x900e, 0x0022, 0x1e00, 0x7005, 0x9003, 0xe12e, 0x1e00,
    0x7205, 0x9003, 0xe160, 0xd840, 0x1e00, 0x7004, 0x9003, 0xe162,
    0xd8aa, 0x1e00, 0x7004, 0x9005, 0xe0ae, 0x0f26, 0xfa4f, 0x4497,
    0x1c08, 0x3001, 0xc041, 0x1c00, 0x3001, 0x706c, 0x744c, 0xd907,
    0xd841, 0xb813, 0x0b66, 0xff0f, 0x1c08, 0x3001, 0x1c04, 0x3001,
    0x1c00, 0x3001, 0x706c, 0xda08, 0xd907, 0x700c, 0x0b4e, 0xff0f,
    0x4497, 0x1c08, 0x3001, 0xc041, 0x1c00, 0x3001, 0x706c, 0x744c,
    0xd907, 0x40c3, 0x0008, 0x0080, 0x0b32, 0xff0f, 0x712c, 0x700c,
    0x0d62, 0xfa4f, 0x752c, 0x40c3, 0x0000, 0x1388, 0x096a, 0xf9cf,
    0xd9ff, 0x710c, 0x0986, 0xfacf, 0x1600, 0x7080, 0x8000, 0x0008,
    0x780f, 0xc049, 0x2078, 0x010e, 0x6ed2, 0x74c5, 0x1e00, 0x7382,
    0x8000, 0x043a, 0xc009, 0xc109, 0x6816, 0x7604, 0x2089, 0x0fc3,
    0x1e00, 0x7004, 0x8000, 0x0438, 0xc00e, 0x7234, 0xb8c0, 0x60f8,
    0xc04b, 0x2305, 0x3f80, 0x9004, 0x0082, 0x1800, 0x0045, 0x1e00,
    0x7045, 0x9004, 0x0054, 0x2305, 0x3f80, 0x9004, 0x006e, 0x9000,
    0x2305, 0x3f81, 0x9004, 0x007e, 0xb8c5, 0x20cf, 0x02e1, 0x20cf,
    0x0322, 0xb100, 0x208a, 0x0008, 0x1e00, 0x7004, 0x9003, 0xe126,
    0x2305, 0x3f80, 0x9003, 0xe00a, 0x1800, 0x0045, 0x710c, 0x08d2,
    0xff4f, 0x1c8f, 0x3f98, 0x0001, 0xffb5, 0x2400, 0x3f80, 0x0000,
    0x0240, 0x1800, 0x0005, 0x2400, 0x3f80, 0x0000, 0x0242, 0x1800,
    0x0f84, 0xffff, 0xf0b5, 0x2400, 0x3f80, 0x0000, 0x0244, 0x1800,
    0x0045, 0x2400, 0x3f80, 0x0000, 0x0246, 0x1800, 0x0045, 0x1c92,
    0x3f98, 0x0001, 0xf4b5, 0x2400, 0x3f80, 0x0000, 0x024c, 0x1800,
    0x0045, 0x2400, 0x3f80, 0x0000, 0x024e, 0x1800, 0x0f84, 0xffff,
    0xf0b3, 0x2400, 0x3f80, 0x0000, 0x0250, 0x1800, 0x0045, 0x2400,
    0x3f80, 0x0000, 0x0252, 0x1800, 0x0005, 0x1c95, 0x3f98, 0x0001,
    0xf0b4, 0x2400, 0x3f80, 0x0000, 0x0258, 0x1800, 0x0005, 0x2400,
    0x3f80, 0x0000, 0x025a, 0x1800, 0x0f84, 0xffff, 0xf0b9, 0x2400,
    0x3f80, 0x0000, 0x025c, 0x1800, 0x0045, 0x2400, 0x3f80, 0x0000,
    0x025e, 0x1800, 0x0045, 0x1c98, 0x3f98, 0x0001, 0xf0ba, 0x2400,
    0x3f80, 0x0000, 0x0264, 0x1800, 0x0045, 0x2400, 0x3f80, 0x0000,
    0x0266, 0x1800, 0x0f84, 0xffff, 0xf0b1, 0x2400, 0x3f80, 0x0000,
    0x0268, 0x1800, 0x0045, 0x2400, 0x3f80, 0x0000, 0x026a, 0x1800,
    0x0085, 0x1c9b, 0x3f98, 0x0007, 0xf060, 0x2400, 0x3f80, 0x0000,
    0x0270, 0x1800, 0x0045, 0x2400, 0x3f80, 0x0000, 0x0272, 0x1800,
    0x0f84, 0xffff, 0xf065, 0x2400, 0x3f80, 0x0000, 0x0274, 0x1800,
    0x01c5, 0x2400, 0x3f81, 0x0000, 0x0276, 0x208a, 0x0fc7, 0xb100,
    0x1c9e, 0x3f98, 0x0007, 0xff28, 0x2400, 0x3f80, 0x0000, 0x027c,
    0x1800, 0x0fc5, 0x2400, 0x3f81, 0x0000, 0x027e, 0x208a, 0x0a7c,
    0xb100, 0x2400, 0x3f80, 0x0000, 0x0280, 0x1800, 0x01c5, 0x2400,
    0x3f80, 0x0000, 0x0282, 0x1800, 0x0fc5, 0x1ca1, 0x3f98, 0x0007,
    0xff2a, 0x2400, 0x3f80, 0x0000, 0x0288, 0x1800, 0x0fc5, 0x208a,
    0x0afc, 0x2400, 0x3f81, 0x0000, 0x028a, 0xb100, 0x2400, 0x3f80,
    0x0000, 0x028c, 0x1800, 0x01c5, 0x2400, 0x3f80, 0x0000, 0x028e,
    0x1800, 0x0fc5, 0x1ca4, 0x3f98, 0x0001, 0xffbe, 0x2400, 0x3f80,
    0x0000, 0x0294, 0x1800, 0x0005, 0x2400, 0x3f80, 0x0000, 0x0296,
    0x1800, 0x0f84, 0xffff, 0xf0be, 0x2400, 0x3f80, 0x0000, 0x0298,
    0x1800, 0x0045, 0x2400, 0x3f80, 0x0000, 0x029a, 0x1800, 0x0045,
    0x1ca7, 0x3f98, 0x0001, 0xf4be, 0x2400, 0x3f80, 0x0000, 0x02a0,
    0x1800, 0x0405, 0x2400, 0x3f81, 0x0000, 0x02a2, 0x208a, 0x0abe,
    0xb100, 0x2400, 0x3f80, 0x0000, 0x02a4, 0x1800, 0x0045, 0xbe0a,
    0x2400, 0x3f80, 0x0000, 0x02a6, 0xb0c0, 0x1caa, 0x3f98, 0x0001,
    0xf0a7, 0x2400, 0x3f80, 0x0000, 0x02ac, 0xd972, 0x278a, 0x100c,
    0xb0e0, 0x2400, 0x3f80, 0x0000, 0x023c, 0x0d0a, 0xfecf, 0x0eae,
    0xfa4f, 0x0e6a, 0xfb4f, 0x4487, 0x712c, 0x0986, 0xfa8f, 0x0be2,
    0xfa4f, 0x1c08, 0x3001, 0x1c04, 0x3001, 0x1c00, 0x3001, 0x706c,
    0x744c, 0xd907, 0x700c, 0x0826, 0xff0f, 0x1e00, 0x7043, 0x8000,
    0x045c, 0x4497, 0x1c08, 0x3001, 0x1c04, 0x3001, 0x1c00, 0x3001,
    0x68d5, 0x706c, 0x2684, 0x1001, 0x724c, 0xd907, 0x264f, 0x1640,
    0x0ffa, 0xfecf, 0xc20e, 0x1c08, 0x3001, 0x1c04, 0x3001, 0x1c00,
    0x3001, 0x706c, 0xd907, 0x40c1, 0x0fe2, 0xfecf, 0xc22b, 0x1c08,
    0x3001, 0x1c04, 0x3001, 0x1c00, 0x3001, 0x2b6f, 0x040f, 0x712c,
    0x40c3, 0x0004, 0x0004, 0x0fc6, 0xfecf, 0x1c08, 0x3041, 0x1c04,
    0x3001, 0x1c00, 0x3001, 0x706c, 0x744c, 0xd907, 0x264f, 0x13c0,
    0x0faa, 0xfecf, 0x1e00, 0x7003, 0x8000, 0x045c, 0x1c08, 0x3001,
    0x1c04, 0x3001, 0x1c00, 0x3001, 0x706c, 0xda10, 0xd907, 0x40c1,
    0x0f8a, 0xfecf, 0x1c08, 0x3001, 0x1c04, 0x3001, 0x1c00, 0x3001,
    0x706c, 0x744c, 0xd907, 0x264f, 0x11c0, 0x46cb, 0x9003, 0xe14e,
    0x0f6a, 0xfecf, 0x1e00, 0x1f84, 0x0000, 0x6300, 0xd808, 0x712c,
    0x0992, 0xfa4f, 0xb6e0, 0x1600, 0x710e, 0x8000, 0x0438, 0x1600,
    0x7080, 0x8000, 0x0001, 0x7ed0, 0xb8e2, 0x27ca, 0x1021, 0x04a2,
    0x0001, 0x712c, 0x40c1, 0x096e, 0xfa4f, 0x4487, 0x702c, 0x0872,
    0xfa8f, 0x724c, 0x702c, 0x2455, 0x3840, 0x0cf6, 0xfa8f, 0xc00a,
    0x716c, 0x704c, 0x2455, 0x3841, 0x485a, 0x78a5, 0xc04f, 0x0b4e,
    0xfa8f, 0x1e00, 0x7005, 0x9003, 0xe14e, 0x084e, 0xfa4f, 0x46cb,
    0x8000, 0x0b66, 0x4508, 0x8e00, 0x4487, 0x0cfe, 0xfa0f, 0x1600,
    0x7080, 0x8000, 0x0106, 0xb8e0, 0x039e, 0x0002, 0x8e00, 0xc00a,
    0x704c, 0x712c, 0x0aa2, 0xfa8f, 0x0e6a, 0xfa0f, 0x1600, 0x7080,
    0x8000, 0x0403, 0x71a5, 0x262f, 0xf007, 0xbda0, 0xf413, 0x0a62,
    0xfa4f, 0x1c08, 0x3001, 0x1c04, 0x3001, 0x1c00, 0x3001, 0xd907,
    0x706c, 0x744c, 0x700c, 0x0ea6, 0xfecf, 0x712c, 0x700c, 0x08d6,
    0xfa4f, 0x0a3e, 0xfa4f, 0x714c, 0x752c, 0x700c, 0x0e9a, 0xfb4f,
    0x0f92, 0xfb4f, 0x712c, 0x700c, 0x08ba, 0xfa4f, 0x41c3, 0x9004,
    0x0088, 0x9100, 0xe51e, 0x1c5a, 0x3004, 0xc009, 0x7214, 0x22ca,
    0x00e1, 0x22ca, 0x00a2, 0xb140, 0x20ca, 0x0f81, 0x0000, 0x0201,
    0x70df, 0x0000, 0x0402, 0x2305, 0x3f81, 0x9004, 0x007a, 0xb100,
    0x2305, 0x3f9b, 0x9004, 0x007c, 0x1b00, 0x3004, 0x40c3, 0x9004,
    0x0084, 0x9020, 0x714c, 0x1c44, 0x3044, 0xc111, 0xb987, 0xb020,
    0xc00a, 0x712c, 0x09f2, 0xfa8f, 0x0c82, 0xfb4f, 0x1e00, 0x7fc5,
    0x9003, 0xe172, 0x780b, 0x1e00, 0x7fc5, 0x9003, 0xe174, 0x20ca,
    0x0f81, 0x0000, 0x00ff, 0x70df, 0x0000, 0x01ff, 0x0b46, 0xfecf,
    0x1e00, 0x7045, 0x900f, 0xe0c0, 0x1e00, 0x7005, 0x9003, 0xff7c,
    0x0c4a, 0xfa4f, 0x0b32, 0xf98f, 0x78af, 0xc04b, 0x1600, 0x7100,
    0x9004, 0x0084, 0xb8c6, 0x4508, 0x780b, 0x25ca, 0x1061, 0x7db0,
    0x6d12, 0x255a, 0x10db, 0xc04c, 0x2042, 0x004e, 0x2602, 0x96ce,
    0x001c, 0x0003, 0x448f, 0x212f, 0x06ca, 0xc20c, 0x7104, 0x201f,
    0x008e, 0x663e, 0x262f, 0x9386, 0x07f2, 0xffc4, 0x0942, 0xfa4f,
    0x255f, 0x128f, 0x1e00, 0x7043, 0x8000, 0x045c, 0x1c04, 0x3001,
    0x1c00, 0x3001, 0x77e5, 0x7fef, 0xc742, 0x706c, 0x704c, 0xd907,
    0x700c, 0x0d7a, 0xfecf, 0x704c, 0x702c, 0xd807, 0x7167, 0x2353,
    0x31db, 0x4363, 0x08f2, 0xff0f, 0x4697, 0xdb0a, 0x41c3, 0x0000,
    0x12c8, 0xd81d, 0x08e2, 0xff0f, 0x4697, 0xdb0a, 0x41c3, 0x0000,
    0x12c8, 0xd81e, 0x08d2, 0xff0f, 0x4697, 0xdb0a, 0x41c3, 0x0000,
    0x12c8, 0xd81f, 0x08c2, 0xff0f, 0xdb0a, 0x704c, 0x41c3, 0x0000,
    0x12c8, 0xd820, 0x08b2, 0xff0f, 0x78cf, 0x704c, 0x4300, 0xc04d,
    0x702c, 0xd807, 0x08a2, 0xff0f, 0xc742, 0x1c04, 0x3001, 0x1c00,
    0x3001, 0x706c, 0x704c, 0xd907, 0x700c, 0x0d02, 0xfecf, 0x1c08,
    0x3241, 0x1c04, 0x3001, 0x1c00, 0x3001, 0x706c, 0x744c, 0xd907,
    0x700c, 0x70cd, 0x0ce6, 0xfecf, 0x4697, 0x41a1, 0x710c, 0x0b9e,
    0xff0f, 0x4697, 0x41a1, 0x700c, 0x0b92, 0xff0f, 0x71c5, 0x0eed,
    0x9211, 0x1c08, 0x3001, 0x1c04, 0x3001, 0x1c00, 0x3001, 0x706c,
    0xda5c, 0xd907, 0x700c, 0x0cb6, 0xfecf, 0xc20b, 0x1c08, 0x3001,
    0x1c04, 0x3001, 0x1c00, 0x3001, 0x2b6f, 0x040f, 0xd92e, 0x40c3,
    0x0004, 0x0004, 0x0c96, 0xfecf, 0xc20b, 0x1c08, 0x3001, 0x1c04,
    0x3001, 0x1c00, 0x3001, 0x2b6f, 0x040f, 0xd92f, 0x40c3, 0x0004,
    0x0004, 0x0c7a, 0xfecf, 0x1c08, 0x3041, 0x1c04, 0x3001, 0x1c00,
    0x3001, 0xd907, 0x706c, 0x744c, 0x710c, 0xb80f, 0x0c5e, 0xfecf,
    0xc00b, 0x6db2, 0x486a, 0x712c, 0x6811, 0x7d02, 0x7dab, 0x01c4,
    0x0004, 0xc742, 0x1c04, 0x3001, 0x1c00, 0x3001, 0x706c, 0x704c,
    0xd907, 0x700c, 0x0c36, 0xfecf, 0x704c, 0x702c, 0xd807, 0x2300,
    0x3343, 0x7b6f, 0x0fb2, 0xfecf, 0x4697, 0xdb0a, 0xd81d, 0xd925,
    0x6937, 0x0fa6, 0xfecf, 0x4697, 0xdb0a, 0xd81e, 0xd925, 0x6937,
    0x0f96, 0xfecf, 0x4697, 0xdb0a, 0xd81f, 0xd925, 0x6937, 0x0f8a,
    0xfecf, 0xdb0a, 0x704c, 0xd820, 0xd925, 0x6937, 0x0f7a, 0xfecf,
    0xc30d, 0x704c, 0x702c, 0xd807, 0x0f6e, 0xfecf, 0xc742, 0x1c04,
    0x3001, 0x1c00, 0x3001, 0x706c, 0x704c, 0xd907, 0x700c, 0x0bce,
    0xfecf, 0x1e00, 0x7003, 0x8000, 0x045c, 0x1cd4, 0x3001, 0x1cd8,
    0x3001, 0x1c53, 0x3019, 0x1c54, 0x3019, 0x1c30, 0x3001, 0x1c34,
    0x32c1, 0x700c, 0x712c, 0x0dde, 0xfa0f, 0x1600, 0x708d, 0x8000,
    0x0b68, 0x1600, 0x7080, 0x8000, 0x0b69, 0x7daf, 0x780f, 0xc054,
    0xc014, 0x7510, 0x010c, 0x000e, 0x09e2, 0xfa4f, 0x08ca, 0xf98f,
    0xc00d, 0x2080, 0x8fff, 0xc04d, 0xf5e5, 0x145a, 0x3100, 0x1e00,
    0x7004, 0x9004, 0x0088, 0x1444, 0x3100, 0x1e00, 0x7004, 0x9004,
    0x0084, 0x09ba, 0xfa0f, 0xc00a, 0x704c, 0x702c, 0x0f1a, 0xfa4f,
    0x4487, 0x0956, 0xfa0f, 0x702c, 0x700c, 0x09b2, 0xfa8f, 0x1e00,
    0x7005, 0x9003, 0xe160, 0x1e00, 0x7005, 0x9003, 0xe162, 0x0ed2,
    0xfa0f, 0x714c, 0x752c, 0x700c, 0x0b2e, 0xfb4f, 0x712c, 0x700c,
    0x0d52, 0xfa0f, 0x700c, 0x095a, 0xff0f, 0x0eb6, 0xfa0f, 0x1c08,
    0x3001, 0x1c04, 0x3001, 0x1c00, 0x3001, 0x706c, 0x744c, 0xd907,
    0x700c, 0x0afa, 0xfecf, 0x4497, 0xc20e, 0xc041, 0x1c08, 0x3001,
    0x1c00, 0x3001, 0x2b6f, 0x040f, 0x732c, 0x710c, 0xb810, 0x0ade,
    0xfecf, 0x1c08, 0x3001, 0x1c04, 0x3001, 0x1c00, 0x3001, 0x706c,
    0x744c, 0xd907, 0xd880, 0x0ac6, 0xfecf, 0x712c, 0x700c, 0x0cf6,
    0xfa0f, 0x0806, 0xf98f, 0x0c9e, 0xfa8f, 0x704c, 0xd90f, 0x2400,
    0x3f80, 0x0000, 0x01c4, 0x0fee, 0xfe4f, 0x00ef, 0xff8f, 0x712c,
    0x40c1, 0x0cd2, 0xfa0f, 0x71e5, 0x0ff7, 0x9291, 0x035f, 0xffcf,
    0xc20c, 0x7124, 0x221a, 0x004d, 0x7d02, 0x7dae, 0x0631, 0xffcf,
    0x2400, 0x3f80, 0x0000, 0x02b4, 0x2014, 0x0341, 0x1110, 0x8700,
    0xe89d, 0x2d40, 0x1340, 0x2005, 0x0f80, 0x9002, 0x016e, 0xc050,
    0x9000, 0x114c, 0x8702, 0x232f, 0x3008, 0xc00f, 0x2d40, 0x130e,
    0x7e05, 0x6ed1, 0x264f, 0x1440, 0xb89c, 0xb89f, 0x9000, 0x7810,
    0xea07, 0x0b1f, 0x3011, 0x1910, 0x805d, 0x71a5, 0xf152, 0xc10d,
    0x090f, 0x02d1, 0xc20c, 0x2378, 0x3001, 0x7a25, 0xc24c, 0x2044,
    0x0fc1, 0xc14b, 0xb826, 0x2605, 0x1f8e, 0x9002, 0x1e00, 0x7204,
    0x68f6, 0x7f25, 0x0817, 0x0555, 0xb6e0, 0x2400, 0x3f80, 0x0000,
    0x02b4, 0x78b4, 0x184c, 0x86dc, 0xf1e1, 0xc10c, 0xe92b, 0xc109,
    0x2809, 0x0040, 0xe827, 0xc00b, 0xb600, 0x0842, 0xfa4f, 0x0f2a,
    0xf94f, 0x700c, 0x712c, 0x0c0e, 0xfa0f, 0xc010, 0x9000, 0x262f,
    0xf008, 0xf20b, 0xb6e0, 0x2400, 0x3f80, 0x0000, 0x02b4, 0x78b4,
    0x1810, 0x805d, 0xf1c3, 0xd855, 0xb813, 0x0e4a, 0xff0f, 0xc00b,
    0xb600, 0x2400, 0x3f80, 0x0000, 0x02b4, 0x78b4, 0x184c, 0x801d,
    0xf1b5, 0xd855, 0xb813, 0x0e2e, 0xff0f, 0xf1c8, 0x448f, 0x7dab,
    0xb8a0, 0x22ca, 0x0f81, 0x0000, 0x00ff, 0x72df, 0x0000, 0x01ff,
    0x7614, 0x79c0, 0xf419, 0x1600, 0x7080, 0x8000, 0x00e4, 0x262f,
    0xf007, 0xf412, 0x1600, 0x7080, 0x8000, 0x00e5, 0x262f, 0xf007,
    0xf40a, 0x1600, 0x7080, 0x8000, 0x00e6, 0x262f, 0xf007, 0x21ca,
    0x0121, 0xf203, 0xd907, 0xc312, 0xc008, 0x0f9e, 0xfc8f, 0x078b,
    0xff4f, 0x1600, 0x7083, 0x8000, 0x0062, 0x1600, 0x7082, 0x8000,
    0x0072, 0x1600, 0x7081, 0x8000, 0x0096, 0x7b6f, 0x2b41, 0x0180,
    0xbb27, 0x792f, 0x7865, 0xba25, 0x2941, 0x0183, 0x2606, 0x7082,
    0x0000, 0x0001, 0x6935, 0x2184, 0x0008, 0x7865, 0x726c, 0xb8c0,
    0x2005, 0x80be, 0x22ca, 0x0f81, 0x0000, 0x00ff, 0x72df, 0x0000,
    0x01ff, 0x7a25, 0x702c, 0xf1d2, 0x4487, 0x2400, 0x3f81, 0x0000,
    0x023c, 0x0f32, 0xfb8f, 0x0723, 0xff4f, 0x1600, 0x700f, 0x8000,
    0x041c, 0x1600, 0x7080, 0x8000, 0x0008, 0x706f, 0x202f, 0x06c8,
    0x712c, 0xb809, 0x2900, 0x06c1, 0x70c3, 0x9003, 0xe17c, 0xb020,
    0x7167, 0x0bed, 0xb251, 0x700c, 0x0f22, 0xfa0f, 0x40c3, 0x0000,
    0x5555, 0xc040, 0x4300, 0x4200, 0x4100, 0xd8ff, 0x0d96, 0xfe8f,
    0xd95a, 0x40c3, 0x0000, 0xe700, 0x0d3a, 0xfe8f, 0x6ff1, 0x2705,
    0x1f80, 0x9003, 0xe00a, 0x1800, 0x0045, 0x2705, 0x1f80, 0x9003,
    0xe016, 0x1800, 0x0085, 0x0ec6, 0xfa0f, 0x4487, 0x75cd, 0x7dab,
    0x7e18, 0x23ca, 0x3221, 0xf20f, 0x1e00, 0x7005, 0x900f, 0xe1ae,
    0x1600, 0x7100, 0x900e, 0x0022, 0xb884, 0x1e00, 0x7004, 0x900f,
    0xe022, 0x208a, 0x0004, 0x2705, 0x1f81, 0x9003, 0xfe24, 0xb100,
    0x2705, 0x1f81, 0x9003, 0xfe26, 0xb100, 0x2705, 0x1f81, 0x9003,
    0xfe20, 0xb100, 0x2705, 0x1f8f, 0x9003, 0xfe22, 0xb700, 0x096e,
    0xfa8f, 0x09f2, 0xfa8f, 0xc640, 0x706c, 0x704c, 0xd955, 0xd855,
    0x09b6, 0xfa4f, 0x702c, 0x40c1, 0x0c2e, 0xfa0f, 0x712c, 0xd860,
    0x0a22, 0xfa0f, 0x208a, 0x0fc7, 0x1e00, 0x7004, 0x9003, 0xe166,
    0x1e00, 0x7004, 0x9003, 0xe168, 0x1600, 0x7100, 0x9002, 0x0160,
    0x2045, 0x0c00, 0x1e00, 0x7004, 0x9003, 0xe160, 0x1e00, 0x7045,
    0x9003, 0xe162, 0x1600, 0x7080, 0x8000, 0x0b68, 0xc06a, 0x1600,
    0x7080, 0x8000, 0x0b69, 0xc12a, 0x780f, 0xc049, 0xc009, 0x7110,
    0x0112, 0x000e, 0x702c, 0x40a1, 0x0a22, 0xfb0f, 0x270a, 0x9000,
    0xf29c, 0x1600, 0x708d, 0x8000, 0x00e6, 0x252f, 0x9347, 0xf29a,
    0x081e, 0xfa4f, 0x1600, 0x708d, 0x8000, 0x00e6, 0xc746, 0x7daf,
    0xc640, 0x43a1, 0x42a1, 0xd9ac, 0xd853, 0x091e, 0xfa4f, 0x712c,
    0x40c1, 0x0b96, 0xfa0f, 0x770c, 0xb8cf, 0x0dd2, 0xfa0f, 0x40c3,
    0x0000, 0xac53, 0xc040, 0x4300, 0x4200, 0x4100, 0xd80f, 0x0c46,
    0xfe8f, 0xef20, 0xed1e, 0x70cd, 0x2d02, 0x1383, 0xbbc0, 0x7b73,
    0x2307, 0x0f83, 0xffff, 0xac53, 0x7b70, 0xc340, 0x40c1, 0x4260,
    0x4160, 0x0c22, 0xfe8f, 0x71c5, 0x0ee1, 0x9211, 0x40c3, 0x0000,
    0xac53, 0xc040, 0x4300, 0x4200, 0x4100, 0xd808, 0x0c06, 0xfe8f,
    0x1e00, 0x7005, 0x900f, 0xe1ae, 0x1e00, 0x7005, 0x900f, 0xe1ac,
    0x70ad, 0x712c, 0xd808, 0x091e, 0xfa0f, 0xc22a, 0xc009, 0x089b,
    0x0085, 0x0d3a, 0xfa0f, 0x71a5, 0x0deb, 0x9811, 0x4497, 0x780b,
    0x20e2, 0x0f82, 0x0000, 0x250c, 0x704c, 0x712c, 0x2455, 0x3840,
    0x0c8e, 0xfa4f, 0x4487, 0x0c12, 0xf94f, 0x2455, 0x3841, 0x706c,
    0x714c, 0x484c, 0x0ae6, 0xfa4f, 0x1e00, 0x7005, 0x9003, 0xe14e,
    0x1e00, 0x7005, 0x9003, 0xe162, 0x087a, 0xfa8f, 0x702c, 0x00d5,
    0xff8f, 0x2940, 0x034c, 0x704c, 0x2a40, 0x0240, 0x7885, 0x2005,
    0x0f80, 0x9002, 0x0154, 0x9060, 0x7b70, 0x2356, 0x010f, 0x278b,
    0x900f, 0xf206, 0x2300, 0x0f8f, 0x0000, 0x03e0, 0xb0e0, 0x7144,
    0x0ad9, 0x86c4, 0x7124, 0xf15c, 0x1c18, 0x3001, 0x70ad, 0xf172,
    0x1c18, 0x3001, 0xf16e, 0x2200, 0x0f83, 0x0000, 0x0174, 0x2a40,
    0x034c, 0x7b70, 0x702c, 0x2940, 0x0240, 0x7885, 0x2005, 0x0f80,
    0x9002, 0x016e, 0x90c0, 0x4497, 0x780b, 0x20ca, 0x0041, 0xf20b,
    0xe188, 0x20ca, 0x0221, 0xf207, 0x2116, 0x00c0, 0xb89f, 0x8800,
    0x780f, 0x262f, 0xf388, 0xf20c, 0xb809, 0x7885, 0x2005, 0x0f80,
    0x9002, 0x0154, 0x90c0, 0x2696, 0x1002, 0xb0c0, 0x7124, 0x09bb,
    0x86c4, 0x7144, 0xf184, 0xdb11, 0xc108, 0x4487, 0x42a1, 0x0f5e,
    0xfbcf, 0x0427, 0xff4f, 0xdb12, 0xf1f8, 0x228a, 0x0807, 0x702c,
    0x2455, 0x3d40, 0x0aee, 0xf94f, 0x1600, 0x7000, 0x8000, 0x041c,
    0x71ad, 0x6811, 0x2005, 0x0f81, 0x9004, 0x0054, 0x1900, 0x0045,
    0x2005, 0x0f81, 0x9004, 0x0082, 0x1900, 0x0045, 0x2005, 0x0f80,
    0x9004, 0x000e, 0xc04c, 0x9000, 0xc10c, 0x1c40, 0x3004, 0xc010,
    0xb888, 0xb100, 0x1600, 0x7080, 0x8000, 0x0b68, 0x752c, 0x232f,
    0x3007, 0x4487, 0x1600, 0x708e, 0x8000, 0x0101, 0x7d18, 0x40a1,
    0x0b56, 0xfb8f, 0x4487, 0x459f, 0x7ecf, 0x2114, 0x0000, 0xc04f,
    0x2340, 0x3040, 0x780f, 0xc04a, 0xc00f, 0x2611, 0x9000, 0x0230,
    0x0001, 0xc00a, 0x1c28, 0x36c0, 0x4587, 0x0a3a, 0xfa4f, 0xc04b,
    0x7114, 0x0222, 0x0002, 0x762c, 0x40a1, 0x0b1e, 0xfb8f, 0x4587,
    0x710c, 0x0a22, 0xfa4f, 0x2078, 0x01c0, 0xc04d, 0x4487, 0x46cb,
    0x8000, 0x0458, 0x75ad, 0x7d18, 0x208a, 0x080c, 0xb600, 0x1e00,
    0x7004, 0x8000, 0x045e, 0xc541, 0x1c08, 0x3001, 0x1c00, 0x3001,
    0x238a, 0x0008, 0xda0c, 0x752c, 0xd809, 0xb813, 0x0cee, 0xfe8f,
    0xc541, 0x1c08, 0x3001, 0x1c00, 0x3681, 0x736c, 0x724c, 0x762c,
    0x700c, 0x0cda, 0xfe8f, 0x0dc6, 0xfb0f, 0xc541, 0x1c08, 0x3001,
    0x1c00, 0x3681, 0x716c, 0x724c, 0x762c, 0x700c, 0x0cbe, 0xfe8f,
    0x0daa, 0xfb0f, 0xc541, 0x1c08, 0x3001, 0x1c00, 0x3681, 0x706c,
    0x724c, 0x762c, 0x700c, 0x0ca6, 0xfe8f, 0x704c, 0xd922, 0x700c,
    0x0ca6, 0xfb0f, 0xc541, 0x1c08, 0x3001, 0x1c00, 0x3001, 0x238a,
    0x000e, 0x744c, 0x752c, 0x700c, 0x0c82, 0xfe8f, 0x1c08, 0x3001,
    0x1c04, 0x3001, 0x1c00, 0x3001, 0xd907, 0x706c, 0x744c, 0x40c3,
    0x0008, 0x0080, 0x0c66, 0xfe8f, 0x9600, 0x456b, 0x7810, 0xb822,
    0x7704, 0x7810, 0xc046, 0x1600, 0x7080, 0x8000, 0x0b69, 0x4163,
    0x780f, 0xc049, 0xc009, 0x7110, 0x0132, 0x000e, 0x70ed, 0x2700,
    0x1f80, 0x0000, 0x098c, 0xb89f, 0x8800, 0x7e0f, 0x6e34, 0xb8c3,
    0x7825, 0x4597, 0x780f, 0x0eea, 0xfb0f, 0xd8c8, 0x0e26, 0xf9cf,
    0x4497, 0x0e3a, 0xf9cf, 0x712c, 0x700c, 0x0cce, 0xf9cf, 0x4597,
    0x700c, 0x0ece, 0xfb0f, 0x4497, 0xd91a, 0x09ee, 0xfb8f, 0x2644,
    0x11c0, 0x0f0b, 0x1215, 0x7ed3, 0x78cd, 0x4587, 0xc04e, 0xc00b,
    0x08e2, 0xfa4f, 0x459f, 0x4687, 0x4608, 0x1600, 0x7080, 0x8000,
    0x001c, 0x2214, 0x0041, 0x780f, 0x080f, 0x0046, 0xc00a, 0x4140,
    0x08c2, 0xfa4f, 0x7e05, 0x4063, 0xc109, 0x09d3, 0x0005, 0x71e5,
    0x0f7f, 0x93d1, 0x466b, 0xc009, 0x70d1, 0x021e, 0x0006, 0xc009,
    0x70b1, 0x2400, 0x3f80, 0xffff, 0xfeb4, 0x0248, 0x0006, 0xc10a,
    0x2400, 0x3f82, 0xffff, 0xfeb4, 0x6971, 0x6078, 0x10e4, 0x0740,
    0x6279, 0x7014, 0x20ce, 0x002c, 0x20cf, 0x00e9, 0x19e4, 0x001c,
    0xc00b, 0x6831, 0x6238, 0x10e4, 0x0740, 0x6159, 0x7014, 0x20ce,
    0x002c, 0x20cf, 0x00e9, 0x19e4, 0x001c, 0x627a, 0x4597, 0x12e4,
    0x070d, 0xb8c3, 0x6db4, 0x7d05, 0x78af, 0x0e16, 0xfb0f, 0xc00f,
    0x2094, 0x0fd6, 0xb89f, 0xa8a0, 0x4487, 0x205a, 0x0141, 0x449f,
    0x2194, 0x0a41, 0x205a, 0x0140, 0x2114, 0x0000, 0xb89f, 0xc10c,
    0xa8a0, 0x1440, 0x3100, 0xb100, 0x016f, 0xff4f, 0x4063, 0x05dd,
    0xffcf, 0x1c34, 0x3001, 0x05f9, 0xffcf, 0xc20d, 0x2400, 0x3f80,
    0xffff, 0xfeb4, 0x7834, 0x7124, 0x18d8, 0x001d, 0x18d4, 0x001d,
    0x18dc, 0x001d, 0x18e0, 0x009c, 0xf156, 0xc10b, 0x205a, 0x03cc,
    0x2400, 0x3f8b, 0x0000, 0x02b4, 0x2400, 0x13ca, 0x2314, 0x128a,
    0x2139, 0x0001, 0x6931, 0x6943, 0x7224, 0x2e01, 0x1082, 0x2e01,
    0x1041, 0x2244, 0x0043, 0xb9c0, 0x1a88, 0x90c4, 0x1a10, 0x9044,
    0x2400, 0x3f8a, 0xffff, 0xfeb4, 0x2214, 0x100a, 0x12dc, 0x170b,
    0xc243, 0x0b2b, 0x1040, 0x12d4, 0x170b, 0x2400, 0x3f9e, 0x0000,
    0x02b4, 0x7461, 0x2614, 0x330c, 0x1438, 0x301e, 0x7165, 0x1adc,
    0x105c, 0x1c10, 0x979c, 0x1ad4, 0x12dc, 0x2400, 0x3f8c, 0xffff,
    0xfeb4, 0x7c14, 0x14e0, 0x170a, 0x0a2f, 0x10c0, 0x14d8, 0x170b,
    0x2400, 0x3f9e, 0x0000, 0x02b4, 0x205a, 0x03ca, 0x2200, 0x12ca,
    0x2614, 0x328a, 0x1438, 0x301e, 0x7165, 0x1ce0, 0x10dc, 0x1a4c,
    0x979c, 0x1cd8, 0x12dc, 0x0f5b, 0x1391, 0x2400, 0x3f8a, 0xffff,
    0xfeb4, 0x2214, 0x100b, 0x13d4, 0x170c, 0xeca5, 0x792b, 0x205a,
    0x0781, 0x24ca, 0x11e1, 0x74df, 0xffff, 0xfff9, 0x2195, 0x0642,
    0xc294, 0x6159, 0x1910, 0x831c, 0x2214, 0x100a, 0x12d8, 0x1701,
    0xe9a3, 0x205a, 0x0781, 0x7b6b, 0x2195, 0x0642, 0x22ca, 0x01e1,
    0x72df, 0xffff, 0xfff9, 0xc394, 0x6179, 0x194c, 0x809c, 0x7104,
    0xf114, 0xe9ec, 0x0cd5, 0x9050, 0x205a, 0x03c1, 0x6199, 0x2400,
    0x3f9e, 0x0000, 0x02b4, 0x2614, 0x3041, 0x1910, 0x81dd, 0x6c21,
    0x1bd4, 0x105c, 0xf1da, 0x09db, 0x8050, 0xc30d, 0x429f, 0x2347,
    0x0043, 0xbac0, 0x0bcb, 0x8080, 0x205a, 0x03c2, 0x623a, 0x2400,
    0x3f83, 0x0000, 0x02b4, 0x7124, 0x2314, 0x0082, 0x1ad8, 0x105c,
    0x1a4c, 0x81dd, 0xf1d5, 0x265f, 0x178f, 0xdb0f, 0x41c3, 0x014b,
    0x000f, 0x740c, 0x2400, 0x3f82, 0x0000, 0x01c4, 0x62fa, 0x0b9a,
    0xf98f, 0xdb0f, 0x2400, 0x3f82, 0x0000, 0x023c, 0x41c3, 0x014d,
    0x000f, 0x62fa, 0x740c, 0x71c5, 0x0b7e, 0xf98f, 0x05ab, 0xffcf,
    0x78b4, 0x10d4, 0x0702, 0x0a3f, 0x0094, 0x255a, 0x1781, 0x2100,
    0x0f80, 0x0000, 0x0264, 0x7744, 0xc194, 0x6039, 0x255a, 0x13c0,
    0x6058, 0x2400, 0x3f82, 0x0000, 0x02b4, 0x2214, 0x0000, 0x1110,
    0x8702, 0x1010, 0x8700, 0x6058, 0x780e, 0x2844, 0x0080, 0x1910,
    0x801c, 0x2400, 0x3f80, 0xffff, 0xfeb4, 0x78b4, 0x10d8, 0x0702,
    0x0a3d, 0x0094, 0x255a, 0x1781, 0x2100, 0x0f80, 0x0000, 0x0264,
    0x7744, 0xc194, 0x6039, 0x255a, 0x13c0, 0x6058, 0x2400, 0x3f82,
    0x0000, 0x02b4, 0x2214, 0x0000, 0x114c, 0x8702, 0x104c, 0x8700,
    0x6058, 0x780e, 0x2844, 0x0080, 0x194c, 0x801c, 0x255a, 0x1781,
    0x2100, 0x0f80, 0x0000, 0x0264, 0xc194, 0x6039, 0x1110, 0x8700,
    0x114c, 0x8701, 0x2400, 0x3f82, 0xffff, 0xfeb4, 0x6038, 0x780e,
    0x2844, 0x0080, 0x7ab4, 0x71a5, 0x1ae4, 0x001c, 0x04f3, 0xffcf,
    0x1600, 0x7080, 0x8000, 0x0040, 0x72ad, 0x0753, 0xff0f, 0x40a1,
    0x0e7e, 0xfe4f, 0x0dd2, 0xf90f, 0x1600, 0x708f, 0x8000, 0x0b68,
    0x1600, 0x708e, 0x8000, 0x0b69, 0x708d, 0x7ecf, 0x2454, 0x154a,
    0x7bef, 0x2c40, 0x108b, 0x0e11, 0x10c5, 0x7c8b, 0x0726, 0xff02,
    0x718d, 0xf1f6, 0x1600, 0x701b, 0x8000, 0x041c, 0x2b40, 0x0300,
    0x2205, 0x16c2, 0x7a05, 0x6a51, 0x2274, 0x0f9e, 0x9002, 0x0000,
    0x2300, 0x02c1, 0xc244, 0x2653, 0x33de, 0x2400, 0x3f82, 0x0000,
    0x02b4, 0x2214, 0x0041, 0x1988, 0x8784, 0x0c35, 0x1051, 0x2214,
    0x00c1, 0x1188, 0x8101, 0x2005, 0x06c0, 0x6811, 0x70c3, 0x9002,
    0x0054, 0x2100, 0x0781, 0x2941, 0x01de, 0x793d, 0x2e40, 0x319e,
    0xb9c5, 0x2105, 0x0781, 0xb020, 0x4487, 0xb020, 0x7164, 0xf1c5,
    0x448f, 0x2042, 0x0440, 0x7114, 0x06b6, 0xff0d, 0x1600, 0x7080,
    0x8000, 0x0001, 0xb8e6, 0x06aa, 0xff01, 0x1600, 0x7080, 0x8000,
    0x0b68, 0x1600, 0x7081, 0x8000, 0x0b69, 0x780f, 0x792f, 0xc144,
    0x1600, 0x7101, 0x8000, 0x0428, 0x1600, 0x700a, 0x8000, 0x041c,
    0x7930, 0xc145, 0x41c3, 0x9002, 0x0000, 0x4687, 0x7050, 0x0672,
    0xff0d, 0x2000, 0x0f8d, 0x1000, 0x1cf3, 0x6db3, 0x9580, 0x9540,
    0x7c90, 0x7a50, 0x70cd, 0x478f, 0x0e85, 0x10c4, 0x629a, 0x6a79,
    0x234e, 0x0302, 0x6a94, 0x2404, 0x1f8c, 0x000f, 0xfff0, 0x7c65,
    0xc446, 0xbacf, 0x6b74, 0x2840, 0x030e, 0x7a65, 0x2605, 0x128e,
    0x264a, 0x3000, 0x238a, 0x3881, 0x238a, 0x1901, 0x2205, 0x16c3,
    0x21f4, 0x00cd, 0x2205, 0x12c3, 0x21f4, 0x00cc, 0x4797, 0x2584,
    0x100c, 0x2484, 0x100c, 0x7d65, 0x7c45, 0x70ed, 0x2700, 0x16c3,
    0x7bc5, 0x2114, 0x00c3, 0xb3a0, 0x2700, 0x12c3, 0x7bc5, 0x2114,
    0x00c3, 0xb380, 0x6f61, 0x71ed, 0x0be5, 0x8091, 0x2640, 0x3043,
    0x264a, 0x3040, 0x0b29, 0x0091, 0x7104, 0xf1b1, 0x7bd0, 0x25f4,
    0x10c3, 0x71c5, 0x7b70, 0x4768, 0x7391, 0x27ca, 0x1305, 0x7cf0,
    0x4768, 0x7350, 0x27ca, 0x108d, 0x7af0, 0xf1af, 0x238a, 0x3781,
    0x238a, 0x1801, 0xf1c4, 0x78e0, 0xc0f1, 0xc5e1, 0x71ad, 0xbd1f,
    0x158e, 0x1080, 0x1d14, 0x1105, 0x204b, 0x80c0, 0xf20e, 0x700c,
    0x0c06, 0xff0f, 0x720c, 0x089e, 0xf94f, 0x1d14, 0x1f84, 0xffff,
    0x8004, 0xc5c1, 0xc0d1, 0x7ee0, 0xd810, 0x0bee, 0xff0f, 0x750c,
    0xf1f3, 0x78e0, 0xc0f1, 0xc5e1, 0x71ad, 0xbd1f, 0x1d14, 0x1085,
    0x710c, 0x0bd6, 0xff0f, 0x710c, 0x086a, 0xf94f, 0x1d14, 0x1f84,
    0xffff, 0x8002, 0xc5c1, 0xc0d1, 0x7ee0, 0x78e0, 0xc0f1, 0xc6e1,
    0xc5e1, 0x71ad, 0xbd1f, 0x9523, 0x1d14, 0x1205, 0x7930, 0x0e4d,
    0x7045, 0x0000, 0x0c7f, 0xe8a2, 0x8d2d, 0xb925, 0x2606, 0x7041,
    0x0000, 0x0001, 0x2500, 0x1f82, 0x0000, 0x0401, 0xaa20, 0x2500,
    0x1f8e, 0x0000, 0x0402, 0x2047, 0x0041, 0xae20, 0x158e, 0x1081,
    0x214b, 0x80c0, 0xf227, 0xe88c, 0x750c, 0x0b6e, 0xff0f, 0x740c,
    0x0b66, 0xff0f, 0x730c, 0xf013, 0x702c, 0xf1e6, 0xd883, 0xb812,
    0x0df2, 0xfe4f, 0x780b, 0x20ca, 0x01e1, 0x20e2, 0x0f81, 0x0000,
    0xc964, 0x760c, 0x0b42, 0xff0f, 0xd8fd, 0x0fda, 0xf90f, 0x1e00,
    0x1003, 0x1d14, 0x1f84, 0xffff, 0x8008, 0xc5c1, 0xc6c1, 0xc0d1,
    0x7ee0, 0xe8f4, 0xf1e0, 0x78e0, 0x2114, 0x1f22, 0x0020, 0x5a3c,
    0xff00, 0xa536, 0xaaaa, 0xa536, 0xb2b2, 0x8241, 0x0000, 0x5a3c,
    0x7f00, 0x0000, 0x0000, 0x007f, 0x007f, 0x7f7f, 0x7f7f, 0x7f00,
    0x0000, 0x007f, 0x0000, 0x7f00, 0x7f7f, 0x7f00, 0x7f7f, 0x007f,
    0x110b, 0x2912, 0x6e33, 0x6f34, 0x704e, 0x714f, 0x7635, 0x7736,
    0x7850, 0x7ad0, 0x7951, 0x7bd5, 0x7cda, 0x9ad1, 0x7ddf, 0x9bd6,
    0x9cdb, 0x9de0, 0xaed2, 0xafd7, 0xb0dc, 0xb1e1, 0xf059, 0x0002,
    0x0003, 0xffb5, 0x0001, 0x0000, 0xf0b5, 0x0001, 0x0001, 0xf0b3,
    0x0001, 0x0000, 0xf0b4, 0x0001, 0x0000, 0xf0b0, 0x0001, 0x0030,
    0xf060, 0x0007, 0x0001, 0xf065, 0x0007, 0x01ff, 0xff26, 0x0007,
    0x0000, 0xff27, 0x0007, 0x0000, 0xf0b1, 0x0001, 0x0182, 0xffaa,
    0x0001, 0x0800, 0xffbe, 0x0001, 0x0000, 0xf0be, 0x0001, 0x0001,
    0xf0a7, 0x0001, 0x0202, 0xf00a, 0x0001, 0x0000, 0xf084, 0x0003,
    0x0000, 0xffb5, 0x0001, 0x0001, 0xf0d7, 0x0007, 0x0000, 0xf0b3,
    0x0001, 0x0000, 0xf0b4, 0x0001, 0x0000, 0xf0b9, 0x0001, 0x0001,
    0xf0ba, 0x0001, 0x0001, 0xf0b0, 0x0001, 0x0000, 0xf0b1, 0x0001,
    0x0002, 0xf060, 0x0007, 0x0005, 0xf065, 0x0007, 0x01ff, 0xf0b1,
    0x0001, 0x0000, 0xffaa, 0x0001, 0x0400,
};

#endif /* _DRAM_SUN60I_A733_FW_H */
